id,text,category
train-01681,What do I have to do to get my PIN unblocked?,pin_blocked
train-01341,How can I get my card to work?,card_not_working
train-03840,I am still waiting for verification.  Can I use my account before I am verified?,why_verify_identity
train-03013,Why haven't I gotten a virtual card yet?,getting_virtual_card
train-07598,How can I transfer money into my account?,transfer_into_account
train-07724,I can't see a verification code anywhere,verify_top_up
train-06298,Will you please help me get my card back?,card_swallowed
train-07389,May I get my salary paid out in a different currency?,receiving_money
train-01127,Can I have my account add money automatically in certain intervals?,automatic_top_up
train-04719,There is a debit paymet that I don't recognize.,direct_debit_payment_not_recognised
train-05094,The purchase I made is still pending.,pending_card_payment
train-01825,Do you receive SWIFT transfers?,top_up_by_bank_transfer_charge
train-07449,I have tried 5 times at this point to complete a transfer that's simply standard. What appears to be the problem? Is your system messed up?,failed_transfer
train-09239,What steps do I have to take to activate my card?,activate_my_card
train-00687,What is this extra fee on my statement.,extra_charge_on_statement
train-09055,Do I need to pay more for exchanging currencies?,exchange_charge
train-04637,There is a strange charge on my debit statement,direct_debit_payment_not_recognised
train-05172,One of my card payments looks like it's stuck but I have made the payment days ago. How long until the payment will be applied to my account?,pending_card_payment
train-06115,The wait for this transfer seems to be taking a very long time.  It is very important that it goes through quickly. Can you please tell me how long it may take?,pending_transfer
train-03571,There's a payment in my history I don't recognize,card_payment_not_recognised
train-04431,"For the disposable cards, what are the restrictions?",disposable_card_limits
train-05528,Can I get my money back on an item?,request_refund
train-08107,Can I order a card?,order_physical_card
train-06502,Can I see the source of my available money?,verify_source_of_funds
train-04938,The ATM keeps declining my Transaction . I tried two different ATMs already Would you please check if everything is okay with my account?,declined_cash_withdrawal
train-04402,How many disposable cards per person?,disposable_card_limits
train-08084,Where can I order a card?,order_physical_card
train-03227,"HI,Accordingly you offer crypto top up but it doesn't seem to be working? Money just disappeared from my account.What should be done now?",top_up_reverted
train-08336,"I was using foreign currency at an ATM, but the rate was typed in wrong.",wrong_exchange_rate_for_cash_withdrawal
train-06792,"My payment was put back, I think.",reverted_card_payment?
train-08681,Please check to see if the band transfer I made a while ago from my UK account has safely arrived.,balance_not_updated_after_bank_transfer
train-08229,I withdrew  money from the ATM and was overcharged.  It said nothing about an extra fee.,wrong_exchange_rate_for_cash_withdrawal
train-07592,Please provide details on how to top up my account using transfer option,transfer_into_account
train-04726,"I notice a transaction a couple of weeks ago in my account, from a seller that I don't recognize. Is there a way we can trace back the information to make sure it was truly something I did?",direct_debit_payment_not_recognised
train-02431,"I asked for $40 and I only received $20, what happened?",wrong_amount_of_cash_received
train-07749,I can't see a top-up top-up verification code.,verify_top_up
train-08423,I would like to know more about what a disposable virtual card is?,get_disposable_virtual_card
train-08048,Where can the cards be delivered?,order_physical_card
train-09395,Why are you charging me for ATM withdrawal? It has always been free before.,cash_withdrawal_charge
train-00461,I was charged the wrong exchange rate on a purchase,card_payment_wrong_exchange_rate
train-01056,I need my card as quick as possible,card_delivery_estimate
train-01049,Can you tell me when my card will arrive?,card_delivery_estimate
train-08470,My top up is not working,top_up_failed
train-06215,"How do I close my account, since I'm dissatisfied?",terminate_account
train-00212,Can I add a card to back into the app?,card_linking
train-04732,There is a direct debit patentp that I haven't authorized.,direct_debit_payment_not_recognised
train-08298,I did not have the right exchange rate applied to my situation of pulling out cash,wrong_exchange_rate_for_cash_withdrawal
train-01058,Is there a specific date it can be delivered by?,card_delivery_estimate
train-03371,I updated by balance with a cheque yesterday but it isn't showing on my account. Did something go wrong?,balance_not_updated_after_cheque_or_cash_deposit
train-02343,Some cash was missing at ATM.,wrong_amount_of_cash_received
train-04508,What do I do if I believe to be a victim of credit card fraud?,compromised_card
train-05599,I have a transfer that was declined.,declined_transfer
train-04751,Please help me regarding a direct debit in the app that I don't recognize.,direct_debit_payment_not_recognised
train-03553,There is a payment I don't recognize,card_payment_not_recognised
train-00036,How long does it take for a new card to ship?,card_arrival
train-08747,I did a bank transfer and my balance isn't current.,balance_not_updated_after_bank_transfer
train-04857,I've forgotten my passcode. Can I reset?,passcode_forgotten
train-03135,Can I use my card for online payments?,card_acceptance
train-05471,How can i get a refund for something i just bought?,request_refund
train-07753,Is the verification number on the top up card,verify_top_up
train-07686,Can you explain to me the way to verify my top up has gone through?,verify_top_up
train-04122,Is there a way I can get a Visa card?,visa_or_mastercard
train-05721,I made a purchase a few weeks ago but wasn't happy with it so recently requested a refund from the supplier.  Can you check where the money is?,Refund_not_showing_up
train-05185,I have made a card payment but it did not completed still showing as pending. Please tell me when it will be completed.,pending_card_payment
train-01696,I forgot my PIN number.,pin_blocked
train-05204,Why would my payment still show as pending?,pending_card_payment
train-05464,Can i have the item refunded?,request_refund
train-00311,What do you use to figure out the exchange rate for the card?,exchange_rate
train-01396,How do I change to a different currency?,exchange_via_app
train-03465,How long does a check take to show up in the account balance?,balance_not_updated_after_cheque_or_cash_deposit
train-06106,"How long does EU transfer take? I bought something online a couple days ago , sent the money immediately online but the seller says it is still not there yet",pending_transfer
train-02679,You advertise no fee when paying with a card then my statement shows a fee.,card_payment_fee_charged
train-06652,I need a quick transfer from China.  How long would that take?,transfer_timing
train-03195,Why won't my top up go through?,top_up_reverted
train-08698,The transfer on my account is not showing up.,balance_not_updated_after_bank_transfer
train-06339,There is a duplicate charge on my account.,transaction_charged_twice
train-00456,I feel as though I have been over charged for the exchange rate on my payment on last Saturday.,card_payment_wrong_exchange_rate
train-05689,How come my refund hasn't appeared on my statement?,Refund_not_showing_up
train-03301,Why is my last cheque deposit taking so long?,balance_not_updated_after_cheque_or_cash_deposit
train-00543,I didn't receive the correct exchange rate for an item that I bought.,card_payment_wrong_exchange_rate
train-07509,"I tried to make a transfer, but it didn't work.",failed_transfer
train-01561,How old do I need to be?,age_limit
train-01606,May I get an account for my daughter?,age_limit
train-09210,I need assistance activating my card?,activate_my_card
train-03191,How does my top-up got cancelled?,top_up_reverted
train-09303,"How long does it take to activate the card, as it does not look like its working?",activate_my_card
train-07312,"I noticed a fee, while banking abroad, that seems different than any I have been charged before. What does this fee mean?",transfer_fee_charged
train-05961,Why wasn't my card payment accepted?,declined_card_payment
train-06697,Will it take more than 3 days for my transfer to reach my account?,transfer_timing
train-07507,What caused my transfer to fail?,failed_transfer
train-05611,Seems like my transfer was declined how come?,declined_transfer
train-05629,I wanted to know why my transaction didn't go through.,declined_transfer
train-04488,My card has been compromised. I see a bunch of online shopping charges that I didn't make. I need to freeze it immediately.,compromised_card
train-00371,What factors determine your exchange rate?,exchange_rate
train-01859,Are there any charges for receiving money?,top_up_by_bank_transfer_charge
train-03282,I am unable to use my top-up on the app. Could you explain this to me?,top_up_reverted
train-03609,where is my unknown payment from?,card_payment_not_recognised
train-01439,What's the procedure with currency exchange?,exchange_via_app
train-01836,Will I be charged for topping up by transfer?,top_up_by_bank_transfer_charge
train-04412,I need more than one disposable card,disposable_card_limits
train-04759,I didn't make the direct debit payment on my account.,direct_debit_payment_not_recognised
train-05898,"Please help me in this, as i was unable to make any payment by my new card,  it was getting declined repeatedly. I am not very happy with this incident.",declined_card_payment
train-02586,Let me know when you charge extra for payments please. I just checked the app earlier when I saw that there was an additional fee on one of the payments that I wasn't warned about before.,card_payment_fee_charged
train-05863,I couldn't pay with my card,declined_card_payment
train-03603,I think that there is a payment on my card that I did not authorize.  I don't recognize the name attached to the transaction.,card_payment_not_recognised
train-07897,How many active cards can I have?,getting_spare_card
train-02830,"I have checked the account information several times to be sure that it is correct, but the in country transfer I did a few days ago still has not appeared! What is the hold up?",transfer_not_received_by_recipient
train-00188,"I want to reactivate my card, I thought I had lost it but found it again this morning.",card_linking
train-06045,the transfer went through but now it has been pending for quite a while. i need this to go through already,pending_transfer
train-08006,I'll send a check to top up my account,top_up_by_cash_or_cheque
train-01442,I would like to change currency,exchange_via_app
train-08465,What is the disposable card for?,get_disposable_virtual_card
train-06570,How can I find out the source of my available cash?,verify_source_of_funds
train-05397,Please help me get a refund?,request_refund
train-08147,Is payment required to get a card of my own?,order_physical_card
train-03455,My cheque is slow to cash,balance_not_updated_after_cheque_or_cash_deposit
train-08693,The balance does not appear to have updated.,balance_not_updated_after_bank_transfer
train-03153,Can i use this card at any store?,card_acceptance
train-02859,Why is my friend not getting a transaction arrival yet?,transfer_not_received_by_recipient
train-09509,"I withdrew money and got a fee, please explain",cash_withdrawal_charge
train-00529,There's an error with the rate that is charged.,card_payment_wrong_exchange_rate
train-06512,Where do my available funds come from?,verify_source_of_funds
train-04829,Is there a way to recover my password?,passcode_forgotten
train-09313,I need to actuate my card.,activate_my_card
train-07975,How do you top up with a cheque?,top_up_by_cash_or_cheque
train-01533,"I lost my card, what do I do now?",lost_or_stolen_card
train-04301,what happened to the money after i put in the wrong info and it got declined,topping_up_by_card
train-02423,Yikes!  I didn't get the amount of money that I requested.  What do I do now?,wrong_amount_of_cash_received
train-09665,"Apple watch top up help, please?",apple_pay_or_google_pay
train-04379,Are there restrictions on disposable virtual cards?,disposable_card_limits
train-02405,"I took out cash from the ATM, but something must have went wrong, My account shows the correct amount of cash I took out, but the ATM didn't give me that amount. How do I get my money back?",wrong_amount_of_cash_received
train-08611,My top-up failed to go through.,top_up_failed
train-04205,How can I get a Visa and Mastercard?,visa_or_mastercard
train-06985,How can I change my PIN?  Help.,change_pin
train-00631,what was the $1 fee i got,extra_charge_on_statement
train-06806,"I have an issue. I bought something within the past one to two weeks and have received one of the products; however, today the total was returned to my account. What's going on here?",reverted_card_payment?
train-02090,Please help revert my transaction from this morning.,cancel_transfer
train-03613,I'm worried that my card has been compromised because I see a payment that I didn't make.,card_payment_not_recognised
train-03029,What do I have to do to get my virtual card?,getting_virtual_card
train-01930,How long will it take for my money to be deposited?,pending_top_up
train-05231,Is there a reason my payment is still pending?,pending_card_payment
train-01192,Is there a limit on auto top-up?,automatic_top_up
train-01413,Can I use this app to exchange currencies?,exchange_via_app
train-07248,Why have I been charged a fee for transferring money?,transfer_fee_charged
train-01761,"My PIN seems to be blocked, help me access it?",pin_blocked
train-09350,"Hello, I have a question concerning an unfamiliar fee that I notice on my account. I see that you guys charge for ATM withdrawal. Never notice this fee until now. Can you please explain?",cash_withdrawal_charge
train-03181,Why would my top up be reverted?,top_up_reverted
train-01124,Can I have money transferred into my account at different intervals along my trip?,automatic_top_up
train-06813,"Hi, I am trying to buy something online, but i think there is some issue in my card. As payment is reverted. Please help me in this as i am facing the same issue from last two weeks.",reverted_card_payment?
train-05474,"I don't want to buy this car anymore, can I cancel the transaction and get a quick refund back?",request_refund
train-02740,Money is not in recipients account.,transfer_not_received_by_recipient
train-04806,I see a direct debit that I didn't authorize,direct_debit_payment_not_recognised
train-06994,Can I change my card PIN?,change_pin
train-08773,Balance is not up to date.,balance_not_updated_after_bank_transfer
train-02349,I got less money than I asked for.,wrong_amount_of_cash_received
train-03099,Can I tell what business will take this card?,card_acceptance
train-03772,I do not feel comfortable verifying my identity.,why_verify_identity
train-00327,What are Interbanks current exchange rates?,exchange_rate
train-00260,I need some help linking my new card.,card_linking
train-02696,You promised no fees but now I've got one. What the hell!?,card_payment_fee_charged
train-00404,"Last Saturday, I was charged extra for the exchange rate on my payment. Is something wrong?",card_payment_wrong_exchange_rate
train-06580,Can I see where my funds come from?,verify_source_of_funds
train-03882,I'm not verifying my identity.,why_verify_identity
train-09578,My card is expiring soon.,card_about_to_expire
train-08514,My credit card seems to have been declined for top up. Why is it not going through? Can you tell me what's going on?,top_up_failed
train-06124,For what reason is my transfer still pending now?,pending_transfer
train-03814,I want to use my account before identity verification,why_verify_identity
train-02781,Why hasn't arrived yet a transaction I did to my friend?,transfer_not_received_by_recipient
train-00589,Why has another fee been placed on my statement?,extra_charge_on_statement
train-05845,I am very upset that i went to use my new card today and it kept getting declined. Why is this happening and what do I do to not have it declined?,declined_card_payment
train-06177,do i have to talk to someone to close an account or can i in the app,terminate_account
train-06590,How can I verify my source of funds?,verify_source_of_funds
train-08236,"Do any of your machines provide cash from my home country? I don't have any money on me and I'm on holiday so I'm concerned. Also, will I be charged anything to do this?",wrong_exchange_rate_for_cash_withdrawal
train-03260,My top-up was just cancelled.,top_up_reverted
train-06044,How long does it take for pending to go through,pending_transfer
train-04165,Please help me get a Visa card.,visa_or_mastercard
train-01860,how much will I be charged for making a transfer?,top_up_by_bank_transfer_charge
train-00042,I ordered my card but it hasn't been delivered yet,card_arrival
train-09335,How can my new card be renewed?,activate_my_card
train-03016,Please explain to me the process of getting a virtual card.,getting_virtual_card
train-02236,Can I increase my top-up maximum?,top_up_limits
train-04832,I forgot my password to get into the app!,passcode_forgotten
train-07543,I need assistance completing a transfer. I'm trying to purchase a flat and need the money for the initial mortgage payment. I keep getting an error and the transfer is not going through. What is going on here?,failed_transfer
train-00275,How do I add my card to the app once I get it?,card_linking
train-00684,"Hello, I see that I have been charged an extra $1 on my app.  Could you please provide me with a reason for this charge?",extra_charge_on_statement
train-00141,I'm still waiting on my new card to be delivered!,card_arrival
train-06776,What happens when a payment is reverted?,reverted_card_payment?
train-00821,How long until I see a cash withdrawal?,pending_cash_withdrawal
train-07147,Could you please explain why I received a message that my transfer is not possible? I've never had any problems making a transfer in the past.,beneficiary_not_allowed
train-02628,Why did I get charged extra?,card_payment_fee_charged
train-04394,Show me the amount of transactions I can do with a disposable card.,disposable_card_limits
train-05997,"Transfers may show up as pending for up to one day while they are processed by one of our payment processors. Then, they will depart for the beneficiary accounts. Please also double-check that you have entered the correct account details. SEPA transfers can take up to two business days, and SWIFT transfers can take up to five business days.",pending_transfer
train-09833,What type of ID do you accept?,verify_my_identity
train-00578,I was charged $1 in a transaction.,extra_charge_on_statement
train-03587,I think there's a purchase at a store that I didn't go to.,card_payment_not_recognised
train-03863,I don't want to verify my identity,why_verify_identity
train-05141,I've made a card payment a couple of days ago now but it looks like the money is stuck. How long does it typically take for the payment to go through?,pending_card_payment
train-00350,What is the present state of the exchange rate?,exchange_rate
train-07078,"I want to transfer money to a beneficiary, but I couldn't.",beneficiary_not_allowed
train-06727,Why has my card payment been reversed?,reverted_card_payment?
train-04220,I hope to get a Visa card,visa_or_mastercard
train-01889,Are SWIFT transfers supported?,top_up_by_bank_transfer_charge
train-01938,It appears my top-up is still pending.,pending_top_up
train-08952,Currency exchanges have any extra fees?,exchange_charge
train-06943,How can I reset my PIN?,change_pin
train-00513,I did not receive the correct amount for the exchange rate.,card_payment_wrong_exchange_rate
train-05738,The refund I asked for isn't showing up,Refund_not_showing_up
train-06898,Where can I update my pin number?,change_pin
train-05993,"How long do transfers take, mine just says pending?",pending_transfer
train-04844,Help!  I forgot my password.,passcode_forgotten
train-07090,The transfer to my account was not allowed.,beneficiary_not_allowed
train-02730,Why hasn't the transaction I did to my friend arrive yet?,transfer_not_received_by_recipient
train-00840,"Hae there, I have a transaction that is in progress despite the fact that the ATM was not working, what do I do to avoid being charged?",pending_cash_withdrawal
train-03839,I don't understand why you want so much of my personal info.,why_verify_identity
train-05104,I made a card payment which is showing me pending.,pending_card_payment
train-00771,"Hi there, earlier today I tried to take money out of an ATM machine, and something wasn't working.  I didn't actually receive the money, but I just checked and it says that the transaction is still pending.  Can you tell me what's going on here? Am I still being charged for the withdrawal even though I didn't end up getting any money?",pending_cash_withdrawal
train-03865,Why does my identity need verification?,why_verify_identity
train-01496,Can you send me a new card and block my current one. I'm in Spain and my wallet was stolen.,lost_or_stolen_card
train-00571,Why is there an extra fee on my statement?,extra_charge_on_statement
train-03111,Do you know which businesses will accept my card?,card_acceptance
train-00373,I would like to know what your exchange rates are.,exchange_rate
train-09214,What is needed to activate my card?,activate_my_card
train-07175,My transaction went through but I was charged a fee. Why?,transfer_fee_charged
train-08349,I was charged an incorrect exchange rate for a withdrawal.,wrong_exchange_rate_for_cash_withdrawal
train-04021,I cannot see the card PIN anywhere?,get_physical_card
train-07770,this verifying the top up is annoying,verify_top_up
train-03494,I have an unusual payment in my statement,card_payment_not_recognised
train-08326,I thought I was going to receive more currency?,wrong_exchange_rate_for_cash_withdrawal
train-02989,"Do I have to top up in euros if I use a card, or can I use a different currency?",supported_cards_and_currencies
train-06826,I think my card payment was reverted,reverted_card_payment?
train-04548,What ATMs take this card?,atm_support
train-07236,This isn't fair! I thought transfers could be made for free. I just made  a purchase online from abroad and now see some strange fee that I've never seen before.,transfer_fee_charged
train-00344,"When exchanging, how much are the rates?",exchange_rate
train-08466,I have heard about these disposable virtual cards but don't understand how they work.,get_disposable_virtual_card
train-01686,I cannot try my PIN anymore.,pin_blocked
train-08719,When does a UK transfer show up?,balance_not_updated_after_bank_transfer
train-07113,Why is a transfer to a beneficiary not possible?,beneficiary_not_allowed
train-00864,"I Withdrew cash from an ATM earlier but it shows up as pending in the app. How can this still be pending, I received the cash already?",pending_cash_withdrawal
train-09946,what countries can i use my card in,country_support
train-05789,My refund has not shown up in my account.   Where is it?,Refund_not_showing_up
train-02010,My top up is still pending,pending_top_up
train-01574,Can I make an account for my kids?,age_limit
train-01563,Is there any age limit?,age_limit
train-00425,Why was the exchange rate so wrong when I bought something!,card_payment_wrong_exchange_rate
train-06232,Tell me how to delete my account.,terminate_account
train-04746,I see a charge for a direct debit that was not me.,direct_debit_payment_not_recognised
train-06745,The payment I made with my card is not showing up.,reverted_card_payment?
train-01486,I think that my card has been stolen!,lost_or_stolen_card
train-07855,What steps do I need to get another card?,getting_spare_card
train-05617,I tried to do a transfer but I got a message that it was declined.,declined_transfer
train-07555,"I tried and tried, but I could not complete my transfer. Tell me what is wrong.",failed_transfer
train-09120,how should i add money to my card,top_up_by_card_charge
train-02603,I was spending cash with my card and got a fee.,card_payment_fee_charged
train-03209,Why is my top-up showing as cancelled?,top_up_reverted
train-03248,Why has my top-up been returned to my account?,top_up_reverted
train-03592,I do not recognise this card payment.,card_payment_not_recognised
train-01362,I am from X but am traveling to Y - how do I get currency for Y?,exchange_via_app
train-01277,What are ways to test why my card might not be working?,card_not_working
train-02170,I inadvertently completed a transaction on a wrong account.,cancel_transfer
train-00528,It looks like the exchange rates on my card payment are wrong,card_payment_wrong_exchange_rate
train-03429,"I did a cash deposit to my account, but I am not seeing it on my statement.",balance_not_updated_after_cheque_or_cash_deposit
train-06047,I am still waiting for a transfer to show up,pending_transfer
train-00144,Is a tracking number available for the card that was just sent?,card_arrival
train-05153,There is a payment that has not processed.,pending_card_payment
train-05229,Why hasn't my payment gone through yet?,pending_card_payment
train-07170,I transferred money from one account to another account and I charged a fee for it. Why is that?,transfer_fee_charged
train-03084,How do I receive a virtual card?,getting_virtual_card
train-04137,Can I choose my Visa or Mastercard?,visa_or_mastercard
train-02999,"I need to order a new virtual card, how do I do that?",getting_virtual_card
train-00134,"It's been two weeks and I haven't gotten my card, what do I do?",card_arrival
train-06379,I was charged more than once for a card payment I made.,transaction_charged_twice
train-09403,Why am I being charged to make cash withdrawals? I thought they were supposed to be free!,cash_withdrawal_charge
train-05058,"The ATM will not let me get cash, WHY?",declined_cash_withdrawal
train-08258,Is there a fee associated with using foreign exchange ATMs?,wrong_exchange_rate_for_cash_withdrawal
train-02899,I only have one other credit card from the US. Do you accept that?,supported_cards_and_currencies
train-04477,Someone has been using my card. There are unfamiliar transactions on there. Can you freeze the card to keep this from happening?,compromised_card
train-03775,I answered so many questions about my identity. Why do you need this info?,why_verify_identity
train-07925,Physical cards are what I need more of,getting_spare_card
train-02506,So I just went to the ATM to get some cash.  I input that I needed 100 pounds but I only got 80.  I have the receipt  and I am in need of the extra money.  How do I go about obtaining the missing amount?,wrong_amount_of_cash_received
train-09167,"If I were to use a European bank card for a top up, will I incur a charge?",top_up_by_card_charge
train-01154,Does the app top up automatically?,automatic_top_up
train-06629,How many days does it take for a transfer to go through?,transfer_timing
train-09480,i withdraw cash from the ATM and was charged a fee,cash_withdrawal_charge
train-00977,Can you make exchanges using the EUR?,fiat_currency_support
train-04153,How can I choose between Visa and Mastercard?,visa_or_mastercard
train-05023,I'm not able to withdraw money from the ATM but I'm not sure why.,declined_cash_withdrawal
train-01371,What do I do to exchange currency?,exchange_via_app
train-00663,Why is there a pending hold on one pound on my statement?,extra_charge_on_statement
train-09431,Is there always a charge when withdrawing money?,cash_withdrawal_charge
train-06938,Can you tell me where  can change my PIN?,change_pin
train-02990,What cards do you support,supported_cards_and_currencies
train-07674,Can you help me transfer funds from another bank account to this account?,transfer_into_account
train-01677,I attempted to enter my pin to many times.,pin_blocked
train-04692,"I have an unknown debit charge in my statement, why?",direct_debit_payment_not_recognised
train-03708,I need to update my demographics.,edit_personal_details
train-00827,What does a pending cash withdrawal mean?,pending_cash_withdrawal
train-06855,Why would a merchant revert my payment?,reverted_card_payment?
train-00828,"I tried to get some with-drawls but the machine didn't work. The transaction still seems in progress.Seems like  something is wrong,I don't want to be charged for Transaction i did not make.",pending_cash_withdrawal
train-08296,Can I make a withdraw in my home currency at an ATM? I'm on vacation and am a bit worried because I don't have cash with me. Is it possible to withdraw here without any additional costs or fees?,wrong_exchange_rate_for_cash_withdrawal
train-02241,need to know if there is a maximum i can top up,top_up_limits
train-04497,My statement shows charges for things I never purchased. Were my account details stolen?,compromised_card
train-03498,I do not recognise the card payment.,card_payment_not_recognised
train-05435,"It's been over a month and i still haven't received my goods! I ordered a pencil for crying out loud, it's not that hard to deliver that! I'm done with these people, give me a refund immediately! I'll search for my Japanese exclusive pencil elsewhere!",request_refund
train-07637,"For my account, how do I transfer money in?",transfer_into_account
train-05766,I am still waiting for a refund,Refund_not_showing_up
train-08424,Are there any disposable virtual cards?,get_disposable_virtual_card
train-09777,What am I going to need in order to verify my identity?,verify_my_identity
train-04539,There are fraudulent charges that I didn't make on my card. Can you please put in the safeguards necessary to stop this from happening anymore?,compromised_card
train-02307,Do you have any top-up limits?,top_up_limits
train-06924,How can I change my PIN even though I'm out of the country in Austria at the moment?,change_pin
train-05807,"I'm looking at my statement, and my refund is not on there.",Refund_not_showing_up
train-08554,Could you please recommend what I should do if my card keeps getting declined?  I planned to top-up today but I am unable to get it to work.  I need a fast solution to this problem.,top_up_failed
train-08252,Using international ATMs messes up the exchange rate.,wrong_exchange_rate_for_cash_withdrawal
train-02180,is it possible to cancel transactions?,cancel_transfer
train-01389,How do I exchange currencies using this app?,exchange_via_app
train-09060,Is there an extra charge to exchange different currencies?,exchange_charge
train-01808,My contactless stopped working today no matter where I try to use it. How do I get it to start working again?,contactless_not_working
train-05605,I was making a purchase and it was declined and I wanted to know why.,declined_transfer
train-03107,WHAT IS THE ATMOSPHERE OF IT,card_acceptance
train-06915,Can my PIN changed remotely without visiting a bank?,change_pin
train-02490,How can I request cash back? The ATM just gave me a different amount than what I've been actually charged though...,wrong_amount_of_cash_received
train-01626,At what age can a person open an account?,age_limit
train-00849,Why is my cash still pending that I put in ATM?,pending_cash_withdrawal
train-05537,I want to have an item refunded can I do that?,request_refund
train-07138,"While transferring money, its getting error out as my transfer is not possible. Please help me in this as earlier i was able to do it successfully.",beneficiary_not_allowed
train-00541,The exchange rate for my card payment doesn't seem right.,card_payment_wrong_exchange_rate
train-06329,"Hi, I just looked at my card transactions and saw that I've been charged twice for a restaurant I went to this week. Can you remove the double charge, please?",transaction_charged_twice
train-00683,How can I find out about an extra fee on my statement?,extra_charge_on_statement
train-03729,Talk me through modifying my details.,edit_personal_details
train-02893,What are the currencies and cards that are supported with my account?,supported_cards_and_currencies
train-01415,How do I go about exchanging currencies with this app?,exchange_via_app
train-01529,I lost my card n need a new one.,lost_or_stolen_card
train-02825,My new landlord is a lier and is trying to rip me off by saying I've not paid my rent when I have paid my rent.  What is going on?  They say the money hasn't got to them but I see it going out of my account.  Can you check that the money went to the right place?,transfer_not_received_by_recipient
train-05189,There is a single payment on my card which shows as pending.,pending_card_payment
train-09475,Why is there a fee for cash withdrawal?,cash_withdrawal_charge
train-02451,Why did the ATM give me less money than what I requested?,wrong_amount_of_cash_received
train-06989,Can I change my PIN if I want to?,change_pin
train-02786,How long do money transfers take? My friend really needs the money i sent a couple of hours ago but it's not there yet.,transfer_not_received_by_recipient
train-01133,How do i set up auto top-up?,automatic_top_up
train-02104,Is it possible to cancel a transaction?,cancel_transfer
train-07133,Why is this not letting me exchange crypto? I need help making this transaction go through.,beneficiary_not_allowed
train-02298,Do you limit my top-offs?,top_up_limits
train-08630,I transferred money but the balance did not update.,balance_not_updated_after_bank_transfer
train-09600,Do I need to order a new card before it expires?,card_about_to_expire
train-02936,What are my payment options?,supported_cards_and_currencies
train-07945,Can I add money to my account with cash?,top_up_by_cash_or_cheque
train-06555,Is there a way to lookup where funds came from?,verify_source_of_funds
train-04890,"I'm locked out of my account as I can't remember my code, what do I do now?",passcode_forgotten
train-01704,How do I go about unlocking a pin?,pin_blocked
train-08095,How do I get my card?,order_physical_card
train-02672,I was charged an extra fee for a card payment. I was unaware of these fees beforehand.,card_payment_fee_charged
train-03845,"Is it possible to go ahead and log in, although I have not been confirmed yet?",why_verify_identity
train-07874,Does it cost extra to send out more than one card?,getting_spare_card
train-09890,Can the card be mailed to Europe?,country_support
train-05882,is there a reason that my payment didnt go through,declined_card_payment
train-09171,Will there be extra charges regarding to adding money into my international card?,top_up_by_card_charge
train-04566,Where can I find Mastercard ATMs?,atm_support
train-00080,Is there a reason my new card hasn't arrived yet?,card_arrival
train-02836,I'm still awaiting for the completion of the transaction.,transfer_not_received_by_recipient
train-04511,I have transactions that I don't recognize - I think someone is using my card.,compromised_card
train-07572,Can I add money to my account via bank transfer?,transfer_into_account
train-06343,It looks like I was charged twice for a single transaction,transaction_charged_twice
train-05879,Why was my card declined?,declined_card_payment
train-07566,How do I transfer money into my account?,transfer_into_account
train-05897,I was wondering why my card was declined,declined_card_payment
train-07161,"I was transferring some money to a friend, which I thought would be free, but I see there is a charge.  What's up with that?",transfer_fee_charged
train-03416,I put money in my account a week ago but its still not there?? What happened to my money?,balance_not_updated_after_cheque_or_cash_deposit
train-07152,is a transfer to a beneficiary allowed?,beneficiary_not_allowed
train-08327,While on vacation I used an ATM to get cash and was overcharged. These charges are ridiculous and had I known about them I would have never used it.,wrong_exchange_rate_for_cash_withdrawal
train-04509,"My card info was stolen, what do I do?",compromised_card
train-04854,I can't remember my password.,passcode_forgotten
train-05765,I contacted the seller and he won't respond.  Please just refund me my  money.,Refund_not_showing_up
train-08929,There are funds showing in my app that I did not receive.,cash_withdrawal_not_recognised
train-07020,I tried to transfer funds to a beneficiary and was denied. Can you tell me why?,beneficiary_not_allowed
train-05444,Give me a refund,request_refund
train-04124,Do I have a Visa card as an option?,visa_or_mastercard
train-01683,I entered a wrong PIN too many times. How can I fix this?,pin_blocked
train-07759,Do I need to verify the top-up?,verify_top_up
train-05889,"Hi, is everything in good standing with my card? I am receiving multiple ""decline"" messages.",declined_card_payment
train-03989,I'm still waiting on my identity verification.,unable_to_verify_identity
train-07546,"Hi, I'm buying my son Bertie a starter home in London.  I'm just trying to send the 5% deposit over to the agent. It's only £200,000 but seems to be throwing an error.  What is going on?  If I wait any longer the house prices might rise, can you look in to it please?",failed_transfer
train-03368,Why is my check still not showing up on my account? It's been a week already,balance_not_updated_after_cheque_or_cash_deposit
train-02876,With what currencies can I add money?,supported_cards_and_currencies
train-02911,Can you accept my other card from the U.S.?  It is the only other one I have.,supported_cards_and_currencies
train-08486,I believe my top up has failed,top_up_failed
train-05400,Are refunds allowed for certain items.,request_refund
train-08656,I had transferred some money but the balance hasn't changed.,balance_not_updated_after_bank_transfer
train-07205,Why is there a fee for my transfer?,transfer_fee_charged
train-06955,I'm on vacation in Europe but I desperately need to change my PIN. Can I do this from abroad?,change_pin
train-08046,Do you accept cheques for top ups?,top_up_by_cash_or_cheque
train-04885,What should I do if my passcode won't work?,passcode_forgotten
train-00902,Are there any fiat currencies that you will not work with?,fiat_currency_support
train-01438,How do I switch to a different currency?,exchange_via_app
train-00635,I have been charged an extra pound!,extra_charge_on_statement
train-08968,What kind of costs are involved for exchanging currency?,exchange_charge
train-04213,Mastercard is my preferred company.,visa_or_mastercard
train-09432,I have a fee for cash withdrawal,cash_withdrawal_charge
train-03998,Where is the card PIN located?,get_physical_card
train-00981,Do you deal with EUR?,fiat_currency_support
train-00377,How do you decide what your exchange rates are?,exchange_rate
train-04716,"I was checking the app for my account and I noticed there is an authorized charge on it.  I haven't used my card today, so I know I didn't do it.  I would like the transaction reversed and the money replaced.",direct_debit_payment_not_recognised
train-02401,What happens if the ATM doesn't give the right amount of money?,wrong_amount_of_cash_received
train-02609,Why do some of my payments have fees?  I don't understand.,card_payment_fee_charged
train-02822,Recipient has not received the money,transfer_not_received_by_recipient
train-04940,My card won't let me withdraw money.,declined_cash_withdrawal
train-02463,I requested money from the ATM and it didn't give me as much as I requested.,wrong_amount_of_cash_received
train-07492,Why didn't this transfer work?,failed_transfer
train-03026,How can I go about ordering a virtual card?,getting_virtual_card
train-02481,I was only given $20 when I tried to get $100,wrong_amount_of_cash_received
train-02237,Can I top-up any amount?,top_up_limits
train-05183,My card payment has been on pending forever. What is the problem? It should have gone through at some time by now.,pending_card_payment
train-01363,Is it possible to change from AUD to GBP?,exchange_via_app
train-03063,How can I locate the virtual card?,getting_virtual_card
train-06416,"Looks like my card payment was duplicated after all. I went to pay at the store earlier, got declined once,second time it works. App still stays pending for one of the payments. Can you remove one of them as it's wrong and clearly was declined?",transaction_charged_twice
train-05701,There is a refund missing.,Refund_not_showing_up
train-09461,Why am I being charged certain fees? I noticed a fee after I withdrew some money for groceries earlier today.,cash_withdrawal_charge
train-04568,What ATM machines allow this card?,atm_support
train-06919,Can I change my PIN at a nearby ATM when in Spain? I think someone saw my PIN and I need to change it but am on vacation.,change_pin
train-00666,There is a 1£ charge that appears as pending on my statement. What is that? I haven't purchased anything for a pound there.,extra_charge_on_statement
train-07810,Is it possible to get a second card for my daughter?,getting_spare_card
train-07125,Why can't you allow my beneficiary?,beneficiary_not_allowed
train-05933,Why would you decline my card?,declined_card_payment
train-06820,"Hello, I was contacted by a seller who let me know my money didn't come through on their side. It most certainly came out of my account so I need this looked at immediately because now it has been returned to me!",reverted_card_payment?
train-06875,I am not able to purchase anything online! I have been using my card on multiple sites over a period of two weeks and none of the payments have gone through. Why is this happening?,reverted_card_payment?
train-06031,"I bought something online a couple days ago, sent the money immediately online but the seller says it's still not there yet. How long do EU transfers actually take?",pending_transfer
train-03714,Can I change my name?  I am not married.,edit_personal_details
train-08742,what amount of time does it take for a transfer to reflect and be available,balance_not_updated_after_bank_transfer
train-04881,I don't remember my passcode?,passcode_forgotten
train-09187,I was unable to activate my card.,activate_my_card
train-02722,How long will it take for my transfer to arrive?,transfer_not_received_by_recipient
train-04820,I can't log in with this passocde,passcode_forgotten
train-08210,Why is the fee for taking money out so high?  I feel I was overcharged and I would have never used this ATM if I would have known ahead of time.,wrong_exchange_rate_for_cash_withdrawal
train-08319,I am reluctant to use ATMs international because I don't get an accurate exchange rate,wrong_exchange_rate_for_cash_withdrawal
train-08381,can i get a virtual card online,get_disposable_virtual_card
train-08459,Is there any way i get a disposable virtual card as well?,get_disposable_virtual_card
train-07202,"I made a transfer and the receiver did not get the right amount its lesser than what it should be,Now I have to transfer more money to make up for the missing amount . Can you please help me about this, what should be done",transfer_fee_charged
train-06197,I want to close my account & I will never do business with you again.,terminate_account
train-07856,I would like more physical cards,getting_spare_card
train-03954,"app malfunctioning, does not know its me",unable_to_verify_identity
train-01005,Can you tell me if I can hold money in several currencies?,fiat_currency_support
train-09679,Why doesn't my Google pay top up work?,apple_pay_or_google_pay
train-08472,My top-up was rejected by an app.,top_up_failed
train-03964,How long does it take to verify a person's identity?,unable_to_verify_identity
train-08578,"Hi, I am experiencing problems while trying to top-up with my card. I have never experienced any problems doing this before. Could you please help me?",top_up_failed
train-02203,I need to cancel a transaction immediately.,cancel_transfer
train-09231,How do I activate my card to start using it?,activate_my_card
train-02348,I wanted to withdraw $100 from the ATM but I only got $20,wrong_amount_of_cash_received
train-00825,Why is a transaction still pending?,pending_cash_withdrawal
train-01562,What are age requirements for opening an account?,age_limit
train-09611,"If my card is going to expire this month, do I need to order a new one?",card_about_to_expire
train-06821,has my card payment been reverted?,reverted_card_payment?
train-03220,How can I tell if my top-up has been cancelled?,top_up_reverted
train-06358,Why do I have duplicate transactions for one purchase?,transaction_charged_twice
train-08928,"Someone stole my account, there's a withdrawal but it wasn't me, can we put a stop to it please?",cash_withdrawal_not_recognised
train-08883,I don't recognize this withdrawal on my statement,cash_withdrawal_not_recognised
train-00495,"I bought something in another currency, but the exchange rate was incorrect.",card_payment_wrong_exchange_rate
train-05170,My purchase from this morning still is pending.,pending_card_payment
train-02922,I have a second credit card from the US. Will you take it?,supported_cards_and_currencies
train-00733,I've been charged an extra £1 and I don't know why,extra_charge_on_statement
train-01613,How old do you need to be to open an account?,age_limit
train-02138,I made a transaction to the wrong account!,cancel_transfer
train-02030,There is a top up that has been pending for an hour and I don't know why.  I was expecting it immediately and need it now!,pending_top_up
train-06074,How long does it take for pending transfer transactions to post?,pending_transfer
train-06958,I want to change my PIN.,change_pin
train-05165,I have a card payment that has been pending for some time and would like to know when it is going to go through.,pending_card_payment
train-04685,There is a direct debit transaction that I did not authorize,direct_debit_payment_not_recognised
train-08767,My account isn't showing a transfer I made.,balance_not_updated_after_bank_transfer
train-06039,Why is my transfer still pending after all this time?,pending_transfer
train-03928,My identity can't be verified for some reason,unable_to_verify_identity
train-05638,Why did I get declined during a transfer?,declined_transfer
train-09148,Where can i top my card for free?,top_up_by_card_charge
train-04823,Where do I go to reset the passcode?,passcode_forgotten
train-04196,Mastercard is preferred to me.,visa_or_mastercard
train-07997,Do you accept cheques for top-up?,top_up_by_cash_or_cheque
train-03352,Waiting for the cash I deposited this morning still,balance_not_updated_after_cheque_or_cash_deposit
train-09084,Does it cost to add money to my card?,top_up_by_card_charge
train-03656,My address details have changed and I want to update them,edit_personal_details
train-00587,Is there a reason why there is an extra £1 charge on my account?,extra_charge_on_statement
train-00285,I don't see my card anywhere in the app.,card_linking
train-04161,I'd like to apply for a Visa Card.,visa_or_mastercard
train-00731,I've been charged an extra £1 and I don't know what it's for,extra_charge_on_statement
train-06467,I have a transaction showing up more than once.,transaction_charged_twice
train-02098,I need to cancel a transaction please!,cancel_transfer
train-08532,The app has rejected my top up.,top_up_failed
train-09902,Where are you present globally?,country_support
train-08097,Where do your cards get delivered to?,order_physical_card
train-06539,need to verify source of funds,verify_source_of_funds
train-06086,There has been a transfer pending in my account and I wanted to know how long it is going to take to go  through.,pending_transfer
train-02678,I noticed an extra fee when I paid with my card.,card_payment_fee_charged
train-00457,My currency rate is inaccurate.,card_payment_wrong_exchange_rate
train-09301,"With my new card, how may I activate it?",activate_my_card
train-08060,Can you send me the actual card?,order_physical_card
train-08940,Cash I did not get showed up in my account,cash_withdrawal_not_recognised
train-08727,Why isn't the transferred money there?,balance_not_updated_after_bank_transfer
train-02840,I sent some money and the account hasn't recived the transfer I made.,transfer_not_received_by_recipient
train-00299,I would like to know what exchange rates you use?,exchange_rate
train-02804,My transfer isn't in,transfer_not_received_by_recipient
train-07285,"Hi,  I have transferred money but beneficiary's account is credited with less amount. Now i have transfer the difference of the amount. I think there is some issue, could you please look into this.",transfer_fee_charged
train-08866,There is a cash withdrawal on my statement that I did not make,cash_withdrawal_not_recognised
train-06948,"I can't freeze my account as I need the card as I am traveling, how do I change my pin?",change_pin
train-01233,"When traveling, is it possible for it to add money at specific time intervals?",automatic_top_up
train-05780,what is the status of my refund,Refund_not_showing_up
train-02801,I've checked multiple times to make sure the account number listed is the right one after attempting to make a transfer within the country the day before yesterday. The transfer is still not available so can you please find out what is going on?,transfer_not_received_by_recipient
train-01072,"I haven't received my card yet, how long does it normally take?",card_delivery_estimate
train-03564,I need to figure out who has access to my card there are some payments I didn't make that are showing on the app.  Could you please help?,card_payment_not_recognised
train-09076,What are the charges for topping up US card?,top_up_by_card_charge
train-08988,is there a frequent currency discount?,exchange_charge
train-08157,Will you charge for a physical card?,order_physical_card
train-04093,How do I find my new pin?,get_physical_card
train-08950,What is the current exchange fee?,exchange_charge
train-06098,I have a transfer waiting.,pending_transfer
train-09862,What forms of ID should I use for verification?,verify_my_identity
train-01342,I need help with understanding why my card is not working.,card_not_working
train-09327,Please assist me with activation.,activate_my_card
train-02054,How long should it take for my top-up to finish? I've been waiting a while.,pending_top_up
train-03154,Are there any restrictions on where I use this card?,card_acceptance
train-01652,How old do you need to be to have an account?,age_limit
train-05432,Can I have my money refunded for an item,request_refund
train-08507,I tried to top up with my card but it was declined. I was able to a couple days ago and it worked. Is something wrong? Can you check it for me please?,top_up_failed
train-07002,"If I am not in the country and I need to change my PIN, how can this be done?",change_pin
train-03389,I've deposited a check in my account but the cash isn't showing as available.,balance_not_updated_after_cheque_or_cash_deposit
train-05763,I requested a refund for a large order the other day and don't think I received the funds. Can you tell me if you see them or not?,Refund_not_showing_up
train-01796,Help me to set up contactless payments.,contactless_not_working
train-00013,Is there a way to track the delivery of my card?,card_arrival
train-03207,What's the problem? I thought you offered crypto top up. This doesn't appear to be working at all. My money has now vanished from my account.,top_up_reverted
train-07320,How come a fee was charged when I tranferred money,transfer_fee_charged
train-01211,What are the auto top-up policies?,automatic_top_up
train-04210,Why did I get a different card then requested?,visa_or_mastercard
train-09716,Could google pay and top up be together?,apple_pay_or_google_pay
train-05238,What is the pending payment on my card about?,pending_card_payment
train-09721,Can I top up my account with Google Pay?,apple_pay_or_google_pay
train-02841,I'm still expecting the transaction to be finished,transfer_not_received_by_recipient
train-01763,I may have entered the PIN wrong and the account is blocked.  What do I have to do to get it unblocked.,pin_blocked
train-05770,I am noticing that a refund of a large purchase still has not been credited to my account. I contacted the merchant a few days ago and he assured me that he would submit it right away. Is there a status update?,Refund_not_showing_up
train-07029,Why can I not do a  transfer,beneficiary_not_allowed
train-09337,How do I activate my card that just arrived?,activate_my_card
train-02428,I was not distributed all of cash that I requested,wrong_amount_of_cash_received
train-03972,I am having trouble verifying my id.,unable_to_verify_identity
train-01571,What is the process for setting up and account for my child?,age_limit
train-01804,Any charges applicable for new card?,contactless_not_working
train-09199,Is my card activated?,activate_my_card
train-01710,"
I put the wrong pin too many times and now it is blocked. Can you help me unblock it?",pin_blocked
train-08888,"Hello, Just now i got to know withdrawal of money from of my account. As someone used my card to withdraw amount in any odd remote area. Since i have not been in that area, please freeze my card immediately.",cash_withdrawal_not_recognised
train-07257,Why am I seeing a fee for transferring money?,transfer_fee_charged
train-07214,Is it normal to see a fee for transferring money?,transfer_fee_charged
train-06190,I am not satisfied with your company.  Close my account.,terminate_account
train-06830,Why did the funds for one of my purchase come back to my account?,reverted_card_payment?
train-02703,"I have done a transfer within the country the day before yesterday, but it's still not there yet. Can you please check what's going on with that, the account number is the right one, I've checked that several times already.",transfer_not_received_by_recipient
train-03512,I looked at my statement and found a payment I and found a mistake.,card_payment_not_recognised
train-07728,How to verify top up card?,verify_top_up
train-00789,"I got cash from an ATM earlier but it shows up as pending in the app. How can this still be pending, I already received the cash?",pending_cash_withdrawal
train-06101,How long do I wait for a transfer to take?,pending_transfer
train-00601,$1 charge in transaction.,extra_charge_on_statement
train-09574,My card expires very soon.  What is the cost and delivery time to get a new one?,card_about_to_expire
train-02042,How long do I need to wait til my top up isn't pending?,pending_top_up
train-01737,What should I do if I have used all of my PIN tries?,pin_blocked
train-04490,am suspicious of my card's security,compromised_card
train-07034,Why am I not allowed to transfer money to my cryptocurrency exchange?,beneficiary_not_allowed
train-06267,The ATM machine would not give my card back,card_swallowed
train-08040,What is your check-cashing policy?,top_up_by_cash_or_cheque
train-07571,How can you assist me on topping up on bank transfers to my account?,transfer_into_account
train-02163,I want to cancel a transaction.,cancel_transfer
train-07265,"I made a transfer and according to the receiver ""they haven't received the right amount"" Its lesser than it should be.Now I have to transfer more money to make up for the missing amount . Can you please help me about this,what should be done",transfer_fee_charged
train-00982,"I heard that you support more than one type of fiat currency, would you tell me which ones please?",fiat_currency_support
train-06475,Why is there a payment showing twice?,transaction_charged_twice
train-02322,What is the top-up limit on my cards?,top_up_limits
train-00834,How is my ATM deposit not available yet?,pending_cash_withdrawal
train-08385,Who can purchase a disposable virtual card?,get_disposable_virtual_card
train-07200,Why are you charging me a transfer fee?,transfer_fee_charged
train-07174,What kind of fees will I pay when I transfer?,transfer_fee_charged
train-03940,The app doesn't think that I am myself,unable_to_verify_identity
train-05098,Why does my payment appear as pending?,pending_card_payment
train-05176,pending transaction?,pending_card_payment
train-06906,Can you tell me how to change my PIN?,change_pin
train-01468,What other currencies are available to change to?,exchange_via_app
train-01978,Top-up is loaded into the card and no update.,pending_top_up
train-09697,My Google pay top up isn't working.,apple_pay_or_google_pay
train-03695,Please tell me how to edit my personal details.,edit_personal_details
train-05556,Why has my transfer been declined?,declined_transfer
train-02150,"I've just made a money transfer to the wrong account, I need to stop the money from being moved as it may be going to someone I don't know.  Please can you help?",cancel_transfer
train-07702,How do I find the top-up verification code?,verify_top_up
train-06720,How long does it take to make an urgent transfer from China?,transfer_timing
train-04728,I have a direct debit on my records that is strange and I need help.,direct_debit_payment_not_recognised
train-07550,I think youre system may be broken because I have tried transfer money 5x and it isnt working!  I'm not doing anything complicated it is what I usually do.,failed_transfer
train-05958,What could the reason be that my payment card was declined?,declined_card_payment
train-06577,Please explain to me how to know where my funds are from.,verify_source_of_funds
train-04672,Who do I contact if there is a direct debit that I did not create.,direct_debit_payment_not_recognised
train-08586,"Hello, I tried to top up with my card, but it didn't work. I just got it a couple days before and it works fine. What's the deal? Can you check into this?",top_up_failed
train-05586,What went wrong with my transfer?,declined_transfer
train-07771,Why do we need to verify top-ups?,verify_top_up
train-06865,Why would a merchant revert a card payment?,reverted_card_payment?
train-02011,My top-up is taking a very long time to complete.,pending_top_up
train-05806,Why isn't my refund showing in my statement?,Refund_not_showing_up
train-06547,Can you tell me how to tell where my funds come from?,verify_source_of_funds
train-06663,"If I need to transfer something quick from China, how long does that take?",transfer_timing
train-08191,What is the reason I got rejected for using my disposable virtual card to pay a subscription to the gym?,virtual_card_not_working
train-00535,The exchange rate used on your app is really bad. I'm considering closing my account because of it.,card_payment_wrong_exchange_rate
train-07018,For some reason I am unable to preform a transfer to a beneficiary.,beneficiary_not_allowed
train-07725,Verify top-up card help?,verify_top_up
train-05210,I don't know what a pending payment is.,pending_card_payment
train-07744,I don't see a code anywhere on my top-up card? Where can I find it? I need to verify!,verify_top_up
train-07433,"Your system is broken. My transfers keep failing, 5 times now.",failed_transfer
train-00983,Which fiat currencies are supported for holding and exchanging?,fiat_currency_support
train-09200,I would like to activate my card.,activate_my_card
train-06835,One of my card payments has reverted,reverted_card_payment?
train-03172,Seems like my top up has been cancelled,top_up_reverted
train-08113,How much for an actual card?,order_physical_card
train-01509,I think that the card is stolen.  What are my next steps?,lost_or_stolen_card
train-01446,How can I exchange USD and GBP in the app?,exchange_via_app
train-02267,is there a limit for top up?,top_up_limits
train-05515,"Hello-Can you please help me get a refund from this merchant?  I ordered a product and would like to return it. I have been unsuccessful in getting the merchant to return my request for the past several days.  I understand it can take up to 45 days to process the dispute and issue a refund, however, if this can be expedited faster it would be very helpful to me.",request_refund
train-09635,What do I do when I get close to the expiration date of my card?,card_about_to_expire
train-08741,I can't see a transfer to my account I made.,balance_not_updated_after_bank_transfer
train-07937,I can't find any option to top up with a cheque?,top_up_by_cash_or_cheque
train-00179,How do I link a new card in the app?,card_linking
train-05881,My card payment wasn't accepted.,declined_card_payment
train-03174,"Something is wrong, my top-up is gone and I don't know what happened to my money.",top_up_reverted
train-00108,Is it possible for me to track the card is was mailed to me?,card_arrival
train-06726,Tell me why my card payment would be reverted.,reverted_card_payment?
train-03930,I have no way to prove my identity.,unable_to_verify_identity
train-05078,"Please check my Card. As Withdrawal was working fine so far, but this morning suddenly got declined. Can you please check the problem?",declined_cash_withdrawal
train-05619,Why are my transfers and purchases keep getting declined?,declined_transfer
train-05148,I made a card payment by my card but it failed. Please let me know when the payment will get completed as its still pending.,pending_card_payment
train-07358,how do i find out about transfers,receiving_money
train-02300,How many top-ups can I use?,top_up_limits
train-06348,Please tell me why the same transaction is showing up on my account more than once.,transaction_charged_twice
train-07109,why can't my beneficiary make transactions?,beneficiary_not_allowed
train-08790,"Hello, Please look into this matter urgently. As i have lost my wallet and i can see one withdrawal, now i do not want to loose more money.",cash_withdrawal_not_recognised
train-00427,I was using a foreign currecy to make a payment and the applied the wrong rate.,card_payment_wrong_exchange_rate
train-03674,I have a new phone number and need to edit my contact information.,edit_personal_details
train-02067,What is the reason that my top-up is still pending?,pending_top_up
train-03885,i need to proof my identity to you why and how?,why_verify_identity
train-08720,I do not see the money I transferred into this account,balance_not_updated_after_bank_transfer
train-09933,Will my new card work outside of the EU?,country_support
train-08661,How long does it take for a bank transfer to show on my balance?,balance_not_updated_after_bank_transfer
train-05440,Am I able to get a refund for a purchase?,request_refund
train-06446,I was double-charged for a transaction,transaction_charged_twice
train-05697,I asked for a refund but its not here yet,Refund_not_showing_up
train-05220,"There is a pending transaction on my account, what does this mean?",pending_card_payment
train-04587,What ATMs can I use this card?,atm_support
train-08970,Do you offer any discounts for someone who exchanges currencies frequently?,exchange_charge
train-03735,is there a way to change name?,edit_personal_details
train-04360,Help me create several temp cards every day.,disposable_card_limits
train-04187,Could I get a MasterCard and Visa from you?,visa_or_mastercard
train-07140,"Hi, I'm trying to by some crypto and the app isn't allowing it. I really want to exchange this, what am I doing wrong?",beneficiary_not_allowed
train-08158,I'm interested in getting a card. How does one go about doing that?,order_physical_card
train-00226,"I want to link to my card card with you, how?",card_linking
train-08810,"Help! I think someone has a copy of my card - I still have my card, but a five hundred pound cash withdrawal that I didn't authorize is shown on my account.",cash_withdrawal_not_recognised
train-02403,Why can't I take $100 out,wrong_amount_of_cash_received
train-06846,"I've got a weird problem: I purchased something a week or maybe it was two weeks ago, and the funds have come back into my account! Can you explain this?",reverted_card_payment?
train-03541,"There are a couple payments with my card shown in the app that i really make myself. What's going on with this, maybe someone has access to my card?!",card_payment_not_recognised
train-03089,what is a virtual and how do i get one,getting_virtual_card
train-05625,I've made more than one attempt to make a purchase and the card keeps getting declined. Why do you keep denying my transfers?,declined_transfer
train-08067,I would like a physical card,order_physical_card
train-05463,I ordered online weeks ago and I never received my package in the mail and I don't want to wait any more. So if I could get my money back now that would be great.,request_refund
train-08186,This disposable virtual card is not working.,virtual_card_not_working
train-06896,Do I need to speak to a representative to change my pin?,change_pin
train-04634,Please help my find out why there is an odd direct debit in my records.,direct_debit_payment_not_recognised
train-09342,Why am I being charged extra when I withdrew money?,cash_withdrawal_charge
train-03415,"Even though I made a cash deposit, I am not seeing it in my account.",balance_not_updated_after_cheque_or_cash_deposit
train-00777,I have a withdrawal waiting to go through.,pending_cash_withdrawal
train-02133,I don't need to transfer anymore and I want to cancel it.,cancel_transfer
train-01731,Is there a way to reset my PIN?,pin_blocked
train-00477,It seems that something went wrong with my exchange. I changed Russian Ruble into UK pounds but have been charged entirely too much!,card_payment_wrong_exchange_rate
train-04742,"I just went through a old statement and noticed that a very large payment went through and i did not make it. It was from a few months ago, can I still dispute the payment?",direct_debit_payment_not_recognised
train-09445,Why did I get charged when getting cash?,cash_withdrawal_charge
train-01740,Where am I able to get my PIN unblocked?,pin_blocked
train-01953,Why hasn't my top-up finished pending yet?,pending_top_up
train-08481,"Hello, there was an error while attempting top-up with my card this morning. I was able to use the card two days ago with no issues. Could you please assist?",top_up_failed
train-06657,It's been a couple days how much longer do I have to wait for my transfer?,transfer_timing
train-03893,What proof do you need for my identification?,unable_to_verify_identity
train-05935,Why would a card payment be declined?,declined_card_payment
train-08462,I need a single use card for shopping online,get_disposable_virtual_card
train-03591,"Hello, I noticed there is a payment from my card to a business that I am not familiar with. I definitely did not make this payment.",card_payment_not_recognised
train-01259,What should I do if my card doesn't work?,card_not_working
train-01771,I entered the wrong pin too many times and now I think it's blocked. What do I do?,pin_blocked
train-06150,"This company is bad, delete my account now.",terminate_account
train-08207,My Virtual card was rejected for a car rental. Why?,virtual_card_not_working
train-04219,Can I get a Visa from you?,visa_or_mastercard
train-01762,How do I unblock my card?,pin_blocked
train-01218,How can I setup automatic top-up?,automatic_top_up
train-01320,The card is non-functional.,card_not_working
train-05939,Why has my card been declined?  whats the deal?,declined_card_payment
train-01459,Can I exchange currencies usign this app?,exchange_via_app
train-04930,Why was my withdrawal declined,declined_cash_withdrawal
train-01960,"I topped up and went to buy something, but it says that my funds are pending. Is there a way to quicken this process?",pending_top_up
train-03552,Why is this payment on my app,card_payment_not_recognised
train-02796,"i accidentally entered in my retailers information, what should i do next",transfer_not_received_by_recipient
train-09556,Can I wait for you to send me a new card when mine's about to expire?,card_about_to_expire
train-02516,I paid with my card so so why was I charged a transaction fee?,card_payment_fee_charged
train-02566,I saw a fee on my app from one of my payments and I wasn't sure where it came from. Is there a way you can tell me when there's an additional fee for my payments?,card_payment_fee_charged
train-08961,How much extra will I be charged for exchanging foreign currency?,exchange_charge
train-04776,I see a direct debit payment on my app that I did not do,direct_debit_payment_not_recognised
train-01293,I am unable to use my card.,card_not_working
train-04338,Do the disposable cards have any restrictions on them?,disposable_card_limits
train-05191,How long does it take for my payment to process?,pending_card_payment
train-05246,How long does it take for a purchase to go from pending to authorised?,pending_card_payment
train-08874,Somebody is taking money out of my account without my approval in another town separate from me. Please place a freeze on my account until I can make it to the bank.,cash_withdrawal_not_recognised
train-05237,Why is the payment from my card still pending?,pending_card_payment
train-05888,My payment card was declined - could you tell me why?,declined_card_payment
train-01852,"If I were to transfer, what would the cost be?",top_up_by_bank_transfer_charge
train-01882,How much will it cost me for a SEPA transfer?,top_up_by_bank_transfer_charge
train-02717,I am having an issue with an in country transfer I did a few days ago. It has yet to appear in my account. I have checked to be sure that all account information is correct multiple times. What is taking the transfer so long?,transfer_not_received_by_recipient
train-01967,"Hello, I am a new customer, and just tried topping up for the first time. According to your information, the transaction should be instant - why does it still show as pending?",pending_top_up
train-00337,What are your exchange rates calculated from?,exchange_rate
train-04971,Why was I declined from getting cash?,declined_cash_withdrawal
train-08520,I tried to top-up but it got denied.,top_up_failed
train-08610,"Hi, I tried to top up my card today and it did not work. I have tried it in the past and it worked just fine but it won't do it anymore. Can you help me out?",top_up_failed
train-07261,I am confused about your fee structure and was disappointed to see a fee for my transfer.,transfer_fee_charged
train-07811,Can I get a few more physical cards?,getting_spare_card
train-07845,"I want to give a second card for this account to my daughter, would this be possible?",getting_spare_card
train-06090,Why is the transfer still pending?  Can I do something?,pending_transfer
train-06879,My payment was cancelled,reverted_card_payment?
train-02777,The money has not yet been placed in recipients account.,transfer_not_received_by_recipient
train-05508,I have not received an item i ordered yet so i want to cancel it and get a refund. Can you please guide me on how to go about it?,request_refund
train-00989,"If I was travelling abroad, would I be able to hold currencies in euros?",fiat_currency_support
train-00017,How do I know when my new card is going to arrive?,card_arrival
train-07861,Where do I order additional cards?,getting_spare_card
train-05687,Why isn't my refund showing up in my statement?,Refund_not_showing_up
train-07707,how do I find the code to verify the top up card?,verify_top_up
train-01526,I seem to have lost my card.,lost_or_stolen_card
train-05277,Please help!  I was mugged and everything stolen.  What do I do to stop them from accessing my account?,lost_or_stolen_phone
train-07679,where is the code for verifying the top up card?,verify_top_up
train-08005,"Help, I need to top up my account. Where do I send a check?",top_up_by_cash_or_cheque
train-03453,I recently deposited a cheque and cannot find the cash from it.,balance_not_updated_after_cheque_or_cash_deposit
train-00454,Why did you charge me more for my purchase? It was a foreign currency and you didn't offer market rate,card_payment_wrong_exchange_rate
train-00577,What is this extra pound charge for?,extra_charge_on_statement
train-06807,Why did you cancel my card payment?,reverted_card_payment?
train-00272,How do I make my card appear on the app?,card_linking
train-07476,Why can I not make a transfer?,failed_transfer
train-01766,Where do I unblock my PIN?,pin_blocked
train-04068,In regards to the PIN of the card?,get_physical_card
train-04110,Please give me both a visa and a mastercard.,visa_or_mastercard
train-05457,Can I get a refund on an item?,request_refund
train-05602,I was declined a transfer,declined_transfer
train-03204,What is the status of my top up?,top_up_reverted
train-02197,Please can you block the transaction I just sent from my account? It was a payment but I accidently typed in the wrong details and think it might have gone to the wrong place.,cancel_transfer
train-07714,How do I find the code needed in order to verify my top-up card?,verify_top_up
train-02445,i did not get any money but still was charged,wrong_amount_of_cash_received
train-03990,Why can't my ID be verified?,unable_to_verify_identity
train-06278,lost my card in atm,card_swallowed
train-09872,What is necessary for the identity verification?,verify_my_identity
train-08078,I want a real card,order_physical_card
train-06881,Was my card payment reverted?,reverted_card_payment?
train-01746,"I have used all my PIN tries, what now?",pin_blocked
train-00041,Where is my credit card that was to be mailed?,card_arrival
train-08174,Why was my virtual card rejected?,virtual_card_not_working
train-07978,Will I be able to top up by cheque?,top_up_by_cash_or_cheque
train-03080,Where would I order a virtual card?,getting_virtual_card
train-09127,Is it free for top ups?,top_up_by_card_charge
train-05603,Why did my transfer get declined?,declined_transfer
train-06062,i transfered and yet it is still pending,pending_transfer
train-04642,My app is showing a payment that I know I did not do. Can you please cancel that transaction and credit my account please?,direct_debit_payment_not_recognised
train-00596,There is a €1 extra fee in my statement,extra_charge_on_statement
train-04821,I forgot my passcode. Now what?,passcode_forgotten
train-02333,why did i only get 20.00,wrong_amount_of_cash_received
train-06152,How do I close my account?,terminate_account
train-08686,How long do I need to wait to see an update after I make a bank transfer?,balance_not_updated_after_bank_transfer
train-04489,I think my card has been used by somebody else since I was never in the little town where some transactions on this bill have come from. Please stop this right away.,compromised_card
train-07459,My transfer failed.  Help!,failed_transfer
train-03755,Can I edit my personal details?,edit_personal_details
train-08230,I think the exchange rate was incorrect.,wrong_exchange_rate_for_cash_withdrawal
train-06160,How do I delete my account now,terminate_account
train-05698,I have a missing refund,Refund_not_showing_up
train-04765,I have an unknown charge.,direct_debit_payment_not_recognised
train-05899,Why did my card payment not work?,declined_card_payment
train-05507,"Hello, I have recently made a purchase and have decided to cancel my purchase. Is there any way that you can cancel that transaction for me so I can get the money back? It's very important.",request_refund
train-03386,"When will I see my cash, since I already deposited my check?",balance_not_updated_after_cheque_or_cash_deposit
train-02366,my cash balance less than what I thought,wrong_amount_of_cash_received
train-09663,"I got my American Express in Apple Pay, why is top up not working in my country?",apple_pay_or_google_pay
train-04065,How do I get my card PIN?,get_physical_card
train-09589,How do I replace my card before it expires next month?,card_about_to_expire
train-03725,I've just moved and I need to change my details,edit_personal_details
train-03601,I didn't make this payment and it's on my app,card_payment_not_recognised
train-03049,I would love one of the virtual cards!,getting_virtual_card
train-05347,"I cannot find my phone, what should I do?",lost_or_stolen_phone
train-00095,Can you help me track my card?,card_arrival
train-07951,I can't find how to top up my account with a check.  Where is that?,top_up_by_cash_or_cheque
train-02737,I need to check status as my friend hasn't got money I sent.,transfer_not_received_by_recipient
train-00178,How do I link an existing card?,card_linking
train-07877,Is it possible to get another card?,getting_spare_card
train-08831,I think someone may have cloned my card or something.  My card isn't lost but I just saw a charge of $500 cash withdraw.  Can you help me?,cash_withdrawal_not_recognised
train-02677,Is there a  way to  get around fees,card_payment_fee_charged
train-02695,How can I tell if there will be a fee added to my payment or not?,card_payment_fee_charged
train-03703,I would like to alter my personal details.,edit_personal_details
train-01264,My card seems to not be working at all.,card_not_working
train-07128,I couldn't transfer to an account.,beneficiary_not_allowed
train-01937,Says that my top-up is incomplete?,pending_top_up
train-06171,"I don't like the services, please close my account",terminate_account
train-08497,The top-up I ordered didn't process.,top_up_failed
train-02665,I am angry that I got charged for using my card.,card_payment_fee_charged
train-07094,the transfer to an account wasn't allowed is there any other way for me to do it,beneficiary_not_allowed
train-06520,I need to know where my funds come from.,verify_source_of_funds
train-02492,I asked for cash but I did not receive all the funds,wrong_amount_of_cash_received
train-07085,My account did not allow the transfer.,beneficiary_not_allowed
train-07568,I have an account that is empty of funds. Can I transfer some from another bank?,transfer_into_account
train-00670,Why does my statement show an extra fee?,extra_charge_on_statement
train-01261,My card will not work,card_not_working
train-04822,What are the steps to reset my passcode?,passcode_forgotten
train-00315,What exchange rate will I receive?,exchange_rate
train-00900,Which fiat currencies are supported by you?,fiat_currency_support
train-04745,I have gone through my statements and noticed there is a large payment that I did not make. Can i still dispute the payment? its been a while,direct_debit_payment_not_recognised
train-05713,I still don't have a refund.,Refund_not_showing_up
train-07927,I need two cards. Is this possible?,getting_spare_card
train-08917,"I think someone might have a copy of my card because a 500 dollar withdrawal was made, and it wasn't me. Can you please help?",cash_withdrawal_not_recognised
train-06313,"I only made one transaction at this place, but it's appearing multiple times.",transaction_charged_twice
train-07972,Can I top-up by cheque?,top_up_by_cash_or_cheque
train-04963,"Is my card working? It's the first time I tried using it I tried to get money out of an ATM, but got nothing.",declined_cash_withdrawal
train-01831,How much is it to receive money?,top_up_by_bank_transfer_charge
train-02810,I payed my rent to my landlord a few days ago and he is saying the it never went though. Everything looks good to me and I even double checked the account number. I don't know what could be causing the confusion. Can you help me please?,transfer_not_received_by_recipient
train-01059,I need my card to be delivered fast,card_delivery_estimate
train-08085,Is there a fee to get an actual card?,order_physical_card
train-04113,Do I get  a mastercard and visa?,visa_or_mastercard
train-07309,Next time maybe let people know that buying things from another country costs extra. I used my card to purchase an item from another country and I was charged for the item and also an extra fee it looks like. I wasnt aware of this and I think I should get a refund.,transfer_fee_charged
train-03995,Is my PIN sent separably?,get_physical_card
train-03726,I've just been married and need to update my name,edit_personal_details
train-07190,I got an unexpected charge on my transfers. How can I correct this?,transfer_fee_charged
train-06473,I have been charged twice for the same thing!,transaction_charged_twice
train-07634,How can I deposit money to my account?,transfer_into_account
train-08713,Why hasn't my money transfer showed up yet?,balance_not_updated_after_bank_transfer
train-00367,Is the exchange rate the same on weekends as the weekdays?,exchange_rate
train-00696,I was charged an extra pound.,extra_charge_on_statement
train-08772,Can you tell me why the transfer isn't showing up on my account?,balance_not_updated_after_bank_transfer
train-07403,What if I need my salary in another currency?,receiving_money
train-04717,I want a refund on a direct debit.,direct_debit_payment_not_recognised
train-04516,I noticed my card was used in a small town that I have never been to. Can you stop the card from being used more?,compromised_card
train-04095,how to get card pin?,get_physical_card
train-07083,I am trying to complete a transfer but I keep getting an error message.,beneficiary_not_allowed
train-05321,Yesterday I had my phone stolen.  Please advise what I should do.,lost_or_stolen_phone
train-01156,In what increments can I top-up my card?,automatic_top_up
train-06440,I have been charged for one thing two times.,transaction_charged_twice
train-04300,I used my card to top-up but the money is gone!,topping_up_by_card
train-04222,How can get a Visa card?,visa_or_mastercard
train-03261,Can you explain to me why a top up would be reverted?,top_up_reverted
train-04313,What's the process for topping up my card?,topping_up_by_card
train-02987,What are the various currencies and cards that you offer support for?,supported_cards_and_currencies
train-03528,There's a payment in the app I don't recognize.,card_payment_not_recognised
train-07889,"daughter needs card, how do i add her",getting_spare_card
train-00888,How many currencies can I have?,fiat_currency_support
train-08268,"This past holiday I made a withdraw at the ATM machine, and it seems I've been charged too much.",wrong_exchange_rate_for_cash_withdrawal
train-06216,make my account go away,terminate_account
train-04377,Is there any limits I should know about if I'm going to use a disposable virtual card?,disposable_card_limits
train-06884,What are the steps to change my PIN to something else?,change_pin
train-05042,I tried to use the ATM today but it would not accept my card.,declined_cash_withdrawal
train-00679,What is the dollar that I have pending on my statement there?,extra_charge_on_statement
train-01568,What is minimum age for an account?,age_limit
train-01185,"I am traveling, what can I do to set up auto top-up?",automatic_top_up
train-05681,why cant you just refund me instead of a merchant,Refund_not_showing_up
train-04371,How can many disposable cards can I have per day?,disposable_card_limits
train-00892,What fiat currencies can I use for holding and exchanging?,fiat_currency_support
train-08448,What do the disposable cards do?,get_disposable_virtual_card
train-06378,I got charged twice with a duplicate card. How do I resolve this?,transaction_charged_twice
train-03017,my virtual card has not came yet!,getting_virtual_card
train-06081,Why is a transfer I did recently still processing?,pending_transfer
train-09352,Why was there a fee for my cash withdrawal?,cash_withdrawal_charge
train-04086,Is the PIN sent in another message?,get_physical_card
train-01409,"I am trying to exchange AUD for GBP, how do I do that?",exchange_via_app
train-06811,Can you tell me why my card isn't letting me make purchases online? It's been 2 weeks I've been trying.,reverted_card_payment?
train-03072,Is there a way to get a virtual card?,getting_virtual_card
train-09900,can i get a card if I live in the usa?,country_support
train-06857,"My card payment reverted back, I think.",reverted_card_payment?
train-04013,How do I find my PIN?,get_physical_card
train-09671,"I want to top up from my Apple Watch, can I?",apple_pay_or_google_pay
train-04507,How can I tell if someone else is using my card?,compromised_card
train-03850,I don't want to give you all my identify details.,why_verify_identity
train-03345,I have made a recent check and cash deposit that isn't reflected in my balance.,balance_not_updated_after_cheque_or_cash_deposit
train-04042,"Help, I don't know what the PIN is to my card?",get_physical_card
train-04312,top up with credit card,topping_up_by_card
train-09211,I need assistance with activating my new card.,activate_my_card
train-04935,Why can't I take cash out of the ATM?,declined_cash_withdrawal
train-01689,What steps do I take to unblock my PIN?,pin_blocked
train-00473,The rate applied to my purchase in a foreign currency was wrong.,card_payment_wrong_exchange_rate
train-01538,I think my card is lost.  What do I do?,lost_or_stolen_card
train-01619,I'd like to open an account for my children. How can I do that?,age_limit
train-03074,why hasn't my virtual card arrived?,getting_virtual_card
train-00139,Can you tell me if I can track the card you sent me?,card_arrival
train-01824,Can you tell me the cost of a transfer?,top_up_by_bank_transfer_charge
train-02496,I got the incorrect amount of money given to me from my account,wrong_amount_of_cash_received
train-05146,How long does a payment show as pending before i should worry about it?,pending_card_payment
train-05338,"My phone got stolen, how can I use the app?",lost_or_stolen_phone
train-05622,I tried to buy something online yesterday and was told declined. I got the same error today after trying again. What is the problem?,declined_transfer
train-07786,What's a verification code?,verify_top_up
train-04318,Can you tell me how to top up on my card?,topping_up_by_card
train-02356,How can I request cash back? The ATM just gave me the wrong amount that I've been charged though...,wrong_amount_of_cash_received
train-05342,I have lost my phone or it has been stolen.,lost_or_stolen_phone
train-07238,I was charged a fee for a transfer.,transfer_fee_charged
train-05157,I don't understand why my card payment is pending.  It has been pending for too long.  Why is this and when might it go through?,pending_card_payment
train-05007,Can you please tell me why I cant get money from the ATM?,declined_cash_withdrawal
train-08696,After transfering some money my balance hasn't changed.,balance_not_updated_after_bank_transfer
train-02246,Are there any top-up limits?,top_up_limits
train-07932,Is it possible to give a second card from my account to my daughter?,getting_spare_card
train-02383,I received incorrect amount of cash from an ATM today. It was more than I wanted. What do I do now?,wrong_amount_of_cash_received
train-00191,"I want to reactivate my card, I thought I had lost it but found it again in my jacket.",card_linking
train-00705,Why was my account assessed a fee?,extra_charge_on_statement
train-02187,Cancel Transaction,cancel_transfer
train-01927,I want to do a swift transfer,top_up_by_bank_transfer_charge
train-08314,"When I received my money, it was not in the correct amount. The exchange rate was not what it should have been.",wrong_exchange_rate_for_cash_withdrawal
train-08182,I tried paying with my disposable virtual card earlier but it was rejected. What can I do to fix this?,virtual_card_not_working
train-06111,I made a transfer recently but it has not changed on my dashboard.,pending_transfer
train-00197,Is there a way to link the card i just got?,card_linking
train-07888,Is it possible for me to give my daughter a second card for this account?,getting_spare_card
train-05196,Is there a problem that makes my payments show pending?,pending_card_payment
train-09550,Where can I order a card when I am in China?,card_about_to_expire
train-03813,What is the first step I need to make for being able to access my account?,why_verify_identity
train-04960,I needed cash from the ATM but I couldn't get it.,declined_cash_withdrawal
train-08613,help my money isnt showing up,balance_not_updated_after_bank_transfer
train-06506,Where can I find information about where my money came from?,verify_source_of_funds
train-02017,top up is still pending,pending_top_up
train-07368,What do I need to do to receive my payroll in the account?,receiving_money
train-01335,My card no longer works.,card_not_working
train-04327,Who can have access to top up my account?,topping_up_by_card
train-09514,Why is there a fee for getting cash?,cash_withdrawal_charge
train-07704,why do i have to verify top up?,verify_top_up
train-05828,"I have checked my statements multiple times, but my refund that I requested a while back is not showing on my account. Is there a reason for this? Can I get some help getting my money back from this transaction?",Refund_not_showing_up
train-03121,Is my card valid everywhere?,card_acceptance
train-09674,I would like to know if I can top up with Google Pay.,apple_pay_or_google_pay
train-07923,"I need a second card, can I have more than one?",getting_spare_card
train-05874,My card didn't go through.  It doesn't make sense.  You told me that everything was ok.,declined_card_payment
train-05407,I bought something that I need a refund for.,request_refund
train-08732,How long does it take for money to transfer?,balance_not_updated_after_bank_transfer
train-02137,It is extremely important that I cancel the transfer I made yesterday and put the money into a different account.  Is this possible?,cancel_transfer
train-05571,Why would I get a decline message in a transfer?,declined_transfer
train-01111,How long does it take for something to be delivered to the U.S?,card_delivery_estimate
train-04970,"This morning I wanted to make a withdrawal before work, but my card was declined! Please double check it for me as this is the first time it was declined.",declined_cash_withdrawal
train-00028,When will I get my new card?,card_arrival
train-05729,"Hurry and refund me, I am waiting",Refund_not_showing_up
train-02115,I submitted a transaction but it was for the incorrect account.,cancel_transfer
train-01535,I think someone stole my card because I can't find it.,lost_or_stolen_card
train-07262,I thought transfers were free of charge.  I bought something abroad and got charged a ridiculous fee. How do I get this problem fixed.,transfer_fee_charged
train-04366,Is there a limit on how many times I can use a disposable card?,disposable_card_limits
train-01000,What are the currency types that I can keep money in.,fiat_currency_support
train-04818,What should I do if I don't know my password?,passcode_forgotten
train-06396,Can you help me? I have a duplicate transaction on my account and I don't understand why.,transaction_charged_twice
train-09191,"I just got my new card, how do I activate it?",activate_my_card
train-07031,"For some reason, I'm unable to transfer funds.",beneficiary_not_allowed
train-00672,There is some odd 1£ charge that appears as pending on my statement. What's that about? Pretty sure I haven't purchased anything for a pound there.,extra_charge_on_statement
train-07079,My funds are not transferring to my bank. Why is this not working?,beneficiary_not_allowed
train-09331,Help my activate my card.,activate_my_card
train-04573,Will any ATM's decline my card?,atm_support
train-00522,My purchase used the wrong exchange rate,card_payment_wrong_exchange_rate
train-08338,the exchange rate for my withdrawal is wrong,wrong_exchange_rate_for_cash_withdrawal
train-05182,"I was wondering why my payment hasn't gone through yet, its been a while.",pending_card_payment
train-04147,Please give me a Mastercard instead.,visa_or_mastercard
train-03313,Why did my cash deposit not show up?,balance_not_updated_after_cheque_or_cash_deposit
train-03712,Can you walk me through how I can edit some of my personal information?,edit_personal_details
train-02570,I used my card and there was a fee,card_payment_fee_charged
train-03749,"My details need to be changed, how can I do so?",edit_personal_details
train-07301,I just transferred some money. Why was I charged a fee?,transfer_fee_charged
train-05584,My recent transfer didn't go through - why not?,declined_transfer
train-05230,My payment's stuck on pending.,pending_card_payment
train-03302,I am still waiting for a the cash I deposited this morning,balance_not_updated_after_cheque_or_cash_deposit
train-03627,There is a fraudulent payment!,card_payment_not_recognised
train-01087,How long does it take to receive my card?,card_delivery_estimate
train-03472,why hasn't my cash arrived yet from my cheque?!,balance_not_updated_after_cheque_or_cash_deposit
train-01391,How do I change my AUD into GBP?,exchange_via_app
train-05462,I would like to cancel a purchase.,request_refund
train-02897,Can you tell me what cards and currencies you support?,supported_cards_and_currencies
train-09271,I would like to get help from someone in your customer service department with assisting me with activating my card.,activate_my_card
train-01838,Are there fees for receiving a SEPA transfer?,top_up_by_bank_transfer_charge
train-02282,How can I information on my limit for top-ups?,top_up_limits
train-00723,I had to pay one pound more than the set price!,extra_charge_on_statement
train-04344,Do the disposable cards have a transaction limit?,disposable_card_limits
train-06980,Am I allowed to change my PIN anywhere?,change_pin
train-01347,My card won't physically work.,card_not_working
train-07632,Whats the process of tranfering money into an account?,transfer_into_account
train-08511,The app rejected my top up,top_up_failed
train-01336,I seem to be unable to make any transactions.,card_not_working
train-05593,What does the decline message mean,declined_transfer
train-00935,What kind of fiat currencies are supported for holding and exchange?,fiat_currency_support
train-03991,Help my prove my identity.,unable_to_verify_identity
train-00074,I ordered a card and would like to know how to track the delivery progress of it.,card_arrival
train-09834,What do I need for the identity check?,verify_my_identity
train-06724,"Hi, I had an issue with my card payment and It shows on my account that my payment went through. Then I got contacted from the seller saying ""they did not receive my payment"" then the payment was returned to my account. so I would like to see why it did that please.",reverted_card_payment?
train-08415,Can I get a disposable virtual card?,get_disposable_virtual_card
train-07385,Can I have a friend send money directly to me?,receiving_money
train-03959,I don't have the means to prove my identity.,unable_to_verify_identity
train-09844,"I'm trying to verify my identity but can't figure out how, what do I do?",verify_my_identity
train-06001,"I transferred money to another country several days ago, but my transaction is still pending. i have checked that the accounts are keyed in correctly. what sees to be the problem?",pending_transfer
train-04035,i cannot find my card PIN,get_physical_card
train-05814,Are the funds I requested from a merchant a few days ago in my account? I do not see them.,Refund_not_showing_up
train-08144,how much for a physical card?,order_physical_card
train-03892,Can you help me with proving my identity?,unable_to_verify_identity
train-00101,"I have not received my card and it's been a week, what do I do?",card_arrival
train-08501,What reasons would a topup fail?,top_up_failed
train-09293,Do I have to go somewhere to activate my card?,activate_my_card
train-08830,My app statement shows I took out cash from an ATM but I did not. What can I do?,cash_withdrawal_not_recognised
train-04697,My account statements show a debit payment that I didn't make it's from some time ago I need to know if it is disputable.,direct_debit_payment_not_recognised
train-04265,With my credit card i would like to transfer money.,topping_up_by_card
train-02946,What type of card can I use to top up?,supported_cards_and_currencies
train-07933,"Help me please, I need to top up cash.",top_up_by_cash_or_cheque
train-03780,Why do you need verification for my identity?,why_verify_identity
train-06121,Why is my transfer pending when I already made it?,pending_transfer
train-02973,Can you tell me which cards and currencies are supported?,supported_cards_and_currencies
train-06097,I don't see a money transfer yet,pending_transfer
train-06683,There is an urgent transfer I need to make from China.  How long will it take to get it processed?,transfer_timing
train-01996,Why is  my  top  up for  my  new account  not  instant,pending_top_up
train-06901,If i want to change my pin number can I directly from an ATM?,change_pin
train-02092,I messed up a transfer and need to reverse it.,cancel_transfer
train-05151,"My card payment is showing up as pending for a very long time, what's going on with that, it should be going through at some point?",pending_card_payment
train-04602,Am I limited to what ATM I can use my card?,atm_support
train-06091,I am having to wait for my transfer to be fully processed. It seems to be taking a very long time in the pending phase. What is the normal turn around time that I can expect to see it completed?,pending_transfer
train-04492,I think someone stole my card number and brought stuff in different places that I have never been to. I need to suspend any further purchase on my credit card.,compromised_card
train-00996,Can you change my currency to EUR?,fiat_currency_support
train-06066,When will my transfer move from pending to confirmed?,pending_transfer
train-09934,Is it possible to get a card when i'm not in the UK?,country_support
train-05827,There is not a refund in my statement.,Refund_not_showing_up
train-09593,What can I expect at card expiration?,card_about_to_expire
train-03489,Someone might have access to my card!  There are some strange payments showing up on my account.  What do I do?,card_payment_not_recognised
train-03439,I have cash deposit to my account but it is experiencing a problem,balance_not_updated_after_cheque_or_cash_deposit
train-06986,Do you know how to change my card PIN?,change_pin
train-01536,What are the steps I need to do if I have a stolen card?,lost_or_stolen_card
train-06666,How long will it take the money to appear in my account?,transfer_timing
train-02735,When are you going to transfer the money?,transfer_not_received_by_recipient
train-04848,My passcode is not being accepted,passcode_forgotten
train-02310,Can I use as many top-ups as I want?,top_up_limits
train-03040,I look but I see no virtual card. Why is that?,getting_virtual_card
train-06331,I was double charged at a restaurant can you take the second charge off?,transaction_charged_twice
train-02286,Are there limits with top-up?,top_up_limits
train-07172,During the last month I used this account to make payments for my place abroad. I noticed the fees have increased and I wonder why. Shouldn't frequent users have less fees as incentive to keep using instead of increasing them out of nowhere?,transfer_fee_charged
train-03699,"I moved, can I edit my personal details?",edit_personal_details
train-00428,The exchange rate was incorrect for this item I bought.,card_payment_wrong_exchange_rate
train-00991,Is my fiat currency supported for both hold and exchange?,fiat_currency_support
train-00964,"In the exchange and holding, what fiat is allowed?",fiat_currency_support
train-02882,What types of currencies do you accept?,supported_cards_and_currencies
train-08127,Can I get a physical card,order_physical_card
train-03570,The App shows a fraudulent payment made on my account.,card_payment_not_recognised
train-03811,What is the purpose of requiring my identification?,why_verify_identity
train-05039,atm refused to give me money,declined_cash_withdrawal
train-03177,How come I can't put money in my top up account?,top_up_reverted
train-06007,How long do I have to wait for the transfer to be finalized?,pending_transfer
train-03734,I need to update my address.,edit_personal_details
train-02710,Why isn't the recipient seeing the transaction? I just sent the money.,transfer_not_received_by_recipient
train-08008,If I need to top up with cash where should I look?,top_up_by_cash_or_cheque
train-06427,My statement shows different transaction times.,transaction_charged_twice
train-03004,i need a virtual card,getting_virtual_card
train-03784,Why are you asking so many questions about who I am,why_verify_identity
train-02864,I sent a transfer to a friend that needs it urgently. It has already been 2 hours and still hasn't come through to her. How long does it normally take?,transfer_not_received_by_recipient
train-07316,I should not have been charged a fee for my transfer.,transfer_fee_charged
train-06055,How come I have pending transfers?,pending_transfer
train-06636,How long is the transfer?,transfer_timing
train-06289,"Please help, the atm swallowed my card, what do I do?",card_swallowed
train-09971,where do you have locations at,country_support
train-09981,Which countries are you in?,country_support
train-08844,There is unexpected money in my account.,cash_withdrawal_not_recognised
train-00732,I was overcharged an additional pound.,extra_charge_on_statement
train-03050,I would like to order a virtual card.,getting_virtual_card
train-05664,"Hi, Yesterdays i was unable to do online shopping as it was getting declined. Today I am facing the same issue. Please help me in this respect.",declined_transfer
train-07694,I am having trouble finding the top-up card verification code.,verify_top_up
train-09588,Can I order a new card with the app?,card_about_to_expire
train-07239,I thought you guys offered free transfers. Why was I charged?,transfer_fee_charged
train-02656,I was charged a fee when buying stuff with my card.,card_payment_fee_charged
train-05406,"If I bought something I didn't like, can I get a refund?",request_refund
train-07227,Could you inform me as to why I have been charged a higher fee for doing banking abroad.,transfer_fee_charged
train-05583,It declined my transfer.,declined_transfer
train-06088,Can you explain why my payment is still pending?,pending_transfer
train-03349,"I am worried about the amount of my cheque, which should be credited to my account few days before. As i have already sent you the cheque.",balance_not_updated_after_cheque_or_cash_deposit
train-06764,"My card payment was reverted, why?",reverted_card_payment?
train-07297,I noticed that there was an extra charge fee on my account. Could You explain to me why?,transfer_fee_charged
train-07689,Where is the top-up verification code located?,verify_top_up
train-09557,"When my card expires soon, how fast is the replacement card sent and what are the costs?",card_about_to_expire
train-03087,explain the virtual card,getting_virtual_card
train-00409,I think something went wrong with my exchange between Russian Ruble and UK pounds. I was overcharged during the swap.,card_payment_wrong_exchange_rate
train-08993,"I travel a lot, can I get a bulk currency exchange discount?",exchange_charge
train-08770,Hello I have a UK account.  Can you please check if everything is alright with it?  I made a transfer a couple hours ago but it doesn't show up yet.,balance_not_updated_after_bank_transfer
train-08329,"When I got cash, my exchange rate was off.",wrong_exchange_rate_for_cash_withdrawal
train-07164,"I transferred money, why was charged for an extra fee?",transfer_fee_charged
train-03161,I went to top up my card and it was cancelled.,top_up_reverted
train-01573,How old do my kids have to be use this?,age_limit
train-00406,I think the currency exchange that's been applied is wrong.,card_payment_wrong_exchange_rate
train-02103,A transfer has to be cancelled.,cancel_transfer
train-07434,I tried to make a transfer like five different times. Why won't your system let me? Is it broke?,failed_transfer
train-08431,Can you help me get a disposable virtual card?,get_disposable_virtual_card
train-01954,Where are my funds? I topped off my car but it didn't seem to complete.,pending_top_up
train-08911,The app says I made a cash withdrawal that I didn't make,cash_withdrawal_not_recognised
train-06712,What is the estimated wait time for transfers from the US?,transfer_timing
train-09251,I couldn't complete card activation.,activate_my_card
train-09654,What currencies does google pay top up accept?,apple_pay_or_google_pay
train-04922,"i needed money for a night out with the girls but i was declined, why?",declined_cash_withdrawal
train-09421,Why am I charged a fee for getting cash?,cash_withdrawal_charge
train-02145,Am I able to stop a transfer?,cancel_transfer
train-08801,The app is showing a cash withdrawal that I didn't make.,cash_withdrawal_not_recognised
train-03182,"I tried to make a top-up and it was canceled, why is that?",top_up_reverted
train-06643,How long does it take for a transfer to show up in my account?,transfer_timing
train-04966,I have tried using my card for the first time at the ATM of Notting Hill to withdrawal cash but it didn't work. Does this mean my card isn't working?,declined_cash_withdrawal
train-00316,What is the basis of your exchange rates?,exchange_rate
train-03518,Why is there a random payment in my statement?,card_payment_not_recognised
train-09586,Can I get a new card in China?,card_about_to_expire
train-00509,Why was my exchange rate a different amount than usual?,card_payment_wrong_exchange_rate
train-07123,I could not transfer funds to a beneficiary; is there a problem with your software?,beneficiary_not_allowed
train-03485,Help! In the app there is a payment that I don't remember.,card_payment_not_recognised
train-09049,"My job requires me to do a lot of exchanging currency, and I was wondering about any possible discounts or lower prices.",exchange_charge
train-01569,What is needed for my daughter to open an account?,age_limit
train-06549,is there a way to see where funds come from,verify_source_of_funds
train-09193,i cant seem to activate card,activate_my_card
train-04022,How will I receive my PIN?,get_physical_card
train-05382,I need to cancel a purchase that I made the other day.,request_refund
train-08440,Can you tell me what the disposable cards are used for?,get_disposable_virtual_card
train-06180,I hate this company! Can you delete my account?,terminate_account
train-06777,I received a message from a seller stating they hadn't received my money even though it definitely came out of my account. The money has now been deposited back into my account. Please get this resolved as soon as possible.,reverted_card_payment?
train-07757,I am looking for my top-up verification code and cannot find it.,verify_top_up
train-03378,I sent a cheque a few days ago and i noticed that no money has been put on my account. Can you please tell me the situation of my account?,balance_not_updated_after_cheque_or_cash_deposit
train-07156,I've been trying to make a transfer and it hasn't gone through. Now I am receiving an error message.  What is the problem?,beneficiary_not_allowed
train-09874,Which countries are you available in?,country_support
train-02127,Help me cancel a transfer.,cancel_transfer
train-01050,When can I expect my card to arrive?,card_delivery_estimate
train-02408,I didn't receive the correct amount of cash,wrong_amount_of_cash_received
train-05892,How can a payment be declined,declined_card_payment
train-06883,Is it possible for me to change my PIN number?,change_pin
train-03245,Why was my top-up declined?,top_up_reverted
train-03684,need my details changed,edit_personal_details
train-09026,Does a discount apply if I exchange currencies frequently?,exchange_charge
train-08271,When I got cash the exchange rate was wrong,wrong_exchange_rate_for_cash_withdrawal
train-04626,How can I tell if an AMT will take this card?,atm_support
train-05620,how come my transfer declined,declined_transfer
train-04246,Can anyone else top-up for me?,topping_up_by_card
train-07969,How dp i top up with a cheque ?,top_up_by_cash_or_cheque
train-08794,"Someone has copied my card. I have my card with me, but someone just made a 500£ cash withdrawal. Please help now.",cash_withdrawal_not_recognised
train-05674,"I don't see my refund money yet in my account. I asked the merchant a while ago for a refund, so I don't know what's taking so long.  Can you look into it and see if the money is there, just not in my account yet?",Refund_not_showing_up
train-09050,I wanted to know what discounts were offered for current exchanges as it is something that occurs frequently.,exchange_charge
train-00490,I think there was an error in your exchange rate.,card_payment_wrong_exchange_rate
train-07251,Am I charged a fee to transfer funds?,transfer_fee_charged
train-02266,What is the highest amount of top ups I'm allowed?,top_up_limits
train-02733,My cash transaction isn't showing on my account,transfer_not_received_by_recipient
train-02860,How long will a transaction to a friend take?,transfer_not_received_by_recipient
train-01445,"I accidentally chose to exchange GBP, but I need to pick AUD. How can I change it?",exchange_via_app
train-01688,How do I make my PIN work again?,pin_blocked
train-08215,I think when I withdrew money when out of country the exchange rate was wrong.,wrong_exchange_rate_for_cash_withdrawal
train-00435,Exchange rate for my card payment is wrong,card_payment_wrong_exchange_rate
train-08036,I tried to deposit a cheque into my account and it is not letting me.,top_up_by_cash_or_cheque
train-00303,What are you exchange rates?,exchange_rate
train-03299,Can you tell me why my top-up was canceled?,top_up_reverted
train-07935,Is there somewhere I can send a check to add to my account?,top_up_by_cash_or_cheque
train-05253,"I lost my phone, what should I do?",lost_or_stolen_phone
train-09463,Can you tell me why I was charged extra when I withdrew money?,cash_withdrawal_charge
train-04116,Can I pick between Visa and Mastercard?,visa_or_mastercard
train-08222,"When I got cash, the exchange rate applied was wrong.",wrong_exchange_rate_for_cash_withdrawal
train-03986,Everytime I try to prove my identity it won't let me.,unable_to_verify_identity
train-00273,How do I link the new card?,card_linking
train-05473,tell me how to get a refund for something I bought.,request_refund
train-02631,I was charged for using my card?,card_payment_fee_charged
train-00239,How do I add my new card to the app?,card_linking
train-05505,Can you refund my purchase?,request_refund
train-01174,What is the limit on Auto top?,automatic_top_up
train-04981,Has my account been frozen?  I tried to use my card but the ATM would not dispense cash.,declined_cash_withdrawal
train-00287,What do I do if I already had a card with you guys?,card_linking
train-00140,Why have I not gotten my new card?,card_arrival
train-05683,when will I get my refund?,Refund_not_showing_up
train-08903,I have a cash withdrawal that I do not recognise.,cash_withdrawal_not_recognised
train-02436,I did not get all the cash at ATM.,wrong_amount_of_cash_received
train-07791,Why do I need top-up to be verified?,verify_top_up
train-07077,Why can't I use this beneficiary?,beneficiary_not_allowed
train-00638,Why does my statement have an extra fee?,extra_charge_on_statement
train-04310,Can a friend top up my account,topping_up_by_card
train-05555,Explain to me why a transfer would be declined.,declined_transfer
train-07638,How do I transfer money between two of my accounts?,transfer_into_account
train-03792,What is the reason for the identity check,why_verify_identity
train-06445,Why are there multiple transactions showing for one purchase?,transaction_charged_twice
train-05964,"I received my new card and tried using it today, just to have it show declined over and over again.  Why is this happening?",declined_card_payment
train-06332,I have a duplicate charge,transaction_charged_twice
train-05079,"I tried to withdraw some funds from my card, but was declined. How can I get my money?",declined_cash_withdrawal
train-09105,Does it cost anything to top up?,top_up_by_card_charge
train-00444,Why is your exchange rate so bad?,card_payment_wrong_exchange_rate
train-09390,"I was told that withdrawing cash from the ATM is free, but I'm charged a fee. Why is this?",cash_withdrawal_charge
train-04949,Why wouldn't the ATM give me my money?,declined_cash_withdrawal
train-02945,What forms of payment do you accept?,supported_cards_and_currencies
train-06296,What do I do after the ATM takes my card.,card_swallowed
train-03984,My identity verification isn't working,unable_to_verify_identity
train-03561,The app is showing a payment I never made.,card_payment_not_recognised
train-07693,Does the top-up need verified?,verify_top_up
train-09244,I cannot activate my card.,activate_my_card
train-04266,I want to top up by card,topping_up_by_card
train-06246,What do I do now my credit card has been swallowed by the ATM?,card_swallowed
train-05437,"Hi need your help for getting the refund or cancel the payment of an item, i have ordered but still have not received it.",request_refund
train-05927,"my card was refused, why?",declined_card_payment
train-02926,"I want to deposit funds, what payments are accepted?",supported_cards_and_currencies
train-00985,What are my options for holding money in multiple currencies?,fiat_currency_support
train-03247,The app reverted my top up,top_up_reverted
train-07046,"Hi, I am interested buying crypto currency but unable to purchase it through the application. I do want to do the exchange, Could you please let me know what is the problem?",beneficiary_not_allowed
train-05607,"Hi, during online shopping payment is getting declined yesterday and today as well. Please check the issue.",declined_transfer
train-03720,I got a new address and need to change my old one.,edit_personal_details
train-09562,My card is about to expire.  Are there any costs with a replacement card?  How quick do you mail it to me?,card_about_to_expire
train-02662,Why am I charged an extra fee on my card?,card_payment_fee_charged
train-03659,I moved to a new city and need to change my address,edit_personal_details
train-08420,"Can you point me in the right direction of where to go to roder a disposable virtual card, I can't seem to find it.",get_disposable_virtual_card
train-00855,I took out money from the ATM and it's still showing as pending?,pending_cash_withdrawal
train-02130,I made a mistake and need to cancel a transfer.,cancel_transfer
train-01985,Why has my top up not gone through yet?,pending_top_up
train-07395,"My salary is in GBP, is this something I need to configure?",receiving_money
train-04163,"I want to get a Visa and Mastercard, is it possible to get both from you?",visa_or_mastercard
train-04816,I am unable to access my app due to forgetting my passcode.,passcode_forgotten
train-02457,What happened! I asked for 30 pounds at your ATM and only go 10. The machine lied about it too. It said I received the full 30 pounds. Someone better help me asap on this.,wrong_amount_of_cash_received
train-03619,I believe there is a mistake because a payment I didn't make shows in my app.,card_payment_not_recognised
train-06740,I made a payment but it was returned.,reverted_card_payment?
train-00613,Why was I charged $1 in a transaction?,extra_charge_on_statement
train-08604,Why did my top-up fail?,top_up_failed
train-00903,I wondered if multiple currencies is okay?,fiat_currency_support
train-07626,I want to take some funds from my other bank account and add them to this one.,transfer_into_account
train-06082,I have a trasnger that is pending and wondered about it.,pending_transfer
train-02091,Is there any way to cancel my transfer,cancel_transfer
train-02843,"I sent a payment, but the person I sent it to says they don't have it",transfer_not_received_by_recipient
train-01594,Do you have an age limit?,age_limit
train-06196,Delete all of my account information and my account right now.,terminate_account
train-05784,I keep checking my statements but nothing shows up! I requested a refund a long time ago but seems it's not reaching my account for some reason. Can you please help me get the money back from the seller for me,Refund_not_showing_up
train-07100,Why will my transfer not go through?!  Keep getting an error message.,beneficiary_not_allowed
train-01891,Can I transfer using SWIFT?,top_up_by_bank_transfer_charge
train-07421,Will you accept my salary if it's in another currency?,receiving_money
train-05352,hello I have lost my phone and I'm worried someone's going to steal money from me,lost_or_stolen_phone
train-02514,Tell me why there is a fee for a card payment.,card_payment_fee_charged
train-04661,There was a charge made on my card from a couple weeks ago and I don't remember making the purchase. Nor do I remember the company itself. Can we trace this at all to confirm if I did it or not?,direct_debit_payment_not_recognised
train-07075,Why didn't my transfer to a beneficiary happen?,beneficiary_not_allowed
train-05685,A refund is taking too long.,Refund_not_showing_up
train-06530,How can I lookup the source for my available money?,verify_source_of_funds
train-09904,Which countries are supported,country_support
train-00481,They used the wrong rate when I made a purchase with foreign currency.,card_payment_wrong_exchange_rate
train-09047,Is it possible to have a discount for exchanging currency frequently?,exchange_charge
train-03929,My identity is unable to be verified.,unable_to_verify_identity
train-01545,What do I do if my card was stolen.,lost_or_stolen_card
train-05080,I can't get the ATM to give me any cash,declined_cash_withdrawal
train-05650,Why would you cancel my transfer?,declined_transfer
train-06408,"Hi, I was just checking over my card transactions and notice I was charged twice for a restaurant visit this week. Can you please remove one of these false charges from my account?",transaction_charged_twice
train-05884,Explain the payment that was declined!,declined_card_payment
train-03137,Where do I pay with my card?,card_acceptance
train-00579,What is the reason for the extra fee on my statement?,extra_charge_on_statement
train-08539,I added money but my top-up wasn't processed by the app.,top_up_failed
train-08312,the exchange rate I got for cash was wrong,wrong_exchange_rate_for_cash_withdrawal
train-09778,How do I prove I am who I am?,verify_my_identity
train-08851,I hope you can help me. Someone has stolen my wallet and now I have noticed that they have been taking money from my account.,cash_withdrawal_not_recognised
train-08001,What is the procedure for topping up with a cheque?,top_up_by_cash_or_cheque
train-04452,"On my disposable card, is there a transaction limit?",disposable_card_limits
train-06413,Why am I getting double charged for multiple transactions?,transaction_charged_twice
train-09371,When I got cash I was charged an extra fee!  Explain!,cash_withdrawal_charge
train-04179,I anticipate getting a Visa card,visa_or_mastercard
train-09329,"If you to to account, hit activate, and follow the instructions, you can activate it in just a few seconds.",activate_my_card
train-07392,What will I need to configure if my salary is in GBP?,receiving_money
train-08196,Why can't I make multiple payments with my virtual card?,virtual_card_not_working
train-02635,Why was I charged extra using my card?,card_payment_fee_charged
train-02771,How long does it take for the transfer to go through?,transfer_not_received_by_recipient
train-02294,Can I top up?,top_up_limits
train-08323,Can i get money in my home currency at my ATM ?I am on holiday and bit concerned because i do not have any cash with me .Is it possible to withdraw without any additional cost.,wrong_exchange_rate_for_cash_withdrawal
train-05682,Why haven't I received a refund yet?,Refund_not_showing_up
train-06198,What are the steps to finishing up with this account?,terminate_account
train-01700,How do I take a block off my card?,pin_blocked
train-00645,I was charged an extra dollar on my account and would like to know the reason.,extra_charge_on_statement
train-07468,Why can't I make a transfer?,failed_transfer
train-03705,How to edit personal details?,edit_personal_details
train-03637,I think my card is being used by someone else to make purchases that I didn't authorize! I checked my account and see that there have been quite a few purchases over the last two days that I have no idea where they came from. We need to freeze my card now! And I need to find a way to get my money back.,card_payment_not_recognised
train-01045,how long should I expect to wait for my card to arrive?,card_delivery_estimate
train-01041,When can I expect my card?,card_delivery_estimate
train-00493,My exchange seems to have something wrong with it. I changed over Russian Ruble to UK pounds and it appears I was charged way more than I was supposed to be.,card_payment_wrong_exchange_rate
train-00880,How many different currencies can I hold money in?,fiat_currency_support
train-08163,Where are the cards transported to?,order_physical_card
train-04863,I think my passcode was changed,passcode_forgotten
train-07998,How do I use a check to top up?,top_up_by_cash_or_cheque
train-08361,The exchange rate for foreign ATM currency is wrong.,wrong_exchange_rate_for_cash_withdrawal
train-07604,What are my bank details so I can do a transfer?,transfer_into_account
train-06664,"I just did a transfer, but don't see the money in my account. What's up?",transfer_timing
train-05540,I no longer want this can i cancel my purchase?,request_refund
train-07833,Will I be charged if I add more cards to the account?,getting_spare_card
train-05700,When will my returned transaction show up on my account?,Refund_not_showing_up
train-05934,My payment for my card is not working,declined_card_payment
train-02316,Is there a limit for top ups?,top_up_limits
train-03031,How can I obtain a virtual card?,getting_virtual_card
train-00519,"I changed the currency, but why is it costing more?",card_payment_wrong_exchange_rate
train-05243,My purchases from this morning still have pending payments.,pending_card_payment
train-05909,Can you tell me why my card payment did not work?,declined_card_payment
train-07194,Why was I charged an extra fee when doing a transfer?,transfer_fee_charged
train-03604,I don't think I made this transaction on my statement,card_payment_not_recognised
train-08802,What is this witdrawal,cash_withdrawal_not_recognised
train-07431,Why was I unable to finish this transfer?,failed_transfer
train-01675,Where do I find PIN for my card?,pin_blocked
train-03399,"I deposited a check yesterday and Im not seeing it in my account. i need the money, is there something wrong with my account? check it out please",balance_not_updated_after_cheque_or_cash_deposit
train-07336,I am paid by my employer in GBP; do I need to do anything in the app to indicate this?,receiving_money
train-09298,"My new card is here, what's the process for activating it?",activate_my_card
train-02852,How long will my most recent transfer take to go through? The recipient needs the money urgently.,transfer_not_received_by_recipient
train-05414,I want a refund,request_refund
train-05751,I requested a refund directly from the seller but I still don't have it. I just want you to send me my money back. I did what you said to do and I still don't have it.,Refund_not_showing_up
train-05979,Can you please advise if there is something wrong with my card? I have had multiple rejections and do not know the reason. Thanks!,declined_card_payment
train-00317,How's the exchange rate?,exchange_rate
train-08469,Top-up is not working,top_up_failed
train-07966,can i top up with check?,top_up_by_cash_or_cheque
train-00893,Can exchanged be made to EUR?,fiat_currency_support
train-06228,"This is terrible, i want to delete my account",terminate_account
train-03138,Which merchants accept this card?,card_acceptance
train-01364,Can money be exchanged from one currency to another?,exchange_via_app
train-08444,How can I get a virtual card for a one-time transaction?,get_disposable_virtual_card
train-06713,What is the length of time for money to reach the account?,transfer_timing
train-05926,I don't know why my card payment did not work,declined_card_payment
train-05756,"Hi! A seller that I requested a refund from a long time ago has yet to send the money into my account, even though I keep checking it. Can the seller be contacted by you guys to see what's going on?",Refund_not_showing_up
train-09004,How much do you charge for exchange rates?,exchange_charge
train-06464,The first payment I attempted for my card at the store earlier did not process so I had to make a second attempt. The second time it worked. It now appears I was charged twice. After looking at the app I see a pending charge. Please remove the pending amount because it is clearly not accurate and was declined.,transaction_charged_twice
train-03838,Why check my identity?,why_verify_identity
train-06575,How do I find out my source of funds?,verify_source_of_funds
train-03894,Are there any reasons that my identity wouldn't be accepted even though everything I've provided is factual?,unable_to_verify_identity
train-07699,How do i verify my card?,verify_top_up
train-09737,Why isn't my Google Pay top up working for me? Did I do something wrong?,apple_pay_or_google_pay
train-07959,I need to top up using a cheque,top_up_by_cash_or_cheque
train-04198,This transaction needs both a Visa and a Mastercard.,visa_or_mastercard
train-09159,I need to know what charges I will incur for using a European card for top up.,top_up_by_card_charge
train-05038,Why can't I get cash from the ATM?,declined_cash_withdrawal
train-09608,What do I do after my card expires?,card_about_to_expire
train-00676,Can you tell me why I was charged $1 for a transaction?,extra_charge_on_statement
train-08529,Why can't I topup my account?,top_up_failed
train-00939,What currencies can I exchange?,fiat_currency_support
train-04879,Help! I've forgot my app passcode!,passcode_forgotten
train-05816,My refund for a purchase hasn't  cone through yet.,Refund_not_showing_up
train-08601,I don't think my top up worked,top_up_failed
train-04833,Why doesn't my passcode work?,passcode_forgotten
train-06157,"I would like to close my account, as I'm not happy.",terminate_account
train-03318,I checked the app and my balance has not been updated for the cash or cheque deposit.,balance_not_updated_after_cheque_or_cash_deposit
train-08318,The applied exchange rate is wrong for the cash I got abroad.,wrong_exchange_rate_for_cash_withdrawal
train-02207,Where do I go to cancel a transaction?,cancel_transfer
train-08427,How do I order a disposable virtual card?,get_disposable_virtual_card
train-06465,I've got a repeated tranasaction on my card.,transaction_charged_twice
train-00396,where do you find your exchange rates?,exchange_rate
train-04073,I have a question regarding the PIN of the card?,get_physical_card
train-05929,I tried to pay with my card and it didn't work,declined_card_payment
train-09238,What do I do to activate?,activate_my_card
train-08354,The rate applied to my foreign currency at an ATM was incorrect.,wrong_exchange_rate_for_cash_withdrawal
train-03728,I moved and would like to change my address.,edit_personal_details
train-03636,My statement has a payment that I do not recall making,card_payment_not_recognised
train-03141,In what places can I use my card?,card_acceptance
train-04454,How much transactions do I get with a disposable card?,disposable_card_limits
train-06239,"The company is no good, please terminate my account.",terminate_account
train-09139,Is there a fee for topping up a card?,top_up_by_card_charge
train-05227,My payment is in the app but hasn't gone through yet,pending_card_payment
train-01031,Can I choose the day it's delivered?,card_delivery_estimate
train-01066,How long does it take for the card to come?,card_delivery_estimate
train-07032,Why has my beneficiary been denied?,beneficiary_not_allowed
train-01253,I have not been able to use this card.,card_not_working
train-00794,"My account says there are pending funds right now from withdrawing from an ATM, but my card was declined and I never took out any money. When will that money be deposited back into my account?",pending_cash_withdrawal
train-09647,Can I deposit money using Apple Pay?,apple_pay_or_google_pay
train-04559,What ATMs accept my card?,atm_support
train-01369,Can I possibly change my currency to another?,exchange_via_app
train-03390,"I sent a cheque to you a few days ago and the deposit has yet to appear in my account. I need this money, what is the problem?",balance_not_updated_after_cheque_or_cash_deposit
train-04494,What should I do if I think there are unauthorized transactions?,compromised_card
train-06945,How can I set a new pin.,change_pin
train-09143,Can I get information on topping up?,top_up_by_card_charge
train-03867,What is my identification used for?,why_verify_identity
train-05628,My transfer has been declined.,declined_transfer
train-08596,I topped up my account but the app failed to process it.,top_up_failed
train-06036,I have a pending transaction,pending_transfer
train-05354,"My phone was taken yesterday, is there something that I need to do?",lost_or_stolen_phone
train-05545,"I am having trouble doing a transfer. A ""Decline "" message appears after making the transfer.",declined_transfer
train-00961,Do you have a problem with EUR exchanges?,fiat_currency_support
train-00842,"I removed cash from an ATM earlier but it shows up as pending in the app. How can this still be pending, I already received the cash?",pending_cash_withdrawal
train-08898,My wallet got stolen a couple hours ago and now I've seen there already is a withdrawal. Help this is absolutely urgent I don't want to loose more money,cash_withdrawal_not_recognised
train-07461,Can you help me transfer money into my friend's bank account? I tried to do it but it keeps rejecting me. I need to get the money in there asap. I have enough and all the account info is correct.,failed_transfer
train-03383,Why hasn't my cash arrived from a deposited check?,balance_not_updated_after_cheque_or_cash_deposit
train-07143,"I couldn't transfer money to my bank, why not?",beneficiary_not_allowed
train-09380,"When I withdrew my money, why was there an extra charge?",cash_withdrawal_charge
train-04486,"I think that someone may be using my card, but I'm not sure,.",compromised_card
train-00363,Does the exchange rate change?,exchange_rate
train-09651,How do I go about topping up with Google Pay?,apple_pay_or_google_pay
train-09109,Do I get charged if I top up with my European bank card?,top_up_by_card_charge
train-06582,Can someone please explain to me where my source of funds came from?,verify_source_of_funds
train-09196,I want to use my card. How do I activate it?,activate_my_card
train-02164,"I made a rent payment from the wrong account yesterday. It absolutely has to go through tomorrow, so can you please reroute the payment to the right account?",cancel_transfer
train-04053,How do I locate my PIN now that I have my card?,get_physical_card
train-05833,I've been checking my statement to see if I've received a refund I requested from a seller a while ago has arrived. But it has not. This should have come back to me already. Can you help me figure out why it's not here and get my money back?,Refund_not_showing_up
train-02202,"Cancel my transfer, please.",cancel_transfer
train-09140,Will you charge me more if I use a European bank card for a top up?,top_up_by_card_charge
train-04233,Can I choose what card I can use,visa_or_mastercard
train-01850,Is there a fee to make a transfer?,top_up_by_bank_transfer_charge
train-07121,"I have tried to submit a transfer a couple of times now, and for some reason, it continues to be unsuccessful. Do you know why this may be?",beneficiary_not_allowed
train-06189,Your company is lame. Shut down all my account services right now.,terminate_account
train-09534,"My card's expiring a month from now, should I place an order for the new card?",card_about_to_expire
train-01966,I've been waiting for a top up to come through for over an hour and I need the funds now.,pending_top_up
train-01943,"Something is wrong with the top up! I'm a regular customer and use your service all the time, usually this works but now it just shows up as pending",pending_top_up
train-04702,i do not know what this charge is for,direct_debit_payment_not_recognised
train-07419,My friend would like to send me money. What are the options available to them?,receiving_money
train-03442,Why is the check I deposited this morning not showing up?,balance_not_updated_after_cheque_or_cash_deposit
train-03400,My cheque deposit didn't seem to work.,balance_not_updated_after_cheque_or_cash_deposit
train-03443,How long do deposits take to appear? I've been waiting for more than a week and need the money!,balance_not_updated_after_cheque_or_cash_deposit
train-08300,how come my withdrawal rate is wrong for my cash withdrawal,wrong_exchange_rate_for_cash_withdrawal
train-03463,"I deposited a cheque, but the balance hasn't changed yet.",balance_not_updated_after_cheque_or_cash_deposit
train-06254,I didn't get my card back from the ATM.,card_swallowed
train-00999,Can I have money of different country of origin.,fiat_currency_support
train-02682,what is this extra charge with my purchase?,card_payment_fee_charged
train-01868,Are SWIFT Transfers available at this bank?,top_up_by_bank_transfer_charge
train-08922,What is the strange cash withdrawal on my statement?,cash_withdrawal_not_recognised
train-04482,I believe that someone is using my card without my knowledge!,compromised_card
train-02706,I do not know where the transaction is.,transfer_not_received_by_recipient
train-01207,How do I activate auto top-up when traveling?,automatic_top_up
train-02694,Why am I being charged a fee for using my card? If there is some print out of places that charge me can you please send me that?,card_payment_fee_charged
train-07010,Why was I not allowed to do a transfer to a beneficiary?,beneficiary_not_allowed
train-05538,"Can you explain your refund policy, please?",request_refund
train-03933,Why am I unable to verify my id?,unable_to_verify_identity
train-07197,I bought something online and it says there was a fee to transfer money. Isn't that free?,transfer_fee_charged
train-05813,Is there a reason my refund isn't showing on my statement?,Refund_not_showing_up
train-05350,"left my phone at hotel, cant use app",lost_or_stolen_phone
train-05809,Why did I not get my refund yet?,Refund_not_showing_up
train-05030,Why am I not able to withdraw cash from this ATM?,declined_cash_withdrawal
train-07498,Why does it say my transfer failed?,failed_transfer
train-06827,How come I can't find my payment?,reverted_card_payment?
train-00923,What fiat currencies are used with holdings and exchanges?,fiat_currency_support
train-01208,Where can I find the auto-top option?,automatic_top_up
train-03129,Are there any limits to were my card is accepted?,card_acceptance
train-03198,"My money is gone. I had topped up recently and saw it was there and went through, but now it's disappeared, what is happening?",top_up_reverted
train-03935,I'm having a hard time proving my identity.,unable_to_verify_identity
train-02697,How do I know which payments I make will have additional fees? Where can I find this information online?,card_payment_fee_charged
train-00885,Can I have money in more than one currency in my account?,fiat_currency_support
train-06434,There is a payment that I was charged two times for.,transaction_charged_twice
train-09822,Where do I go to verify my identity?,verify_my_identity
train-02136,Who do I call to cancel a transfer?,cancel_transfer
train-02414,I was given the wrong amount of cash,wrong_amount_of_cash_received
train-08347,I got cash and the exchange rate should have been different than it ended up being.,wrong_exchange_rate_for_cash_withdrawal
train-02980,I want to top up my account. What payment methods are supported?,supported_cards_and_currencies
train-07394,Who can send me money?,receiving_money
train-00691,I checked my statement and am being charged one pound. Where did this charge come from?,extra_charge_on_statement
train-07451,"Hi, I'm in progress of purchasing a flat and am trying to make to make a payment.  An error is appearing, and I need assistance.",failed_transfer
train-06755,The card payment didn't work,reverted_card_payment?
train-07917,How do I go about ordering another card?,getting_spare_card
train-02772,What happens when I money transaction doesn't show up on the receiving side?,transfer_not_received_by_recipient
train-01679,Can someone assist me with explaining how I can unblock my pin?,pin_blocked
train-06639,What is the estimated time on an urgent transfer from China?,transfer_timing
train-04524,Questionable transactions on my account.,compromised_card
train-00073,"My card was supposed to arrive, but hasn't?",card_arrival
train-08404,What are disposable virtual cards?,get_disposable_virtual_card
train-09458,I saw a fee on my receipt from withdrawing money while shopping earlier.  Is there supposed to be a fee for this type of transaction?,cash_withdrawal_charge
train-05159,I need to know when a payment will actually go through. I completed a payment using my card but it is just showing as pending at this point and it has been a while ago.,pending_card_payment
train-07989,how do i find top up for cash deposit,top_up_by_cash_or_cheque
train-00559,"Last Saturday, I made a payment and the exchange rate was wrong.  I was charged too much.",card_payment_wrong_exchange_rate
train-06566,I want to know the source of my funds.,verify_source_of_funds
train-01673,Can I reset my PIN if it is blocked?,pin_blocked
train-03950,What should I do if I can't prove my identity.,unable_to_verify_identity
train-05847,The card payment I attempted to make failed.,declined_card_payment
train-06418,"I got double charged from something, what can I do?",transaction_charged_twice
train-02823,The recipient can not locate funds.,transfer_not_received_by_recipient
train-07086,"Why is my transfer not working? I tried multiple times to transfer money, and all that happens is an error message pops up.",beneficiary_not_allowed
train-00486,What do i do if the exchange rate was wrong for the item i bought overseas?,card_payment_wrong_exchange_rate
train-05126,What does it mean when it says that I have a payment that is pending?,pending_card_payment
train-01642,How old can one use your service?,age_limit
train-05385,i bought the wrong size and would like a refund,request_refund
train-01323,Did you deactivate my card it's not working anymore,card_not_working
train-03112,Who accepts the card?,card_acceptance
train-00200,Can I put my old card back in the app?,card_linking
train-05878,"I was just shopping and my payment was declined in a store!  It was very embarrassing, what is going on and when will it be fixed?",declined_card_payment
train-00470,The fee charged when I changed rubles into British pounds was too much.,card_payment_wrong_exchange_rate
train-00891,Do you convert to Euro?,fiat_currency_support
train-04582,How can I find an ATM that accepts this card?,atm_support
train-06037,How long is the wait for a money transfer to post?,pending_transfer
train-00554,I recently bought something in foreign currency and I am unsure of the exchange rate. Is this rate applied correctly?,card_payment_wrong_exchange_rate
train-05037,The ATM cancelled a transaction on me when I was trying to get some cash out.,declined_cash_withdrawal
train-09099,Is there a fee for european bank cards?,top_up_by_card_charge
train-08337,"On my last trip, I received the incorrect exchange rate.",wrong_exchange_rate_for_cash_withdrawal
train-09575,"The expiration date for my card is coming up, how do I get a new card?",card_about_to_expire
train-06523,What do I need to see my source of money?,verify_source_of_funds
train-01849,why do you charge for transfers?,top_up_by_bank_transfer_charge
train-05736,My account isn't showing the refund,Refund_not_showing_up
train-02345,I tried to withdraw $100 but only got $20. What happened?,wrong_amount_of_cash_received
train-03997,my pin hasn't arrived in the post! How do I cancel it or get a new one?,get_physical_card
train-02477,The atm didn'y give me all the cash,wrong_amount_of_cash_received
train-07597,I have money in a foreign account that I want to send to this account.,transfer_into_account
train-03957,How long will it take to verify my account?,unable_to_verify_identity
train-04723,I see a direct debit payment on my statement that wasn't me,direct_debit_payment_not_recognised
train-08518,I topped up my card but the app rejected it.,top_up_failed
train-06186,I want to end my account,terminate_account
train-06687,How many days until my US transfer arrives?,transfer_timing
train-07145,How can I transfer money to a beneficiary?,beneficiary_not_allowed
train-01245,I can't use my card because it is not working.,card_not_working
train-09388,"Why are you charging for cash withdrawals? I went to withdraw some money earlier today after getting my groceries, and it appears there is a fee that wasn't there before",cash_withdrawal_charge
train-02744,"How long should a transfer normally take to process completely? I have a friend that needs it right away, but it's already been 2 hours and she hasn't received it.",transfer_not_received_by_recipient
train-00241,What if I want to add a card I already have to the app?,card_linking
train-02243,How much is ok for me to top up with?,top_up_limits
train-03545,I didn't make a payment at this business.,card_payment_not_recognised
train-06718,How long does transfer from the US take?,transfer_timing
train-00116,How do I track the card you sent to me?,card_arrival
train-07155,Payment did not process,beneficiary_not_allowed
train-09994,Do you work in Greece?,country_support
train-05883,My card payment did not go through.,declined_card_payment
train-05791,How long will it take to refund me,Refund_not_showing_up
train-04357,Can I have more than 2 disposable cards?,disposable_card_limits
train-01590,What is the minimum age required to open an account with your service?,age_limit
train-08439,How do I use disposable cards?,get_disposable_virtual_card
train-00972,can I have multiple currencies?,fiat_currency_support
train-04992,I attempted to get cash in the ATM but it was not authorized,declined_cash_withdrawal
train-03810,Why is the identity check involved?,why_verify_identity
train-03825,Why are you asking so many questions about me?,why_verify_identity
train-03338,My account balance doesn't reflect an update I made by cheque yesterday. Is something wrong or is the system slow?,balance_not_updated_after_cheque_or_cash_deposit
train-09684,"I got my American Express in Apple Pay, why is top up not working on my device?",apple_pay_or_google_pay
train-07106,My money didnt go through after I transferred.,beneficiary_not_allowed
train-00436,the exchange rate at which my card payment is at is wrong,card_payment_wrong_exchange_rate
train-00018,My new card has not been delivered to my home yet. What is going on?,card_arrival
train-07258,"I've used my account frequently over the last month to manage my payments from abroad for my new place. I noticed that my fees have suddenly increased. As a frequent customer, shouldn't I be rewarded rather than suddenly being subject to a new fee?",transfer_fee_charged
train-07906,Is there a fee for sending out more cards?,getting_spare_card
train-05758,My refund is still pending,Refund_not_showing_up
train-08527,I can't get the top-up to work! What's going on here.,top_up_failed
train-07129,My transfer failed to a beneficiary,beneficiary_not_allowed
train-08185,I can't get the virtual card to work,virtual_card_not_working
train-03359,How do I see my updated balance after I make a cheque or cash deposit?,balance_not_updated_after_cheque_or_cash_deposit
train-09172,Will you assess me more fees if I top up with an international card?,top_up_by_card_charge
train-08477,My money I added isn't on my card.,top_up_failed
train-04633,what is the word?,direct_debit_payment_not_recognised
train-09258,I would like to activate my card what do I need to do?,activate_my_card
train-04304,My friends would like to add to my account. What is the procedure?,topping_up_by_card
train-02191,How do I go about cancelling a transaction?,cancel_transfer
train-01756,How many incorrect attempts cause card to be blocked?,pin_blocked
train-03756,I need to change my contact information.,edit_personal_details
train-00564,I was charged extra. Was the exchange rate for my payment last Saturday wrong?,card_payment_wrong_exchange_rate
train-07105,I have made several unsuccessful attempts to make a transfer.  I'm getting frustrated at getting error messages and it not going through.,beneficiary_not_allowed
train-08387,What is the function of the disposable cards?,get_disposable_virtual_card
train-00591,€1 was in my statement as an extra fee.,extra_charge_on_statement
train-05503,What is the refund process?,request_refund
train-05275,I am not sure where my phone is.,lost_or_stolen_phone
train-06412,I received duplicate charges.,transaction_charged_twice
train-03575,After looking at the app I noticed a couple of payments I know I did not make. Is it possible someone has accessed my card? What is actually going on?,card_payment_not_recognised
train-06613,How long will I have to wait for my money to be in my account?,transfer_timing
train-08357,I made an ATM withdrawal over the holiday and then later realized I was charged an exorbitant fee!  I never would've made this withdrawal if I'd known I'd be charged so much.,wrong_exchange_rate_for_cash_withdrawal
train-01115,are you sending me my card?,card_delivery_estimate
train-07761,Can you tell me where to find my top-up verification code?,verify_top_up
train-05643,"I'm trying to move money from my account to elsewhere, but it's giving me an error message.",declined_transfer
train-00164,I found my old card. Can I link it back into the app?,card_linking
train-08086,do i need to add money before i order a card,order_physical_card
train-06649,"How long does it take to transfer from china? Is there a way to transfer it quickly, I need it urgently?",transfer_timing
train-06046,"I've been waiting for a pending transfer to go through for a while now, and don't see any reason why I've been waiting this long.  I know that I have the correct account details, so that isn't the problem.",pending_transfer
train-04251,Could you tell me why my top up isn't showing in my wallet?,topping_up_by_card
train-09607,"The expiration of my card is near, how do I order a new card?",card_about_to_expire
train-08259,When I exchanged currencies the value of my money changed.,wrong_exchange_rate_for_cash_withdrawal
train-08512,My top-up didn't go through,top_up_failed
train-09012,What is the currency exchange fee?,exchange_charge
train-04853,I don't know the code for the app.,passcode_forgotten
train-05574,I have been trying to make transfers to another account but I keep getting a declined notice. I have checked all of my information more than once and my information is accurate.,declined_transfer
train-04523,What do I do if I think someone has used my card without permission? I can see a few transactions I don't recognize.,compromised_card
train-01079,"If I need delivery on a certain day, is that something that could be accommodated?",card_delivery_estimate
train-04037,I cannot find my PIN.,get_physical_card
train-06853,Explain why a card payment would be cancelled?,reverted_card_payment?
train-05733,How will I know when I get my refund?,Refund_not_showing_up
train-00912,What types of foreign money can be used with this service.?,fiat_currency_support
train-08996,Do currency exchanges cost extra?,exchange_charge
train-06054,I did a transfer but its still pending,pending_transfer
train-02290,Tell me about the limit for top ups.,top_up_limits
train-06942,Is going to a bank only way to change my PIN?,change_pin
train-08135,Can cards be delivered? Where?,order_physical_card
train-06447,Why do I have two charges It should only be one charge?,transaction_charged_twice
train-08879,"I am using the app, and I see cash withdrawals that I did not authorize.",cash_withdrawal_not_recognised
train-08010,What physical locations can I use cash to top up?,top_up_by_cash_or_cheque
train-01473,"I may no longer need GBP, but instead I will need AUD, how can I go about making this change?",exchange_via_app
train-08054,Can you tell me exactly what fees I will expect to see in regards to your cards?,order_physical_card
train-06142,I need you to delete my account now.,terminate_account
train-00905,Can you tell me the names of the fiat currencies that I can use at your institution?,fiat_currency_support
train-07400,How do I receive money from someone?,receiving_money
train-07241,"I do not like this, I made a simple transfer but I have an additional charge for doing so.",transfer_fee_charged
train-05225,Why hasn't my payment shown up yet?,pending_card_payment
train-05481,Would I be able to refund an item?,request_refund
train-03560,I have a payment that I didn't make.,card_payment_not_recognised
train-05539,How do I receive a refund for my item?,request_refund
train-04860,Where can I get a new passcode?,passcode_forgotten
train-01711,Where can I go to get my PIN unblocked?,pin_blocked
train-08245,I had trouble with an incorrect rate being applied when using the ATM with foreign currency.,wrong_exchange_rate_for_cash_withdrawal
train-03537,"There are charges on my card from the past few day I am pretty sure I didnt make, can you please freeze it for me? How do I get my money returned since it wasnt me?",card_payment_not_recognised
train-04322,Can somebody else top up my account?,topping_up_by_card
train-00504,The wrong exchange rate was used when I purchased an item.,card_payment_wrong_exchange_rate
train-01372,Is it possible to exchange currencies?,exchange_via_app
train-02240,Do I have a limit to the number of top-ups per day?,top_up_limits
train-07841,Are there any fees to get additional cards?,getting_spare_card
train-08243,Someone may have made an error in figuring out the rate of exchange.  I should have received more cash than I did on my most recent withdrawal.,wrong_exchange_rate_for_cash_withdrawal
train-04682,What do I do about a debit on my account that I didn't make?,direct_debit_payment_not_recognised
train-04837,I do not understand why my pass-code is not working.,passcode_forgotten
train-08676,I am still waiting on my bank transfer,balance_not_updated_after_bank_transfer
train-06988,How do I change my pin while traveling?,change_pin
train-04286,Can my account be topped-up by friends of mine.,topping_up_by_card
train-01385,How do I exchange currencies using the app?,exchange_via_app
train-05154,I'm still waiting on a payment,pending_card_payment
train-00773,"So much time has gone by, the pending status shouldn't still be there shouldn't it?",pending_cash_withdrawal
train-00261,help me link my card,card_linking
train-04462,I don't recognize some transactions.  Is someone else using it?,compromised_card
train-02178,Is it possible for a transaction to be cancelled?,cancel_transfer
train-05666,I went to do a transfer and it was declined.,declined_transfer
train-00374,Is the exchange rate current?,exchange_rate
train-02455,The ATM didn't give me what I asked for but my balance says it did,wrong_amount_of_cash_received
train-08155,What fees do you charge for the standard card?,order_physical_card
train-03372,I sent you a cheque a few days ago and I noticed that nothing has happened yet. Can you tell me the status of my cheque please?,balance_not_updated_after_cheque_or_cash_deposit
train-00629,Why is there a charge for $1 on my account?,extra_charge_on_statement
train-08037,Can I top up online?,top_up_by_cash_or_cheque
train-02612,There was a charge applied when I used my card.,card_payment_fee_charged
train-06449,"I went for a meal in Seattle and paid the bill but I think they charged me twice, the first time they swiped the card I got a notification to say the money had gone out the account but then I added a tip and I think they swiped it all again. Can you refund one of the charges?",transaction_charged_twice
train-08411,How can I go about getting a disposable virtual card?,get_disposable_virtual_card
train-03147,Can I use my card anywhere?,card_acceptance
train-07764,How do i secure a top-up card?,verify_top_up
train-05212,How long does it actually take for a card payment to go through? There's one stuck since a couple of days already that doesn't seem to move,pending_card_payment
train-03234,"I was under the impression that you offer crypto top up; however,  it doesn't appear to be working. The money has now disappeared from my account so I need to know what the deal is?",top_up_reverted
train-04615,Is this card accepted by ATMs?,atm_support
train-03071,I ordered a virtual card but it hasn't come through yet,getting_virtual_card
train-09764,I'm trying to use my Apple Watch to top up my google pay. Do I need a special app?,apple_pay_or_google_pay
train-02491,Why is my withdrawal wrong? I took out $100 but only received $20.,wrong_amount_of_cash_received
train-09628,How do I get a new card when my old one expires?,card_about_to_expire
train-03782,Why is identity verification required?,why_verify_identity
train-03779,I would like to know why so much identity information is required?,why_verify_identity
train-04629,What ATM locations are near me?,atm_support
train-08905,Some cash has been withdrawn but I didn't do it.,cash_withdrawal_not_recognised
train-00475,something is wrong with my exchange rate charge,card_payment_wrong_exchange_rate
train-01016,Can I have it delivered on a specific date?,card_delivery_estimate
train-02826,I made a transfer to my friend earlier and she hasn't received it yet.  What's the hold up?,transfer_not_received_by_recipient
train-08808,I lost my wallet and I think someone is withdrawing cash with my card. Please help. It is urgent.,cash_withdrawal_not_recognised
train-06641,Can I quickly send a transfer from China?  How long will it take?,transfer_timing
train-05580,"On my transfer there was a ""decline"" message",declined_transfer
train-02410,"I tried to withdraw some money from an ATM this morning but wasn't able to get the amount of cash I needed. The amount in the app says what I was trying to withdraw was deducted, but I don't have any money. What do I do about this?",wrong_amount_of_cash_received
train-00451,"I seem to have been charged to much for my holiday purchases, the exchange rate is wrong.",card_payment_wrong_exchange_rate
train-08015,I would like to pay by cheque.,top_up_by_cash_or_cheque
train-01510,What do I do if my card is stolen?,lost_or_stolen_card
train-06819,Why is my card payment cancelled?,reverted_card_payment?
train-01524,I can't find my card!  What should I do?,lost_or_stolen_card
train-05597,It appears my transfer was declined.,declined_transfer
train-07968,What apps can I use to top up my account?,top_up_by_cash_or_cheque
train-07327,"I just recently got a new beach condo in Bora Bora, and to furnish it I used this account a lot from overseas. It's upsetting, being a long-time customer of yours, that I saw extra fees on my account from my currency transfer. Is this what I should expect from you in the future?",transfer_fee_charged
train-03091,Is there a way to order a virtual card on the website?,getting_virtual_card
train-01789,I've tried using my contactless in several locations today and it's not working anywhere. It seemed fine before. How do I get it to work again?,contactless_not_working
train-09379,Why was I charged for withdrawing cash?,cash_withdrawal_charge
train-09266,Tell me how to renew my new card?,activate_my_card
train-04613,How many ATMs will take this card?,atm_support
train-09085,Do I get charged for a top up from a European bank?,top_up_by_card_charge
train-04667,A direct debit appears in the app but I didn't authorize it.,direct_debit_payment_not_recognised
train-05223,I made a payment that seems to be stuck. It's been a couple of days already. Can you tell me how long it will take?,pending_card_payment
train-09714,How do i top up my google pay?,apple_pay_or_google_pay
train-04815,"I thought I knew my password but I guess I was wrong, what can I do now?",passcode_forgotten
train-07036,Why can't I transfer to another account?,beneficiary_not_allowed
train-02894,What currency can I use to add money?,supported_cards_and_currencies
train-05771,Hi I'm waiting for a refund for an item I bought. I have contacted the merchant directly but had nothing back. Can you tell me whether or not you are able to refund me for the item?,Refund_not_showing_up
train-06300,How do I get my card back after the ATM swallowed it.,card_swallowed
train-05610,I tried to transfer but it was declined,declined_transfer
train-06780,I used my card to make a payment and wondered why the payment was reverted?,reverted_card_payment?
train-01314,Can you tell me why I can't make any transactions?,card_not_working
train-04010,I am not able to see the card PIN anywhere?,get_physical_card
train-07482,is the a reason why my transfer has failed?,failed_transfer
train-09182,How do I verify my new card?,activate_my_card
train-00682,"There is an unexplained $1 charge on my statement, can you please explain this to me?",extra_charge_on_statement
train-09186,My card needs to be activated.,activate_my_card
train-09852,What are acceptable documents to prove my identity?,verify_my_identity
train-00561,I purchased an item and the exchange rate was wrong,card_payment_wrong_exchange_rate
train-09879,If I live outside of the UK am I still eligible for a card?,country_support
train-01984,My top up is pending still,pending_top_up
train-08769,How long do bank transfers usually take?,balance_not_updated_after_bank_transfer
train-00498,My card payment has the wrong exchange rate,card_payment_wrong_exchange_rate
train-08480,Why did my credit card get declined for top up?,top_up_failed
train-05793,"Can you let me know where my refund money is? I requested a refund a few days back, but it's not showing up yet.  Do you guys have the money yet? Maybe it's just not in my account.  Let me know when it will become available, please.",Refund_not_showing_up
train-07931,Can I give a second card for this account to my daughter?,getting_spare_card
train-09675,Can I top-up via Apple Pay?,apple_pay_or_google_pay
train-03563,How do I find out how or where this transaction on my account came from?,card_payment_not_recognised
train-09089,What is the fee if I use a European bank for a top up?,top_up_by_card_charge
train-06393,What do I do if I have been charged twice?,transaction_charged_twice
train-05601,What would be a reason my transfer got declined?,declined_transfer
train-03458,My cheque is taking a while,balance_not_updated_after_cheque_or_cash_deposit
train-09275,What information do I need to gather in order to activate my card?,activate_my_card
train-05174,"My card payment is just showing up as pending since forever, what's going on with that, when should it be going through?",pending_card_payment
train-09554,I need a new card before it expires.,card_about_to_expire
train-08580,"I could not get a top-up to work, why?",top_up_failed
train-02833,Why doesn't the person I sent money to see that transfer yet?,transfer_not_received_by_recipient
train-03819,Can I go ahead and use my account even though my identify hasn't been verified yet?,why_verify_identity
train-04916,What can I do if my passcode won't work?,passcode_forgotten
train-02543,I bought something with my card and I was charged a fee,card_payment_fee_charged
train-06587,I'd like to know where my funds come from.,verify_source_of_funds
train-09042,"If someone in a different country sends me money, do I have to pay a fee?",exchange_charge
train-03942,What am i missing to verify my id?,unable_to_verify_identity
train-08935,There is a cash withdrawal on my statement that I don't recognize,cash_withdrawal_not_recognised
train-02314,I need someone to assist me with explaining how much I can top-up.,top_up_limits
train-09312,Could you please tell me how to activate my new card?,activate_my_card
train-06669,What is the longest a US transfer should take to appear in my account?,transfer_timing
train-03515,There are a couple of payments with my card shown in the app that in reality I didn't make. Maybe someone has access to my card?Can you check whats the issue ?,card_payment_not_recognised
train-03661,My last name has changed and I need to update my account details.,edit_personal_details
train-00907,Which flat currencies are supported for holding and exchange?,fiat_currency_support
train-07357,I need my payment in another currency,receiving_money
train-08536,My top up isnt working,top_up_failed
train-08980,is there a foreign currencies charge?,exchange_charge
train-00644,What is this fee debit on my account?,extra_charge_on_statement
train-06907,I want to choose a new PIN.,change_pin
train-03384,"I put money in my account a week ago but its still not there, what is happening?",balance_not_updated_after_cheque_or_cash_deposit
train-04432,Are there any restrictions for the disposable cards?,disposable_card_limits
train-03006,want to know how to get virtual card,getting_virtual_card
train-06170,I would like to cancel my account.,terminate_account
train-02715,"A transaction I did to my friend hasn't arrived yet, why?",transfer_not_received_by_recipient
train-07549,Can you please explain why my transfer failed?,failed_transfer
train-02575,I paid with a card and there is an extra charge. Why?,card_payment_fee_charged
train-05398,What is the refund policy?,request_refund
train-03980,The app doesn't believe that I am myself,unable_to_verify_identity
train-08617,After I transferred money the balance remained the same.,balance_not_updated_after_bank_transfer
train-08000,Where is the option to top up with a cheque?,top_up_by_cash_or_cheque
train-05194,I got some items this morning but the payment says pending,pending_card_payment
train-00362,I'd like to know what the foreign exchange rate will be.,exchange_rate
train-04061,How long does it take for me to get my pin,get_physical_card
train-00194,Help me figure out how to link the new card.,card_linking
train-02808,I haven't received money from a transfer?,transfer_not_received_by_recipient
train-07734,Why verify the top-ups?,verify_top_up
train-02095,I want to revert a transaction I did this morning,cancel_transfer
train-00793,I tried to get some money but the machine was not working .The transaction still seems in progress! Can you please check what's going on.I don't want to be charged for money that I did not received.,pending_cash_withdrawal
train-09860,why do I need to show ID,verify_my_identity
train-08407,Please can i get a disposable virtual card as well?,get_disposable_virtual_card
train-06747,My payment came back for something i'm trying to buy online? it's been doing it for two weeks.  do you know what the issue is?,reverted_card_payment?
train-07060,why didnt my account allow a transfer,beneficiary_not_allowed
train-09639,"My card has an expiration date, will you send a new one automatically?",card_about_to_expire
train-03866,Can I already use my account although the identity verification has not passed yet?,why_verify_identity
train-04609,Are there any ATM's near me that accept this card?,atm_support
train-05952,Why was the payment on my card declined?,declined_card_payment
train-00568,"I  have been charged more than I should for the presents I bought  when abroad, the problem seems to be the exchange rate.",card_payment_wrong_exchange_rate
train-09115,Will you charge me for topping up with a European card?,top_up_by_card_charge
train-04689,How can I dispute a direct debit transaction?,direct_debit_payment_not_recognised
train-09696,need help with google pay top up,apple_pay_or_google_pay
train-02183,Is it possible to cancel my transfer?,cancel_transfer
train-04112,If I can't choose my card type will I be able to use it everywhere?,visa_or_mastercard
train-01745,I entered my pin wrong  too many times.,pin_blocked
train-04510,"i didnt make these transactions, i think my card details might be stolen",compromised_card
train-03822,Can I use my account although the identity verification has not been accepted yet?,why_verify_identity
train-05180,What does it mean if it says that my payment is pending?,pending_card_payment
train-00026,How do I track the card you sent me?,card_arrival
train-08047,How much does it cost for a physical card?,order_physical_card
train-06608,How many days do I have to wait for the transfer to reach my account?,transfer_timing
train-04288,How do I top up by card?,topping_up_by_card
train-01640,Can my daughter make an account?,age_limit
train-08106,How can I order a card?,order_physical_card
train-05844,I was just shopping online for some tickets and the payment was declined by you.  Why has this happened?  I am certain I have the right amount of funds in my account.,declined_card_payment
train-02253,Is there a limit to how much I can top-up?,top_up_limits
train-08524,My top up didn't go through,top_up_failed
train-00739,"I have the cash already, my account still shows up as pending.  How can my account be still pending?",pending_cash_withdrawal
train-05357,I'm not sure where my phone is.  Can someone else use the app?,lost_or_stolen_phone
train-01648,My daughter needs to open account.,age_limit
train-07577,I can't figure out how to transfer money into my account.,transfer_into_account
train-01892,Am I going to be charged for receiving  money?,top_up_by_bank_transfer_charge
train-05905,For some reason my card payment didn't work,declined_card_payment
train-08623,Can you please check my UK Account to make sure everything went alright?  I made the transfer a couple of hours ago.,balance_not_updated_after_bank_transfer
train-01431,How do you exchange currencies,exchange_via_app
train-09103,Are there going to be fees from adding money with an international card?,top_up_by_card_charge
train-03846,Can you explain more about why should I verify my identity?,why_verify_identity
train-00410,My payment has an incorrect exchange rate.,card_payment_wrong_exchange_rate
train-01819,What are the charges for receiving a SEPA transfer?,top_up_by_bank_transfer_charge
train-06165,I am not satisfied with your company and wish to delete all accounts immediately.,terminate_account
train-03540,There is an unauthorized payment in my statement.,card_payment_not_recognised
train-00118,Could you send me and up date on the arrival of my card?,card_arrival
train-04907,Can I reset the passcode?,passcode_forgotten
train-09865,How do I complete the ID check?,verify_my_identity
train-04084,When do I get my card PIN?,get_physical_card
train-02221,What do I need to do to cancel a transaction?,cancel_transfer
train-06301,"My card is stuck in an ATM machine, how do I get it back quickly?",card_swallowed
train-02873,Can I use my American Express card to add money into my account?,supported_cards_and_currencies
train-07347,What are the steps for getting money from a friend?,receiving_money
train-04990,My cash withdrawal was declined.  Why?,declined_cash_withdrawal
train-03618,There is a strange card payment I don't recognise.,card_payment_not_recognised
train-09694,My google top-up pay is not going through,apple_pay_or_google_pay
train-00677,Why is there an extra €1 fee in my statement?,extra_charge_on_statement
train-09664,Can I add funds directly from my Apple Watch?,apple_pay_or_google_pay
train-08551,I was trying to top up my account and it isn't working,top_up_failed
train-02901,I wish to use my American Express to put funds into my account.,supported_cards_and_currencies
train-05158,"I did a payment with my card but seem that didn't work, it's still listed as pending since a while ago. When does this actually go through?",pending_card_payment
train-09358,Why was I charged for a cash withdrawal at the ATM?,cash_withdrawal_charge
train-03605,There is a weird payment in my statement.,card_payment_not_recognised
train-01348,What's going on? My card wont accept any transactions.,card_not_working
train-02424,How can I request cash back? The ATM just gave me a different amount than what I've been charged though...,wrong_amount_of_cash_received
train-03497,"If I see a payment in the app that I don't recognize, what should I do?",card_payment_not_recognised
train-09508,What is the fee for a cash withdrawal?,cash_withdrawal_charge
train-09020,What fee will be charged for exchanges?,exchange_charge
train-06049,"Hey I double checked that I have the correct account details already, they're right for sure. Transfer is still pending since forever. It's not that difficult to transfer money to another country in 2018 is it?",pending_transfer
train-02676,Why am I being charged a fee on a card payment?,card_payment_fee_charged
train-02215,The wrong account was used during a transaction.,cancel_transfer
train-09543,I'm in China and need a new card. Please help.,card_about_to_expire
train-06573,Show me the source of my money.,verify_source_of_funds
train-03377,I made a deposit but it is not showing up in my balance.,balance_not_updated_after_cheque_or_cash_deposit
train-04898,I lost my passcode.,passcode_forgotten
train-06226,I need you to delete my account right now.,terminate_account
train-00795,How long before I can see that my cash withdrawal has taken place?,pending_cash_withdrawal
train-05122,How is my card payment still pending?,pending_card_payment
train-04761,I have an unfamiliar direct debit in my statement.,direct_debit_payment_not_recognised
train-07852,I'd like to have extra cards. Will I have to pay for that?,getting_spare_card
train-08187,i cannot get virtual card to work,virtual_card_not_working
train-00500,Why is the exchange rate different from what I expected?,card_payment_wrong_exchange_rate
train-04744,I have a direct debit that I did not set up,direct_debit_payment_not_recognised
train-09330,Is my new card activated?,activate_my_card
train-04060,How do I know what my PIN is?,get_physical_card
train-08923,Why would the app show a withdrawal that I did not make?,cash_withdrawal_not_recognised
train-07504,I couldnt transfer money from my account.,failed_transfer
train-05453,I would like to receive a refund for something I bought.,request_refund
train-08492,"Hi, My card is getting declined during top-up. As it urgent, could you please resolve this issue, or guide me with other alternatives if any.",top_up_failed
train-01028,"To deliver to the US, how long will it take?",card_delivery_estimate
train-04090,I've been waiting ages and my PIN hasn't gotten here.,get_physical_card
train-01542,Someone took my card without my permission.,lost_or_stolen_card
train-00721,Where did the  €1 fee in my statement come from,extra_charge_on_statement
train-01132,Is there a auto top-up option?,automatic_top_up
train-04972,"I tried to get money out of the Notting Hill ATM earlier, but wasn't able to. Is my card working okay? It's the first time I tried using it.",declined_cash_withdrawal
train-08278,I think that the exchange rate for the withdrawal of my cash is not right.,wrong_exchange_rate_for_cash_withdrawal
train-03921,The app is not able to realize that it is me.,unable_to_verify_identity
train-04678,There are automatic debits on my account that I did not make.,direct_debit_payment_not_recognised
train-04108,I want a mastercard,visa_or_mastercard
train-03979,Why hasn't the app verified my identity?,unable_to_verify_identity
train-04900,Instruct me how to reset the passcode.,passcode_forgotten
train-08098,Do I receive the physical card for free,order_physical_card
train-06072,How long would does it take for a seller to receive an EU transfer if I bought something from them and sent them the money immediately?,pending_transfer
train-03101,Is the card welcomed by everybody?,card_acceptance
train-06029,"My transfer is quite urgent, and finally worked out, but I've been waiting for it for quite some time. Can you tell me how long to expect to wait for it?",pending_transfer
train-05919,Why does is payment not going through? Did my account get frozen or some other issue I don't know about. What can I do to fix this problem?,declined_card_payment
train-00426,My exchange rate was wrong for an Item I bought!,card_payment_wrong_exchange_rate
train-08409,Where do I get a disposable card,get_disposable_virtual_card
train-00223,"In the app, how can I make it show the new card that arrived?",card_linking
train-09174,Will there be any fees for top ups?,top_up_by_card_charge
train-03769,I have a new email.,edit_personal_details
train-01793,Can I make a contactless payments?,contactless_not_working
train-03620,There are a couple payments with my card in the app I see that I didn't create. What is happening? Maybe someone gained access to my account.,card_payment_not_recognised
train-08149,Where do I find our how to get a physical card?,order_physical_card
train-00765,I made a cash withdrawal earlier and it's showing as pending.  What does that mean?,pending_cash_withdrawal
train-05630,"Unable to complete transfer, states 'declined'",declined_transfer
train-09851,Tell me what the steps for the identity checks are,verify_my_identity
train-06692,how long does it take for a transfer from Europe to go through?,transfer_timing
train-06259,The ATM took my card.,card_swallowed
train-03600,There is a payment with my card which i definitely did not make by me .Never seen that it before.,card_payment_not_recognised
train-00421,After purchasing an item I noticed the exchange rate was incorrect.,card_payment_wrong_exchange_rate
train-00221,I need to find the card I received in the app.,card_linking
train-08944,How much is the exchange fee?,exchange_charge
train-04411,Is there a transaction limit for a disposable card?,disposable_card_limits
train-06932,Can I change my PIN on my phone?,change_pin
train-02120,I did a transaction to a wrong account!,cancel_transfer
train-01152,I need to know the if there is a limit on the amount for auto top-up.,automatic_top_up
train-04909,I need to reset the passcode.,passcode_forgotten
train-08834,Help! I just realised someone has apparently withdrawn money using my card! It's from some odd remote town where I definitely haven't been. Please freeze it immediately!,cash_withdrawal_not_recognised
train-06433,Hi. I noticed I have a duplicate charge which I have not made twice. Who should I talk to take care of this?,transaction_charged_twice
train-09875,Where are you cards supported?,country_support
train-09052,are there any exchange fees,exchange_charge
train-07237,I had an unexpected fee,transfer_fee_charged
train-07607,My account is devoid of funds. Am I permitted to submit additional money via bank transfer?,transfer_into_account
train-00145,Why haven't I gotten my new card?,card_arrival
train-06204,"I don't want this account anymore, how do I delete it?",terminate_account
train-04675,I don't recognise a Direct Debit payment,direct_debit_payment_not_recognised
train-03126,What are the limits to where my card will be accepted?,card_acceptance
train-03184,The app declined my top up. What did I do wrong?,top_up_reverted
train-02982,What card or currency can I use to pay?,supported_cards_and_currencies
train-05723,Why hasn't my refund been appiled to my account?,Refund_not_showing_up
train-00158,"I just got a card, how can I add it to the app?",card_linking
train-03428,The cash deposit I made this morning has not been credited to my account,balance_not_updated_after_cheque_or_cash_deposit
train-04811,I haven't used my card all day but there is a payment showing in the app. Please cancel it!,direct_debit_payment_not_recognised
train-04570,Where should I withdraw money from?,atm_support
train-03961,I don't have a way to prove my identity.,unable_to_verify_identity
train-06063,My transfer is stuck pending? How do we fix it to it goes through?,pending_transfer
train-07092,I need to move money to another beneficiary. Why is it not working?,beneficiary_not_allowed
train-08180,I can't seem to get my virtual card to work.,virtual_card_not_working
train-08013,How do I top-up my card with a cheque?,top_up_by_cash_or_cheque
train-08014,Am I able to top up with this cheque I received?,top_up_by_cash_or_cheque
train-00443,This exchange rate on my purchase is wrong.,card_payment_wrong_exchange_rate
train-05908,Why did my payment fail?,declined_card_payment
train-06351,"Looks like my card payment was duplicated after all. I went to pay at the store earlier, got declined once, second time it works. App still stays pending for one of the payments. Can you please remove one of them as it's wrong and clearly was declined?",transaction_charged_twice
train-03538,I have a payment I didnt make on my account,card_payment_not_recognised
train-06248,"My card got trapped inside an ATM, what should I do?",card_swallowed
train-02577,"There are multiple instances where you added a fee to the payment, as well as some where you didn't. Do you have an outline of when a fee will be added?",card_payment_fee_charged
train-08738,I made a transfer from my UK account a couple of hours ago.  Could you please make sure everything went alright.,balance_not_updated_after_bank_transfer
train-06459,"Looks like my card payment was made twice by mistake. I paid at the store earlier which rejected once, second time it worked. App stays at pending for one of the payments. Can you please remove one of them as it's wrong and clearly was declined?",transaction_charged_twice
train-04440,Is there a limit to the number of disposable cards per day?,disposable_card_limits
train-02344,I didn't get all the cash I asked for,wrong_amount_of_cash_received
train-08737,I made a transfer a couple hours ago but my balance has not been updated. Why is this? Shouldnt this be instant?,balance_not_updated_after_bank_transfer
train-04754,I think I was charged by mistake on my debit statement.,direct_debit_payment_not_recognised
train-06567,where can i see money source?,verify_source_of_funds
train-07150,My card isn't letting me purchase something and I wanted to know why.,beneficiary_not_allowed
train-08892,I am seeing in the App a some cash withdrawal that I did not do,cash_withdrawal_not_recognised
train-09689,Can I use my apple watch to top up?,apple_pay_or_google_pay
train-01609,What is the age limit?,age_limit
train-03216,What should I do?  I topped off but the app reversed  it.,top_up_reverted
train-06854,What happens if my card payment is cancelled?,reverted_card_payment?
train-00824,What does it mean if my cash withdrawal is pending?,pending_cash_withdrawal
train-09810,I'm not sure what I need to verify my identity.,verify_my_identity
train-01610,Can my children have an account?,age_limit
train-05559,Why do you keep declining my transfers? it's always been working really well so far but when I tried to buy something just now the card got declined . I tried couple of times already  but same thing is happening .,declined_transfer
train-08219,"I have made a withdraw from an ATM this last holiday, why is there such a high charge from this transaction?",wrong_exchange_rate_for_cash_withdrawal
train-07645,Can you tell me how transferring money into my account works?,transfer_into_account
train-00025,It's been a week since you sent my card and I still don't have it.,card_arrival
train-05123,Why is my card payment still pending?,pending_card_payment
train-06694,When will a transfer from the US post?,transfer_timing
train-09489,Is there a charge for getting cash?,cash_withdrawal_charge
train-02537,Why was I charged a fee for using my card,card_payment_fee_charged
train-02352,I requested a higher amount for my cash withdrawal,wrong_amount_of_cash_received
train-03531,There is a strange payment on my card and I don't know what to do.,card_payment_not_recognised
train-03833,Can I use my account even though the identity verification has not passed yet?,why_verify_identity
train-06765,What should I do if my card payment was cancelled?,reverted_card_payment?
train-07377,can my husband open an account and transfer money,receiving_money
train-07026,Hello - I'm on the app and trying to purchase crypto. It's not going through. What am I doing wrong?,beneficiary_not_allowed
train-00244,Is there a way to link cards if I have one of yours?,card_linking
train-06353,"Hello, I just checked my card transactions and saw that I was charged twice for a restaurant visit I did earlier this week. Is it possible to remove one of them and get my false paid money pack?",transaction_charged_twice
train-05673,Please explain why my transfer attempt was declined. Thank you.,declined_transfer
train-03900,I'm having trouble proving my identity,unable_to_verify_identity
train-02750,Where did the money transfer go?,transfer_not_received_by_recipient
train-00466,Why isn't my purchase exchange rate correct?,card_payment_wrong_exchange_rate
train-09292,I have a new card and I need to activate it.,activate_my_card
train-05976,I had a card payment that was declined.  Why?,declined_card_payment
train-05633,why did i get declined transfer,declined_transfer
train-04237,I can't see my top up in my wallet!,topping_up_by_card
train-05511,Are purchases returnable for full refund?,request_refund
train-06981,I want to replace my current PIN.,change_pin
train-05399,I just bought an item and changed my mind.  I have not received it yet how can I get refunded.  Thank you.,request_refund
train-02470,The cash I asked for still hasn't been received,wrong_amount_of_cash_received
train-09827,what documentation do I need for the identity check?,verify_my_identity
train-09353,I don't understand why I was charged extra for withdrawing money?,cash_withdrawal_charge
train-05062,Why was my cash withdrawal cancelled at the ATM?,declined_cash_withdrawal
train-09668,How do you Top Up on the apple watch?,apple_pay_or_google_pay
train-02538,Let me know when I get charged extra for payments. I saw on the app a fee I wasn't forewarned about.,card_payment_fee_charged
train-03096,Is there anywhere I can't use my card?,card_acceptance
train-04259,Can I let other people have access to my account in order to top up?,topping_up_by_card
train-01723,What happens if I forget my PIN?,pin_blocked
train-02341,Did a WD earlier at an ATM.  The amount showing in the App is more than I got though.,wrong_amount_of_cash_received
train-01738,My PIN isn't working.,pin_blocked
train-04192,"Given a choice, I'd rather have Mastercard.",visa_or_mastercard
train-05566,"I was doing a transfer and received a ""decline"" message.",declined_transfer
train-09568,I need to order a new card as my old one will expire soon. Can you tell me how to order a new one?,card_about_to_expire
train-06960,I want to change my pin number from an ATM. Is this possible?,change_pin
train-07557,The transger I tried to make failed.,failed_transfer
train-03934,"Hearing about your verification results from us may take anywhere from 10 minutes to approximately one hour.  If this verification has in fact, failed, double-check to make sure that your images are clear.  Also make sure that your document photos have no blur or glare. They need to be readable.  You must also be 18 years of age or older and be a resident of Switzerland or the European Economic Area to open an account.",unable_to_verify_identity
train-01375,How can I change currency type?,exchange_via_app
train-09245,How can I activate the new card i got?,activate_my_card
train-03519,"Hi, there is a suspicious payment from my card. I definitely do not know who this is or who could have made this payment.",card_payment_not_recognised
train-06268,I can't get my card out of the ATM,card_swallowed
train-00736,An extra fee of €1 was in my statement,extra_charge_on_statement
train-01685,When I was drunk I got my card stuck in your machine because i mis-typed my PIN. What do I need to do to get it restored?,pin_blocked
train-05050,Why is my card being declined at the ATM? I have tried multiple ATMs and i keep running into the same problem. Could you verify that everything is okay with my account?,declined_cash_withdrawal
train-04986,I cannot withdraw money from the ATM,declined_cash_withdrawal
train-00479,The exchange rate applied is wrong for my international purchase.,card_payment_wrong_exchange_rate
train-09247,How do I activate a card?,activate_my_card
train-05422,Please help! I need a refund on a transaction on something I bought and I need the refund right away!,request_refund
train-05585,How do I make sure my transfer isn't goin to an unsupported merchant?,declined_transfer
train-00889,Are EUR exchanges allowed?,fiat_currency_support
train-07774,Do i need to verify my top up?,verify_top_up
train-05709,"I requested a refund from a merchant several days ago, but don't see anything showing up in my account yet.  Can you check on your end to see if the money has reached you guys?",Refund_not_showing_up
train-08293,How can I get money in my home currency while I'm traveling internationally? I wanted to take it out of a local ATM but am worried that I will get charged extra fees.,wrong_exchange_rate_for_cash_withdrawal
train-08389,Is there a disposable virtual card?,get_disposable_virtual_card
train-01915,How much would I be charged for a transfer?,top_up_by_bank_transfer_charge
train-01187,"When I travel, can it automatically add money in certain intervals?",automatic_top_up
train-08132,how much does a card cost and why do you charge me,order_physical_card
train-00894,I need to know what flat currencies you support for holding and exchange.,fiat_currency_support
train-09160,"If I add money with an international card, are there any fees?",top_up_by_card_charge
train-03295,Why has my top up been returned?,top_up_reverted
train-07422,"If my salary is in GBP, do I need to do something?",receiving_money
train-07886,Would it be possible for me to get a second card?,getting_spare_card
train-01333,My card is broken,card_not_working
train-08872,"Someone withdrew money from my account, and it wasn't me.",cash_withdrawal_not_recognised
train-06087,What is the average pending time for a transaction?,pending_transfer
train-07453,"The transfer keeps failing - I tried to transfer some money to friends this morning but it keeps getting rejected for some reason, I have no idea why",failed_transfer
train-08076,Is there a charge for a physical card?,order_physical_card
train-02624,What is this extra fee that I got when I used my card to pay?,card_payment_fee_charged
train-04083,Where is the PIN number found?,get_physical_card
train-01532,Please help me.  My card is missing.,lost_or_stolen_card
train-08837,"I am seeing in the app, some cash witdhrawals that I did not authorize.",cash_withdrawal_not_recognised
train-06184,I want to terminate my account,terminate_account
train-01108,How long are deliveries to the US?,card_delivery_estimate
train-05896,my payment was rejected,declined_card_payment
train-09170,How much is it to use my US debit or credit card to top up?,top_up_by_card_charge
train-06326,I have a duplicate payment on my card.,transaction_charged_twice
train-08115,How do I actually obtain a card myself?,order_physical_card
train-06103,Why is my last transfer pending?,pending_transfer
train-02238,What's the limit to how much I can top up?,top_up_limits
train-03635,I have a confusing payment appear on my statement and I don't recognise it!,card_payment_not_recognised
train-05178,When is a payment I made with my card going to clear>,pending_card_payment
train-03283,"So, I was under the impression that you have an offer for crypto top up. This doesn't seem to be working. Now, the money has just disappeared from my account. What is the deal?",top_up_reverted
train-04495,How do I stop fraud to my card?,compromised_card
train-02914,Which currencies do you handle?,supported_cards_and_currencies
train-03783,Why is my identification required?,why_verify_identity
train-06404,"I went to the store and tried to make a purchase.  The first time, it was declined, but the second one went through.  But my App shows me that I've already been charged once and the second charge is still pending.  Can you make sure that I'm not charged twice?",transaction_charged_twice
train-05829,Im not sure if a seller is giving me my money back! I asked them to refund my money for the item but It's been a week now and still nothing has been given back to me. Can you resolve this for me?,Refund_not_showing_up
train-06147,"for god sake, just delete my account i am sick of this",terminate_account
train-09975,"I live in the EU, can I get one of your cards?",country_support
train-04089,"I'm looking in the App and can't find my PIN, where should I look?",get_physical_card
train-03746,I moved and need to change my personal information.,edit_personal_details
train-04211,Can I use a Visa or Mastercard?,visa_or_mastercard
train-09468,Are there charges for cash withdrawals?,cash_withdrawal_charge
train-09472,When did you start charging to make a withdrawal? How much is it now? I always thought it was free.,cash_withdrawal_charge
train-09882,Do you have to be in the UK to get a card?,country_support
train-02880,How can I top up my card with another card?,supported_cards_and_currencies
train-02074,I'm not certain my top-up went through yet.,pending_top_up
train-01094,When will I get my card shipped to me?,card_delivery_estimate
train-02642,What is the charge for paying with my card?,card_payment_fee_charged
train-04185,Do you take both Visa and Mastercard?,visa_or_mastercard
train-08519,"I attempted to top-up with my card this morning, but the transaction was unsuccessful. I received the card two days ago and was successful using it previously. Could you please help me?",top_up_failed
train-03658,"I need to change my name, since i just got married",edit_personal_details
train-02792,Why can't the recepient of my money transaction see it?,transfer_not_received_by_recipient
train-04630,What ATM accepts Mastercard?,atm_support
train-01424,Is it possible to exchange USD and GBP on the app?,exchange_via_app
train-02502,I visited the ATM but got less money than what I requested. Why?,wrong_amount_of_cash_received
train-05411,My package is taking too long to arrive and I don't want it anymore. Can I get a refund?,request_refund
train-07733,Where do I find my code to verify my top-up card?,verify_top_up
train-07964,What types of top-up methods do you accept?,top_up_by_cash_or_cheque
train-04195,"If I can, I would like to get both Mastercard and Visa from you.",visa_or_mastercard
train-05142,My payment is taking a long time to go through.,pending_card_payment
train-03233,top up cancellation,top_up_reverted
train-07346,am i able to receive my salary this way?,receiving_money
train-08311,I got money overseas and the exchange rate was wrong,wrong_exchange_rate_for_cash_withdrawal
train-09370,Why was I charged an extra fee when using an ATM?,cash_withdrawal_charge
train-09670,Can I use top-up with Apple pay?,apple_pay_or_google_pay
train-09093,Are there still fees for european top-ups?,top_up_by_card_charge
train-08540,I really need to top-up my card today urgently but my card keeps getting declined!! Can you please resolve this problem or let me know if you have any alternatives,top_up_failed
train-02058,Can you please sort out your top up? I need this to go through asap because I really need the money. It's already been pending for an hour.,pending_top_up
train-02584,Why did I have to pay extra because I paid with my card?,card_payment_fee_charged
train-04974,Is my card actually working? It's the first time I tried using it,declined_cash_withdrawal
train-03897,Help me verify my identify?,unable_to_verify_identity
train-07068,Why wasn't my payment to beneficiary X approved?,beneficiary_not_allowed
train-03680,How do I change the details in my account?,edit_personal_details
train-09931,What are the countries you have offices in?,country_support
train-06519,"my money, where is it coming from?",verify_source_of_funds
train-02542,I'm being charged for using my card!,card_payment_fee_charged
train-05637,"I received a ""declined"" message when doing a transfer",declined_transfer
train-04425,What are the disposable virtual card limits?,disposable_card_limits
train-07831,What is the price for an additional card?,getting_spare_card
train-05052,I tired to get cash in the ATM but it was cancelled,declined_cash_withdrawal
train-09153,Will it cost extra to add money to an international card?,top_up_by_card_charge
train-09339,Why have I been charged a fee for cash withdrawal?,cash_withdrawal_charge
train-09627,"My card's expiration is approaching, how do I replace it.",card_about_to_expire
train-07510,How is this transfer supposed to work? It's not working for me.,failed_transfer
train-04320,"If I want a friend to top off my account, can they?",topping_up_by_card
train-04576,"
At which ATMs can I use this card?",atm_support
train-09316,How can I make my card ready to use?,activate_my_card
train-07832,Can I get a second card for free?,getting_spare_card
train-03292,"Hi, i just topped up my phone and the money was deducted but it seems to have deducted the same amount again! please help!",top_up_reverted
train-09711,Is it possible for me to top up with Google Pay?,apple_pay_or_google_pay
train-02337,When I went to withdraw cash today the ATM gave me the wrong amount of cash. The app is showing a larger amount.,wrong_amount_of_cash_received
train-07244,There is a fee from a transfer that is not supposed to be here!,transfer_fee_charged
train-02923,What cards do you accept to top up my account?,supported_cards_and_currencies
train-00364,How do your exchange rates factor in?,exchange_rate
train-04107,Will my card be a MasterCard or a Visa?,visa_or_mastercard
train-08160,Will there be a fee to receive a physical card?,order_physical_card
train-00658,A pending charge of 1L appears on my statement.  Please explain as I have not made a purchase for that amount,extra_charge_on_statement
train-05446,Is it possible to have an item refunded?,request_refund
train-02086,"I didn't want to make a transaction, I want to revert it",cancel_transfer
train-01394,I need to get some Euros for my holiday. Am I able to exchange some of my money?,exchange_via_app
train-06315,What do I do if I've been charged twice for the same transaction?,transaction_charged_twice
train-02530,Why is there a fee for using my card?,card_payment_fee_charged
train-01702,What do I do if I forgot my PIN?,pin_blocked
train-01813,Are my contactless settings correct? I tried to use it today but it wasn't working.,contactless_not_working
train-07647,How do I transfer cash my into my account?,transfer_into_account
train-02766,Why hasn't a transaction I did to my friend arrived yet?,transfer_not_received_by_recipient
train-02222,How can I cancel this transaction?,cancel_transfer
train-08973,What is the charge for exchanging currencies?,exchange_charge
train-03462,Why is it taking so long for my money to appear in my account? I have been waiting a week!,balance_not_updated_after_cheque_or_cash_deposit
train-09630,What is the process when my card is due to expire?,card_about_to_expire
train-02287,What is the max top-up?,top_up_limits
train-05917,why couldn't I use my card at a store?,declined_card_payment
train-06596,What time will a transfer from the US take?,transfer_timing
train-03414,Is there an issue with my account?  I don't see a cheque deposit that I made yesterday.  Please assist.,balance_not_updated_after_cheque_or_cash_deposit
train-02955,"If I want to add funds to the account using American Express, how do I do that?",supported_cards_and_currencies
train-07499,I don't think my transfer wen through. Why?,failed_transfer
train-00160,If I find a card I lost do I need to dispose of it? Or can I re-active the card and continue to use it?,card_linking
train-02193,I would like to cancel a transfer,cancel_transfer
train-01567,How old does my daughter have to be to open an account?,age_limit
train-08218,Can I make a withdraw in my home currency at an ATM? I'm on vacation and don't have cash with me. This is cause for a bit of concern. Is it possible to withdraw here without additional fees?,wrong_exchange_rate_for_cash_withdrawal
train-06750,I was refunded the money for something I bought already.,reverted_card_payment?
train-01197,Where can I find the auto-top up feature?,automatic_top_up
train-03022,Why haven't I been given a virtual card yet?,getting_virtual_card
train-01848,Is there a fee for a SEPA transfer,top_up_by_bank_transfer_charge
train-01029,How quickly can you get me my card?,card_delivery_estimate
train-06131,"My transfer went through, but it seems to be caught up in a pending status.  This was very important that it got done quickly, can you give me a status update on how long it will take?",pending_transfer
train-05256,My phone was stolen! What do I need to do?,lost_or_stolen_phone
train-08204,What do I do if my disposable virtual card doesn't work?,virtual_card_not_working
train-07727,Is there a way to verify a card top-up?,verify_top_up
train-02456,I got less cash than what I specified for through the ATM.,wrong_amount_of_cash_received
train-07606,I would like to know how to transfer money into my account.,transfer_into_account
train-04200,I need to get visa and mastercard,visa_or_mastercard
train-09405,I got charged a fee that shouldn't be there from my cash,cash_withdrawal_charge
train-03208,"I thought you offer crypto top up but it doesn't seem to be right ? Money just disappeared from my account, How it would work ?",top_up_reverted
train-09019,Will there be a cost if I exchange currency?,exchange_charge
train-03305,I put some cash into my account but it's not displaying that on my balance.,balance_not_updated_after_cheque_or_cash_deposit
train-06474,I think I was charged double for something I bought - how long should I wait before reporting this?,transaction_charged_twice
train-00671,"There's an extra fee on my statement, why is that?",extra_charge_on_statement
train-06394,I was charged two times for the same thing.,transaction_charged_twice
train-00710,"There is an extra $1 charge on my statement, why is that?",extra_charge_on_statement
train-07565,I want to transfer money. How do I do that for my account?,transfer_into_account
train-00809,"Hi, I tried to withdraw some money from an ATM and the machine was broken.  It says that the transaction is still in progress.  Can you double check to see what's happening? I don't want to be charged since I was not able to withdraw the money.",pending_cash_withdrawal
train-08590,"I need to add more funds to my card today because it keeps being declined, and I need to use it immediately. Can you fix this or tell me alternatives?",top_up_failed
train-08302,I believe my exchange rate is incorrect,wrong_exchange_rate_for_cash_withdrawal
train-04149,Can both Visa and Mastercard be chosen?,visa_or_mastercard
train-05661,Help me. My transfer was declined. How could this happen?,declined_transfer
train-08003,Where can I deposit cash to top up?,top_up_by_cash_or_cheque
train-06544,how do i track the moeney,verify_source_of_funds
train-04534,Somebody used my card without my knowledge!,compromised_card
train-05903,Why won't you accept my payment? I keep trying with this card and it's not working.,declined_card_payment
train-05430,I made a purchase and would like to get a refund for what I bought can you have the money put back in my account?,request_refund
train-07531,"The transfer keeps failing , I tried to transfer some money to friends this morning but it keeps getting rejected for some reason, Would you please check the issue?",failed_transfer
train-05798,A refund for a recent return has not arrived on my card.,Refund_not_showing_up
train-01624,At what age can my children use your service?,age_limit
train-03435,"I wrote a check to the account yesterday to add to my balance, but I don't see the amount of the check reflected anywhere.  Is it being held up for some reason?  I should have seen a new balance by now!",balance_not_updated_after_cheque_or_cash_deposit
train-08162,What's the procedure for getting a card?,order_physical_card
train-05234,My credit card payment has been in pending status for a super long time.  I don't get it.  Why is it like this?  When will it go through?,pending_card_payment
train-02450,"I withdrew money from an ATM today, and now my account is showing a different amount than what I withdrew. I checked the amount the ATM gave me, and it looks like it gave me the wrong amount of money. What is the best thin for me to do to get this fixed?",wrong_amount_of_cash_received
train-09818,Do I need any kind of proof for the identity check?,verify_my_identity
train-03070,Please let me know how to place an order for a virtual card,getting_virtual_card
train-09479,Why was I charged a fee on a cash withdrawal?,cash_withdrawal_charge
train-08946,If I exchange currencies on a frequent basis can I receive a discount?,exchange_charge
train-01791,The terminal I paid at wouldn't take my card. Is something wrong?,contactless_not_working
train-05012,my card was frozen due to putting in the wrong pin too much.  how many tries do i have,declined_cash_withdrawal
train-07983,Can cash be used in physical locations to top up?,top_up_by_cash_or_cheque
train-05513,I need this item refunded,request_refund
train-01209,What is the maximum times I can auto top-up?,automatic_top_up
train-06719,How long does a transfer transaction take?,transfer_timing
train-03788,Why do you require identification documents,why_verify_identity
train-00605,Why is there an extra fee charged?,extra_charge_on_statement
train-09517,"I am overseas in China, can I get a replacement card?",card_about_to_expire
train-02762,I transferred some money but it is not here yet,transfer_not_received_by_recipient
train-08130,What is the cost for physical cards?,order_physical_card
train-07196,"So I've been using my account frequently to manage payments for my vacation house in a different country, and now I'm getting hit with ridiculously high fees! What's with that? Ought not I be rewarded as a frequent user?",transfer_fee_charged
train-07163,I didn't know there was a charge for tranferring. What is the charge?,transfer_fee_charged
train-06470,Who should I talk to or go to resolve a duplicate charge on my statement?,transaction_charged_twice
train-04838,My passcode won't work.,passcode_forgotten
train-07146,It shows that the transfer on my account wasn't allowed.,beneficiary_not_allowed
train-09116,Do you charge a fee for adding money in USD?,top_up_by_card_charge
train-05772,"Would you please tell me the status of my refund request for a large purchase I made not long ago? I contacted the merchant nearly a week ago, but haven't received it.",Refund_not_showing_up
train-07730,why verify the top up? it doesnt make sense,verify_top_up
train-06137,How do I deactivate my account?,terminate_account
train-01785,My contactless payments don't work.,contactless_not_working
train-05945,"Everything seems fine with my account, so why did it decline my payment?",declined_card_payment
train-08854,I think there's been an unauthorized cash withdrawal from my account.,cash_withdrawal_not_recognised
train-02049,When will my top up be applied?,pending_top_up
train-08685,"I made a bank transfer from my UK account today, but it's not showing.  Can you check status?",balance_not_updated_after_bank_transfer
train-00940,What fiduciary currencies are supported for tenure and exchange?,fiat_currency_support
train-00465,My foreign currency exchange has been applied incorrectly.,card_payment_wrong_exchange_rate
train-04775,I don't know what this Direct Debit payment is.,direct_debit_payment_not_recognised
train-09406,I was charged a fee for withdrawing cash.,cash_withdrawal_charge
train-08640,There is a transfer not showing on my account.,balance_not_updated_after_bank_transfer
train-06273,Please send a new card; the ATM ate mine.,card_swallowed
train-05906,Why has my card declined,declined_card_payment
train-09645,Can I use google pay to top up?,apple_pay_or_google_pay
train-01777,I need a new PIN number.,pin_blocked
train-09470,I was recently charged for withdrawing money from my bank ATM. How can that be possible when I haven't been charged for using it before?,cash_withdrawal_charge
train-07478,The app says my transfer failed,failed_transfer
train-06175,How do I delete my account? I am dissatisfied with the service.,terminate_account
train-08421,What is the procedure for depositing a virtual card,get_disposable_virtual_card
train-09204,will you be able to activate my card,activate_my_card
train-08474,I can't add any more money.,top_up_failed
train-07411,Can I receive payment in another currency?,receiving_money
train-03196,Please explain why the funds I added were returned to my account.,top_up_reverted
train-09741,is it possible to top-up with google pay.,apple_pay_or_google_pay
train-01607,What is the minimum age limit?,age_limit
train-00860,"I tried to withdraw money, but was unable to. Still says that the transaction is pending? Will this money disappear??",pending_cash_withdrawal
train-06145,I need to delete my account.,terminate_account
train-03880,What do you do with all the identity information you're collecting from me?,why_verify_identity
train-00560,The exchange rate is bad. Are you sure this is the exchange rate?,card_payment_wrong_exchange_rate
train-08488,My credit card for was not approved for a top-up transaction.  What happened?,top_up_failed
train-06360,I have been overcharged.,transaction_charged_twice
train-04456,Is there a transaction limit on a disposable card?,disposable_card_limits
train-06704,When will my transfer arrive from Europe?,transfer_timing
train-07352,How can people transfer money to me?,receiving_money
train-03797,what are the reasons I have to proof my identity to you?,why_verify_identity
train-07246,why was a extra fee added to my account for transfer ?,transfer_fee_charged
train-06920,Please help me set up a new PIN.,change_pin
train-08608,There has been a red flag on my top up.,top_up_failed
train-04791,Why is there a direct debit fee in the App when I didn't do it?,direct_debit_payment_not_recognised
train-06122,I have a pending money transfer,pending_transfer
train-05092,What does it mean when a payment is pending?,pending_card_payment
train-03242,I got an cancellation error when I was topping up.,top_up_reverted
train-03872,My Identity verification hasn't passed yet is it possible to use my account?,why_verify_identity
train-09192,Can I have my card activated?,activate_my_card
train-04007,How will I know my pin number?,get_physical_card
train-07213,"I transferred some money recently and saw a fee on my account, what's that for?",transfer_fee_charged
train-07835,"Can my daughter also have a card issued in her name, but linked to my account?",getting_spare_card
train-02043,top up not completed,pending_top_up
train-05477,is it possible to get a refund for something I purchased?,request_refund
train-00697,There is a charge for an additional pound.,extra_charge_on_statement
train-00979,Tell me the currencies that you support.,fiat_currency_support
train-00183,Where do I go to add a new card?,card_linking
train-04515,"Can you check about unauthorized use of my card, I think someone is using mine without my knowledge?",compromised_card
train-06249,What do I do if I can't get my card out of the ATM?,card_swallowed
train-04652,"A few weeks ago, a strange transaction was made on my account by a seller I don't know. I am quite sure I didn't do it and will like for you to check it for me.",direct_debit_payment_not_recognised
train-00785,"So earlier I went to an ATM and got cash. But when I checked the app, it states that the withdrawal is pending. How can that be when I have the cash on me?",pending_cash_withdrawal
train-09295,I just got a new card how do I get it to start working?,activate_my_card
train-00750,Why has my withdrawal not posted?,pending_cash_withdrawal
train-06231,I need to close my account.  Your company is terrible!,terminate_account
train-00930,Can my account have different types of currency in it.,fiat_currency_support
train-07497,What went wrong when I tried to do my transfer?,failed_transfer
train-07271,Why did I get charged a fee for transferring money?,transfer_fee_charged
train-04998,Why can't I withdraw funds from my account?,declined_cash_withdrawal
train-06696,When will my money be in my account?,transfer_timing
train-00394,I'd like to know what you guys look at to decide an exchange rate,exchange_rate
train-02986,Do you have a list of the cards and currencies supported?,supported_cards_and_currencies
train-06976,Can I change my PIN without going to a bank branch?,change_pin
train-02814,My transfer hasn't arrived,transfer_not_received_by_recipient
train-09300,How can I switch on my new card?,activate_my_card
train-00165,"Show me how to link the new card,",card_linking
train-01979,My top-up seems to be pending for a long time?,pending_top_up
train-01705,"I enetered the wrong information, I need my account unblocked How do I do that?",pin_blocked
train-09558,How do I order a new card? The current one is about to expire.,card_about_to_expire
train-07268,why was i charged a fee to transfer,transfer_fee_charged
train-07544,What are the reasons that my mortgage payment won't go through? I'm getting an error and don't know how to correct to get this transfer to go through.,failed_transfer
train-00550,Why was I charged a higher exchange rate when I bought something abroad?,card_payment_wrong_exchange_rate
train-05594,"I can't make any transfers, they won't go through, the details are correct as I checked them.  Can you look in to this please?",declined_transfer
train-06616,How long does a transfer take to reach one's account.,transfer_timing
train-05415,I'd like to discuss an order I placed quite a long time ago. I have yet to receive it and am growing upset.  I want a refund as I now refuse to pay for the product.,request_refund
train-05975,My card was not accepted in a shop,declined_card_payment
train-07590,What do you do to transfer money to my account?,transfer_into_account
train-05496,Can I return an item?,request_refund
train-01216,Where do I find the auto top up option?,automatic_top_up
train-06856,What happens if a merchant doesn't accept  you payment?,reverted_card_payment?
train-08395,What are the disposable cards used for?,get_disposable_virtual_card
train-03858,Do i have to verify who I am?,why_verify_identity
train-02393,I did not receive my full withdrawal amount,wrong_amount_of_cash_received
train-08953,Does it cost extra to exchange foreign currencies?,exchange_charge
train-02630,I made a purchase but never expected to see a fee charged for the transaction.,card_payment_fee_charged
train-07328,Why was I charged a fee when making this transfer when I shouldn't have been?,transfer_fee_charged
train-05978,"I have enough money in my account, so why is my card being declined?",declined_card_payment
train-03388,I haven't seen the cash yet from the cheque I deposited.,balance_not_updated_after_cheque_or_cash_deposit
train-02526,I paid with card and was charged a fee that shouldn't be there!,card_payment_fee_charged
train-06340,I have been charged twice this week for a couple of things on my card. Can you please check this out for me and return the double charged items back?,transaction_charged_twice
train-04051,Can you tell me how to locate my PIN?,get_physical_card
train-00803,i withdrew cash and dont see it reflected on the balance,pending_cash_withdrawal
train-03308,I deposited a check yesterday and im not seeing it posted yet in my account. why is that? can you look into it?,balance_not_updated_after_cheque_or_cash_deposit
train-04996,I was getting some cash out of the ATM but it cancelled on me without warning.,declined_cash_withdrawal
train-01007,I need to get my card quickly,card_delivery_estimate
train-09424,"I was charged a fee when withdrawing cash, can you explain why?",cash_withdrawal_charge
train-06759,The app reverted my recent payment,reverted_card_payment?
train-09929,Is it possible to get a card outside the UK?,country_support
train-06714,When can I expect a transfer from Europe to go through?,transfer_timing
train-02985,What currency can I use to pay for a top up?,supported_cards_and_currencies
train-09755,How can I top up using google pay?,apple_pay_or_google_pay
train-09621,Does it cost anything and how long would it take to get a card if I need a new one? My card is about to expire.,card_about_to_expire
train-08403,Do you have the option for a disposable virtual card?,get_disposable_virtual_card
train-04176,Can I choose between Mastercard and Visa?,visa_or_mastercard
train-06176,This place has been too much work so I'd just like to close out my account & be done.,terminate_account
train-01887,Am I able to do a SWIFT transfer?,top_up_by_bank_transfer_charge
train-04984,I tried using my ATM card at your Notting Hill location today.  It did not work.  Am I doing something wrong?,declined_cash_withdrawal
train-03925,I dont have identification,unable_to_verify_identity
train-07713,I have a top up card. Where is the verification code?,verify_top_up
train-05877,My card payment didn't work,declined_card_payment
train-01191,Do you offer auto top ups?,automatic_top_up
train-00326,What method do you use for the exchange rate?,exchange_rate
train-09180,I tired but an unable to activate my card.,activate_my_card
train-01597,Can I open an account for my children?,age_limit
train-02619,"I am getting charged fees on some payments.  Please help me understand, where are these fees disclosed?",card_payment_fee_charged
train-00762,I tried to get cash at some ATM in the city centre earlier but the machine declined my card. I've seen it still shows up as pending in my account. Please cancel it immediately as I definitely have not received that money!,pending_cash_withdrawal
train-03246,Why wasn't my top-up accepted and where did that money go? At first it said it was confirmed but now I can't find it.,top_up_reverted
train-03131,Are there any places that won't take my card?,card_acceptance
train-04262,"When I tried to top up using my card, all of the money disappeared.",topping_up_by_card
train-00549,The exchange rate for my electronic payment is incorrect.,card_payment_wrong_exchange_rate
train-00442,I used foreign currency to buy something and I think the rate applied is incorrect.,card_payment_wrong_exchange_rate
train-02040,It's been some time since refilled the top-up.,pending_top_up
train-05578,I need to make a transfer but it keeps getting declined I need Help!,declined_transfer
train-08120,Do I get a card to keep in my wallet?,order_physical_card
train-00347,Could you please tell me your exchange rates?,exchange_rate
train-03985,I am having trouble to verify my identity,unable_to_verify_identity
train-08836,Help!  The app has an ATM withdrawl that I didn't make.,cash_withdrawal_not_recognised
train-06796,What does it mean if it says my card payment has been cancelled?,reverted_card_payment?
train-05618,"I had everything lined up to make a transfer, and then it rejected it.",declined_transfer
train-08516,My top-up never worked,top_up_failed
train-02673,Why is there a fee associated with card use?,card_payment_fee_charged
train-04387,How many purchases can I make with one disposable card?,disposable_card_limits
train-04917,"I can't remember my app code, can you reset it?",passcode_forgotten
train-09909,can usa residents get a card?,country_support
train-03008,Where are the virtual cards?,getting_virtual_card
train-05333,Can I still access the app even though my phone was stolen?,lost_or_stolen_phone
train-01566,Can I start an account for my kids?,age_limit
train-01203,Can topping up be automatic?,automatic_top_up
train-06521,I would like to know where the funds are at.,verify_source_of_funds
train-01465,how can i exchange currencies,exchange_via_app
train-02816,I have a friend who needs money as soon as possibly. If I were to transfer it how long will it take to get to her?,transfer_not_received_by_recipient
train-01920,What are the charges for recieving SEPA transfers?,top_up_by_bank_transfer_charge
train-05988,Tell me why my card payment was declined.,declined_card_payment
train-06460,"Looks like my card payment was duplicated after all. I went to pay at the store earlier, got declined once,second time it works. App still stays pending for one of the payments. Can you please remove one of them as it's wrong and was declined?",transaction_charged_twice
train-02931,I have one other credit card from the US. Do you take that?,supported_cards_and_currencies
train-09323,"I want to use my card, how would I activate it?",activate_my_card
train-07432,"I have made 5 attempts to make a very standard survey, yet I can't get it to work. What is the problem? Is there an issue related to your system?",failed_transfer
train-05768,I was supposed to get a refund but I do not see it.,Refund_not_showing_up
train-07303,Why are there additional fees for transfers?,transfer_fee_charged
train-05139,A payment is pending,pending_card_payment
train-06779,"Ive been trying to use my card for two weeks now to purchase somethings online but nothing is going through. It keeps returning my payment to my account. There shouldn't be anything wrong with my account, is it the card?",reverted_card_payment?
train-04332,I topped up my account but the money isn't there now.,topping_up_by_card
train-08643,I was wondering if international transfers take longer than normal because I made a transfer from France a couple of days ago and nothing has happened yet?,balance_not_updated_after_bank_transfer
train-04183,Can I choose between Visa or MasterCard?,visa_or_mastercard
train-00011,"I still haven't received my card after two weeks, is it lost?",card_arrival
train-05775,"I keep checking to see if I've received a refund that I requested from a seller, but I'm not seeing the refund. I need you to help me get the refund.",Refund_not_showing_up
train-02759,I sent money for my rent to my landlord but she is claiming it hasn't arrived in her account  Can you trace the transfer I made to make sure it arrived so I can provide proof I sent it and that it has been deposited?,transfer_not_received_by_recipient
train-05409,Am I able to get a refund for something I bought?,request_refund
train-03983,why does it take so long to verify my id,unable_to_verify_identity
train-08340,Whats wrong with my currency exchange?,wrong_exchange_rate_for_cash_withdrawal
train-07649,I was wondering about transferring money into my account and how it works.  Can you tell me about that?,transfer_into_account
train-09894,What countries do your accounts send and receive to?,country_support
train-04795,There was a direct debit transaction I have don't think should be there.,direct_debit_payment_not_recognised
train-05521,Is it possible to get a refund for the item?,request_refund
train-02382,"I normally don't use ATMs, but I was in a rush today and had to withdraw some cash. The ATM gave me the wrong amount of money and now my app is not showing the same amount as it should. What do I do?",wrong_amount_of_cash_received
train-05113,How long will it take for my payment to go through?,pending_card_payment
train-06552,I must verify the source of my funds,verify_source_of_funds
train-05065,I just had my card get declined at the ATM! I need to get money out but I am unable to.  Why has this happened?,declined_cash_withdrawal
train-02519,A fee came along with me paying with card,card_payment_fee_charged
train-07716,How do I verify the top-up?,verify_top_up
train-02006,How long does it take for a top up to go through,pending_top_up
train-03698,I need to add my new address now that I've moved.,edit_personal_details
train-03909,Unsure how to provide my identity.,unable_to_verify_identity
train-02039,"How come my top-up didn't go through instantly, like it usually does?",pending_top_up
train-06911,What cash machines will let me change my PIN?,change_pin
train-02725,I tried to transfer some money and it hasn't done it yet - what's going on?,transfer_not_received_by_recipient
train-07185,I got charged a fee for transferring money.,transfer_fee_charged
train-02981,How can I use my American Express to add money into my account?,supported_cards_and_currencies
train-07678,Do you know how I can verify that I did a top-up to my card?,verify_top_up
train-05517,I want a refund for an item,request_refund
train-00219,"I found my card in my jacket this morning, so can I reactivate it?",card_linking
train-02928,I'd like to use my American Express to place money into my account.,supported_cards_and_currencies
train-04015,When do I get my PIN?,get_physical_card
train-08068,Where are your cards delivered to?,order_physical_card
train-03254,What reasons could cause my top up to be reverted,top_up_reverted
train-00082,How can I track my card's delivery?,card_arrival
train-01977,How long should I wait for top up go go through ?,pending_top_up
train-00489,What is your exchange rate between UK pounds and Russian rubles for my last transaction,card_payment_wrong_exchange_rate
train-08134,How do I receive a card?,order_physical_card
train-00076,My card hasn't shown up yet.,card_arrival
train-04931,How come I can't get money at the ATM,declined_cash_withdrawal
train-08393,How do I create a disposable virtual card?,get_disposable_virtual_card
train-04234,Do you supply both Visa and Mastercard?,visa_or_mastercard
train-03956,I am having trouble with the app recognizing me.,unable_to_verify_identity
train-06917,Can I change my pin through the app?,change_pin
train-06238,Can you please disable my current account.,terminate_account
train-09074,should i add money via bank transfer instead,top_up_by_card_charge
train-09031,Will I be charged for exchanging foreign currencies?,exchange_charge
train-07344,Will my GPB update my salary,receiving_money
train-05298,My phone is missing or stolen.,lost_or_stolen_phone
train-04190,Can I get both a Visa and a Mastercard from you?,visa_or_mastercard
train-01544,"help, lost my card",lost_or_stolen_card
train-01904,Does it cost me to add cash?,top_up_by_bank_transfer_charge
train-06972,How can I change my old pin to a new one?,change_pin
train-09228,I would like to be assisted with the activation of my card.,activate_my_card
train-07203,Does transferring money have a fee?,transfer_fee_charged
train-03583,I didn't make this payment!,card_payment_not_recognised
train-04319,my top up isnt there yet where do i find it,topping_up_by_card
train-03218,"Hi, I have done a topup, but my money was reverted. Please look into this issue.",top_up_reverted
train-03190,"I went to look at my top-up and it was canceled, can you tell me why this happend?",top_up_reverted
train-00296,What is the exchange looking like?,exchange_rate
train-04178,Will I be able to get both a visa and a mastercard?,visa_or_mastercard
train-05636,Is there a reason my transfer would have been declined?,declined_transfer
train-02718,I made a transfer the day before yesterday within this country. It is still not showing up at all. I have double-checked and the account number is certainly right. I've actually type this multiple times. can you look into what is going on here?,transfer_not_received_by_recipient
train-07624,How do I top up my account using transfer?,transfer_into_account
train-05598,"Hello. My credit keeps being declined, last night and again today, as I try to buy something. What is the status of my card?",declined_transfer
train-02934,What currencies are accepted to add money?,supported_cards_and_currencies
train-08839,"I am seeing unathorized transactions in the app, on my account.",cash_withdrawal_not_recognised
train-01988,I topped up about half an hour ago and the charge is still pending. I'm a new customer and today is my first time doing this. Can you fix it? It doesn't seem to be working.,pending_top_up
train-02620,Why was the price higher when I paid with my card?,card_payment_fee_charged
train-07472,"So, I am in the middle of purchasing a flat. I need the money for the first mortgage payment and it is not going through. I keep receiving an error. Can you find out what's going on and help me complete this transfer?",failed_transfer
train-01552,Can you help me retrieve my card?,lost_or_stolen_card
train-00438,"I recently purchased something, and the exchange rate was wrong.",card_payment_wrong_exchange_rate
train-04401,What stipulations do disposable cards entail?,disposable_card_limits
train-03895,I am having some difficulty verifying my id.,unable_to_verify_identity
train-04355,"I need multiple cards per day, and they all have to be disposable.",disposable_card_limits
train-06661,When will the money from a transfer be made available on my account?,transfer_timing
train-07769,Why should I verify the top-up?,verify_top_up
train-06825,I think the payment from my card was revereted,reverted_card_payment?
train-07602,"I have an account at another bank, but I want to transfer some of the money to my account here.
.",transfer_into_account
train-00729,What is this €1 charge?,extra_charge_on_statement
train-06195,I want to close my account. The service you provide is unsatisfactory to me.,terminate_account
train-07456,My transfer failed when I tried.,failed_transfer
train-01961,When will my top up be approved?,pending_top_up
train-09989,"I want a card, but I'm not in the UK- can I get one still?",country_support
train-03081,"I need to order a new card, can you please direct me to the virtual cards?",getting_virtual_card
train-00220,"I've obtained the card, how do I enable it on the app?",card_linking
train-05077,I might need a new card because it's not working at any of the ATMs. I don't think ive used all my money. Why is it doing this?,declined_cash_withdrawal
train-08428,Where do I order a disposable virtual card?,get_disposable_virtual_card
train-06936,Where can I change my PIN?,change_pin
train-01858,Would I be able to use SWIFT transfers?,top_up_by_bank_transfer_charge
train-05179,My card payment has been pending for a long time now. Why is it taking so long to take. It should have already made it through.,pending_card_payment
train-09859,How do I go about verifying my identity?,verify_my_identity
train-06075,I finished my transfer. I am having an issue with it still pending. It has been a long time and i'm growing impatient,pending_transfer
train-01618,At what age can I open an account?,age_limit
train-07490,"Errors keep showing up every time I try to make this transfer and I am on a time crunch,  could you please help.",failed_transfer
train-06689,"I must quickly transfer something from China, and I need to know how long it will take.",transfer_timing
train-07313,I think I have an extra transfer charge.,transfer_fee_charged
train-03028,"I'd rather not use my physical card, how can I get a virtual card?",getting_virtual_card
train-01866,What are the fees for using transfer to top off my account?,top_up_by_bank_transfer_charge
train-06057,Could you please help me figure out why the seller has not received their money after I sent it.,pending_transfer
train-00333,How do you find the exchange rate?,exchange_rate
train-02545,Can you explain why my payment was charged a fee?,card_payment_fee_charged
train-05320,I lost my phone and need help so someone doesn't access my account.,lost_or_stolen_phone
train-04657,I don't recognize the direct debit payment from the app.,direct_debit_payment_not_recognised
train-01013,When should I expect to receive my card?,card_delivery_estimate
train-03576,I do not recongize a payment in my account.,card_payment_not_recognised
train-04828,The passcode isn't working for me.,passcode_forgotten
train-04474,Please tell me how you can stop unauthorized payments from being made on my card since on this bill I see that this has happened. There are transactions that I never made from a place I've never been to.,compromised_card
train-03215,I wanted to know why a top-up I made has been reverted.,top_up_reverted
train-02135,"I made a mistake on the last transfer I made, who must I speak with to cancel?",cancel_transfer
train-01822,What is the fee to top-up my account,top_up_by_bank_transfer_charge
train-03325,Why is my deposit still pending?,balance_not_updated_after_cheque_or_cash_deposit
train-04799,"In my app, a direct debit payment I didn't do shows in my app",direct_debit_payment_not_recognised
train-03274,The app reversed a top off I had.  What should I do?,top_up_reverted
train-08061,"I would like to get a physical card, but I don't know how. Can you help me?",order_physical_card
train-07418,Do I need to do anything special for my friend to send money to my account?,receiving_money
train-05353,"If I lost my phone, how can I stop someone from accessing my account through the app?",lost_or_stolen_phone
train-03117,Where can I use my Mastercard?,card_acceptance
train-06034,I have an outgoing transaction,pending_transfer
train-02025,"My top up keeps showing pending?  How long will things be like this?  Days, weeks, months?  I need the money quite urgently for an important coffee purchase, can you please let me know when top up will work?",pending_top_up
train-06382,You charged me more than once for the same transaction!,transaction_charged_twice
train-09125,Is USD free to top up with a US card?,top_up_by_card_charge
train-06065,I am still waiting for a transfer to show,pending_transfer
train-05710,I am waiting on the refund,Refund_not_showing_up
train-02359,I went tot the ATM earlier today and didn't realize this till now but I did not get all the money I requested.  I believe my account was charged for 100 but I only got 80.  Is there any way we can solve this problem?,wrong_amount_of_cash_received
train-08906,I want my card frozen right away. Money was taken out in an odd location I have never heard of.,cash_withdrawal_not_recognised
train-08059,I need to order a new card.,order_physical_card
train-08558,"I tried to top-up, why didn't it work?",top_up_failed
train-08649,Where is my money that I transfered?!,balance_not_updated_after_bank_transfer
train-01527,My card was stolen. What do I need to do?,lost_or_stolen_card
train-09482,"I have never been charged for making an ATM cash withdrawal before, but I am now being charged a fee to withdraw cash. What happened?",cash_withdrawal_charge
train-04170,Can I choose my card scheme?,visa_or_mastercard
train-09950,Can I get a card that works in other countries like Africa and Indonesia?,country_support
train-09273,I tried activating my card and it didn't work,activate_my_card
train-09553,What steps should I take before my card expires?,card_about_to_expire
train-00607,There is an odd 1£ charge that appears as pending on my statement. What's the reason for that? I haven't purchased anything for a pound.,extra_charge_on_statement
train-02400,I attempted to withdraw some money from an ATM this morning and received the wrong amount. Your app says I have enough money available in the account. Can someone tell me what's wrong?,wrong_amount_of_cash_received
train-01403,Do you support changing the currency I use?,exchange_via_app
train-04865,I can't log into my account because I lost my password,passcode_forgotten
train-07766,Why do I need to verify a top-up?,verify_top_up
train-06221,I'm dissatisfied with the service and would like to terminate the account.,terminate_account
train-05676,Please help me.  I am still waiting on a refund.,Refund_not_showing_up
train-00086,Where is my new card if I haven't received it yet?,card_arrival
train-09039,Will there be any extra fees if I exchange currencies?,exchange_charge
train-00673,There is a pending payment on my account that is very strange. I don't remember making this and it won't go away. Can you help me figure this out?,extra_charge_on_statement
train-04817,I can't recall my password.,passcode_forgotten
train-03344,I've already sent the money out and still have not received money in my account.,balance_not_updated_after_cheque_or_cash_deposit
train-03420,Can you tell me why a cheque deposit isn't showing in my balance?,balance_not_updated_after_cheque_or_cash_deposit
train-04028,Do I have a card PIN?,get_physical_card
train-01644,Would I be able to get an account for my child?,age_limit
train-04343,What are the guidelines for the disposable cards?,disposable_card_limits
train-07107,I tried transferring to an account but it didn't go through. What happened?,beneficiary_not_allowed
train-08399,How about disposable virtual cards?,get_disposable_virtual_card
train-03090,why hasn't my virtual card come yet?,getting_virtual_card
train-04077,can i go into my app to find my pin,get_physical_card
train-08419,I need a disposable virtual card.,get_disposable_virtual_card
train-02747,I transferred some cash and it has not arrived yet.,transfer_not_received_by_recipient
train-05278,I have an emergency and lost my phone.  I need help accessing my account.,lost_or_stolen_phone
train-02329,What is the daily limit on my card?,top_up_limits
train-07545,Why was I unable to complete my transfer?,failed_transfer
train-05837,My card is not working at stores.,declined_card_payment
train-01612,Can I get an account for my daughter?,age_limit
train-07341,How can my friend send money to me?,receiving_money
train-05022,The ATM won't let me take out cash,declined_cash_withdrawal
train-09130,Will I get charged fees when I add money with an international card?,top_up_by_card_charge
train-05891,My card payment didn't go through.,declined_card_payment
train-04134,Would I get a Visa or Mastercard?,visa_or_mastercard
train-07864,Do you send duplicate cards?,getting_spare_card
train-02426,My cash received does not match what has been requested,wrong_amount_of_cash_received
train-02386,I did not get the right amount of cash from the ATM.,wrong_amount_of_cash_received
train-09871,What form of identification is accepted?,verify_my_identity
train-06183,I am not happy with your service and request that my account be terminated!,terminate_account
train-04605,Where are the ATMs that I can use Mastercard?,atm_support
train-04544,I didn't make these transactions. Is someone else using my card?,compromised_card
train-02327,How much can I top up on my card?,top_up_limits
train-04947,Why did I get declined when trying to get cash?,declined_cash_withdrawal
train-05096,There is a payment that I made that hasn't gone through yet.,pending_card_payment
train-01454,how to exchange currencies,exchange_via_app
train-09318,What steps do I have to go through in order to activate my new card?,activate_my_card
train-06181,I am asking to end my account.,terminate_account
train-05658,I think there has been a mistake with my transfer,declined_transfer
train-03711,I would like to change my personal details.,edit_personal_details
train-02837,What is the time for a transfer?,transfer_not_received_by_recipient
train-07243,I tried to transfer money to a receiver and they didn't get the right amount. What is going on and who do I contact to help me?,transfer_fee_charged
train-08058,I would like to request a card.,order_physical_card
train-08779,I can't see the transfer that I put in.,balance_not_updated_after_bank_transfer
train-01999,How long after a failed topup will funds refurn to account,pending_top_up
train-04422,What is the maximum number of transactions I can do with a disposable card?,disposable_card_limits
train-01720,"My PIN can't access my card, can you help?.",pin_blocked
train-03088,I'd like like to know where I can order a virtual card?,getting_virtual_card
train-03214,My top up was rejected. Why?,top_up_reverted
train-04030,I can't find the PIN.,get_physical_card
train-08709,I need to know if everything is okay here. After making a transfer from a UK account it doesn't show up. How long does this normally take to process?,balance_not_updated_after_bank_transfer
train-04433,Is there a limit on making disposable cards?,disposable_card_limits
train-06078,Can you tell me when my money transfer will go through,pending_transfer
train-01239,Is there a limit to auto top?,automatic_top_up
train-02437,"If the ATM only gave me 10 pounds instead of the 30 I requested, what do I do?",wrong_amount_of_cash_received
train-01641,"I need to set up an account for my daughter, how would I do that?",age_limit
train-06971,How can I change my Rowlock ?,change_pin
train-04101,is it just visa or can i also use mastercard?,visa_or_mastercard
train-09681,Can you show me how to top up with Google play?,apple_pay_or_google_pay
train-03426,"I recently deposited some money into my account, but it still isn't showing up. What's going on?",balance_not_updated_after_cheque_or_cash_deposit
train-02003,How long does it take for a top-up?,pending_top_up
train-07884,How do I receive more physical cards,getting_spare_card
train-07627,I need more money in my account. Can I add more by transferring?,transfer_into_account
train-00850,In my account I noticed my ATM withdrawal is still pending,pending_cash_withdrawal
train-04968,Tried using my ATM card earlier at one of your locations for the first time.  It didn't work.  What is going on?,declined_cash_withdrawal
train-05530,I would like to get an item refunded,request_refund
train-08776,Why wasn't my bank balance updated?,balance_not_updated_after_bank_transfer
train-05851,What is the reason my payment was not accepted?,declined_card_payment
train-04416,Where can I use a disposable card?,disposable_card_limits
train-09992,Is this card available to United States Residents?,country_support
train-04151,What cards do you offer?,visa_or_mastercard
train-07430,Why didn't my transfer complete?,failed_transfer
train-05868,"My payment has been declined!! What's going on, I thought everything was alright and working well?",declined_card_payment
train-00584,I have been charged a pound for something that appears on my statement,extra_charge_on_statement
train-06956,Can I reset my PIN?,change_pin
train-03127,Can I use my card wherever I want?,card_acceptance
train-02446,You shorted me money when I tried to make a withdrawal.,wrong_amount_of_cash_received
train-09653,Google play top up help?,apple_pay_or_google_pay
train-05377,"I am not sure how this will work, but I have not received a product I ordered.  I want a refund, but should I just cancel the payment?",request_refund
train-00302,How do I know what exchange rate I will get?,exchange_rate
train-06871,I an not sure but it looks as if a card payment I made was cancelled.,reverted_card_payment?
train-08523,My credit card was just denied for top up! Can you tell me why this happened and what's going on?,top_up_failed
train-00968,Does my account have the option to hold multiple currencies?,fiat_currency_support
train-09850,What is needed for identity verification?,verify_my_identity
train-08043,How long before a check I send clears?,top_up_by_cash_or_cheque
train-01817,Is there a top up fee for transfer?,top_up_by_bank_transfer_charge
train-01490,Can you tell me the status of my new card?,lost_or_stolen_card
train-01558,How old do you need to be to use the banks services?,age_limit
train-08618,Where is the money that I transferred.,balance_not_updated_after_bank_transfer
train-08743,"When is my balance going to update, I just transferred some money",balance_not_updated_after_bank_transfer
train-07493,"Hi, I have been transferring money to my friends since morning, but all my transactions were getting failed. Can you please look into this issue.",failed_transfer
train-00572,Why did they charge me an extra $1?,extra_charge_on_statement
train-04026,Where is the PIN for my card located?,get_physical_card
train-04296,Show me how can my friends top up my account.,topping_up_by_card
train-02311,Do I need to use a limit on top-ups?,top_up_limits
train-07464,My transfer didn't work! Help!,failed_transfer
train-09549,What happens after my card expires?,card_about_to_expire
train-08791,"Someone has a copy of my card. I have my card with me, but someone just made a 500£ cash withdrawal. Help me.",cash_withdrawal_not_recognised
train-03376,My cash deposit from a week ago is still not in my account. Can you help me please?,balance_not_updated_after_cheque_or_cash_deposit
train-08082,Is it possible to order a card?,order_physical_card
train-09441,"The ATM charged me an extra fee, Why?",cash_withdrawal_charge
train-00918,What currencies can I hold?,fiat_currency_support
train-09828,How do I fill out the identity check?,verify_my_identity
train-00163,Can you show me where to link the new card?,card_linking
train-01324,Need help to get my card to work.,card_not_working
train-04121,"I am looking to get a Visa credit card, what must I do to achieve this?",visa_or_mastercard
train-01023,Can I specify a day for my card to be delivered?,card_delivery_estimate
train-09699,Are top-ups allowed using Apple Pay?,apple_pay_or_google_pay
train-02465,$20 came out instead of $100,wrong_amount_of_cash_received
train-05384,"I need a refund and cancel a transaction on an item I purchased and i need it as soon as possible, please!",request_refund
train-00534,When I purchased a product in another country the currency exchange was incorrect.,card_payment_wrong_exchange_rate
train-04115,"Can you send me a Mastercard, instead of a Visa?",visa_or_mastercard
train-01946,When will my top-up happen?,pending_top_up
train-00009,I ordered my card but it still isn't here,card_arrival
train-00358,What exchange rates do you use?,exchange_rate
train-04701,What do I do if I find a debit charge that I know I didn't do in my billing statement?,direct_debit_payment_not_recognised
train-09202,How can I activate my new card? I didn't recieve any information with it about how to do so.,activate_my_card
train-05991,"Transfers can take up to one day to process before departing for the beneficiary accounts. Please confirm that you've entered your account details correctly. SEPA transfers can take up to two working days, while SWIFT transfers can take up to five working days.",pending_transfer
train-06527,I want to know where my money comes from.,verify_source_of_funds
train-00168,How do I link one of your card that I already have?,card_linking
train-00403,What foreign exchange rate will I get?,exchange_rate
train-01034,"Give me my card, I need it now!",card_delivery_estimate
train-05429,Can you please refund my item?,request_refund
train-08526,Why is it failing to top-up?,top_up_failed
train-02116,"I stupidly initiated a rent payment from the wrong account yesterday. It can't be paid from that account, but it really needs to get paid on time. Am I able to move the payment to the right account?",cancel_transfer
train-01603,what is the age limit for opening a new account,age_limit
train-06525,where are the transfers originating,verify_source_of_funds
train-08563,Top up did not work on the app.,top_up_failed
train-01382,Does your app allow currency exchanges between USD and GBP?,exchange_via_app
train-07776,Where's my top up code?,verify_top_up
train-03391,What's going on with my balance? Shouldn't it be a bit higher since I deposited a cheque a day ago?,balance_not_updated_after_cheque_or_cash_deposit
train-05572,Why was one of my transfers declined?,declined_transfer
train-01998,I'm still waiting for my top-up to go through,pending_top_up
train-05753,Card refund is not showing up in my statement.,Refund_not_showing_up
train-09305,Card activation is not working. What do i do?,activate_my_card
train-05546,the bank transfer was declined,declined_transfer
train-02132,I need to cancel a transaction.,cancel_transfer
train-07151,Why isn't my beneficiary allowed?,beneficiary_not_allowed
train-00586,Where did this extra €1 fee on my statement come from?,extra_charge_on_statement
train-00056,How long does it take for me to get my new card?,card_arrival
train-00730,How long will the $1 charge show as pending?,extra_charge_on_statement
train-00713,Why is there a fee added to my statement?,extra_charge_on_statement
train-07528,I've been trying to make a transfer and it doesn't seem to be working. (5 times) What is wrong with your system?,failed_transfer
train-00633,I was overcharged one extra pound!,extra_charge_on_statement
train-05826,I'm expecting a refund but it's no where to be seen,Refund_not_showing_up
train-02995,Do you accept US credit cards?,supported_cards_and_currencies
train-09451,"While getting cash, I was charged a fee.",cash_withdrawal_charge
train-05478,I want to get a refund.,request_refund
train-06885,In what way can I change my PIN and where do I need to be?,change_pin
train-01181,What is the maximum for auto top-up?,automatic_top_up
train-04226,Will I get a visa or Mastercard?,visa_or_mastercard
train-03491,I'm using the app and I noticed a payment that I didn't make.,card_payment_not_recognised
train-01100,How long does it take for a card to arrive?,card_delivery_estimate
train-06794,I think my card payment was cancelled. What happened?,reverted_card_payment?
train-07538,The attempted transfer failed.,failed_transfer
train-08476,I topped up but the app denied it,top_up_failed
train-09460,"extra fees on a cash withdrawal, not cool.",cash_withdrawal_charge
train-07059,Why can't I transfer money to a beneficiary,beneficiary_not_allowed
train-04709,How do I dispute a direct debit on my account?,direct_debit_payment_not_recognised
train-00517,The exchange rate you are using is really bad. This can't possibly be the official interbank exchange rate.,card_payment_wrong_exchange_rate
train-08146,Where do you mail physical cards?,order_physical_card
train-01125,"I going to be traveling, can I set up auto top-up if I run low on money?",automatic_top_up
train-05527,I would like my refund for this item I bought.,request_refund
train-07737,Help me verify the card used on a top-up.,verify_top_up
train-06619,There is an urgent thing that I need to transfer from China. Approximately how long will it take?,transfer_timing
train-05782,Did I not get my refund? I don't see it.,Refund_not_showing_up
train-05356,"If I lost my phone at the hotel, can I still use the app?",lost_or_stolen_phone
train-00440,Why is my exchange rate wrong?,card_payment_wrong_exchange_rate
train-09265,I would like to have assistance with activating my card.,activate_my_card
train-05313,phone is gone,lost_or_stolen_phone
train-09212,How do I get my card active?,activate_my_card
train-04532,How do I order a replacement for stolen card?,compromised_card
train-09007,What is the cost for currency exchanges?,exchange_charge
train-07065,For what reason can I not transfer money to a beneficiary?,beneficiary_not_allowed
train-01476,I lost my wallet and all my cards were in it.,lost_or_stolen_card
train-09692,I would like to use top-up with my Apple Pay.,apple_pay_or_google_pay
train-04274,"My wallet isn't showing my top-up, did I do something wrong?",topping_up_by_card
train-09998,You provide support in what countries?,country_support
train-08502,"I tried topping up my account but it failed, can you help me?",top_up_failed
train-02108,I need to cancel a transfer I made.,cancel_transfer
train-06158,What's the process for terminating an account?,terminate_account
train-03034,How can I receive a virtual card?,getting_virtual_card
train-00660,Why was I charged more than I should have been?,extra_charge_on_statement
train-08143,I need a physical card.  What are the fees?,order_physical_card
train-04064,I have not received my pin yet,get_physical_card
train-05337,Yesterday my phone was stolen from me :( What do i need to do about it?,lost_or_stolen_phone
train-02015,Why hasn't my top-up gone through?,pending_top_up
train-06983,Are their certain cash machines where I can change my pin?,change_pin
train-01354,What do I do if my card is not working?,card_not_working
train-04009,I haven't received my pin,get_physical_card
train-02217,My morning transaction needs to be canceled.,cancel_transfer
train-07751,Why does top-up require verification?,verify_top_up
train-07224,My transfer seems to be too expensive.,transfer_fee_charged
train-02567,Why was I charged for payments? You didn't warn me about additional fees.,card_payment_fee_charged
train-05328,what to do about stolen phone,lost_or_stolen_phone
train-07911,Is it possible to have a second card?,getting_spare_card
train-01739,I forgot what my pin number is and now am blocked can you help me get in?,pin_blocked
train-06407,Why have I been charged more than once for the same transaction?,transaction_charged_twice
train-05239,"It says that my payment is pending, what does that mean?",pending_card_payment
train-01744,What do I do to unblock my PIN?,pin_blocked
train-04231,Is it acceptable to use either Visa or Mastercard?,visa_or_mastercard
train-05448,What is the refund procedure?,request_refund
train-09616,How do I replace my card?,card_about_to_expire
train-03423,"I put my check in the bank, but I haven't gotten my cash yet?",balance_not_updated_after_cheque_or_cash_deposit
train-05930,Why do you keep declining my payment?I tried several times already with this card and it is just not working.,declined_card_payment
train-02562,Why and I being charged this fee?,card_payment_fee_charged
train-03113,You accepts my card?,card_acceptance
train-00007,What do I do if I still have not received my new card?,card_arrival
train-06918,I want a new PIN please.,change_pin
train-01811,"I was trying to use contactless earlier, but it didn't work.",contactless_not_working
train-08368,You applied the wrong exchange rate while I was traveling outside the country.,wrong_exchange_rate_for_cash_withdrawal
train-07191,Why am I seeing a transfer fee on my bank statement?,transfer_fee_charged
train-00413,I was charged the wing amount for an item.,card_payment_wrong_exchange_rate
train-09805,What works for identity verification?,verify_my_identity
train-01017,"i am express delivering my card to the us, how long will that take",card_delivery_estimate
train-04619,Which ATMs take the card?,atm_support
train-03820,Do you think you're asking for too much information about me?,why_verify_identity
train-07963,Who do I make a check out to if I want to top off my account?,top_up_by_cash_or_cheque
train-00156,I just got my card.  It's not linked yet--how do I do that?,card_linking
train-06371,A transaction is showing more than once.,transaction_charged_twice
train-03221,When I topped up the app has seemed to reverted it.,top_up_reverted
train-06217,Please help me delete this account.,terminate_account
train-03905,"You will hear back from us about your verification results in 10 minutes to a one hour timeframe.  If these verification results do fail, please double-check to make sure your images are clear and have no glare or blur; your photos need to be fully readable.  You need to be 18 years of age or older and a resident of Switzerland or the European Economic Area to create an account.",unable_to_verify_identity
train-03441,The cast deposit from a week ago still is not in my account. Why?,balance_not_updated_after_cheque_or_cash_deposit
train-09951,Are you available in my country?,country_support
train-04097,Can you deliver the PIN separately?,get_physical_card
train-08228,"Hi, I have withdrawn cash from the ATM on holiday and i guess withdrawal amount has been overcharged. I did it as i was not aware of these charges.",wrong_exchange_rate_for_cash_withdrawal
train-09195,I tried activation my card and it didn't employment,activate_my_card
train-06073,Money was transferred to me and I am unable to see it,pending_transfer
train-02871,Is my credit card supported for top-ups?,supported_cards_and_currencies
train-03373,Why isn't my deposit showing up?,balance_not_updated_after_cheque_or_cash_deposit
train-05221,I made a payment that's pending. Will it go through?,pending_card_payment
train-05088,The ATM didnt let me get cash,declined_cash_withdrawal
train-07353,i want to get my salary deposited as pesos?,receiving_money
train-03644,I need to cancel my card.  There are a few charges from a couple days ago that I didn't make.  Can I get credit for these charges?,card_payment_not_recognised
train-09544,Tell me what I should do after my card expires.,card_about_to_expire
train-07192,"I transferred money, but I think I've been charged a fee for it?",transfer_fee_charged
train-04738,I didn't set up a direct debit payment on my account.,direct_debit_payment_not_recognised
train-02482,I needed $100 but all it gave me was $20.,wrong_amount_of_cash_received
train-00802,My cash withdrawal shows as pending still.,pending_cash_withdrawal
train-00155,how do I get my card to show in the app?,card_linking
train-04976,Is the ATM broken? I can't get cash from it.,declined_cash_withdrawal
train-02281,What's the maximum amount I can top up my card with please?,top_up_limits
train-08457,How can I obtain a disposable virtual card?,get_disposable_virtual_card
train-09453,How come I got charged extra for withdrawing cash?,cash_withdrawal_charge
train-04448,What are my limits on disposable cards?,disposable_card_limits
train-08657,My balance was not updated after transferring money.,balance_not_updated_after_bank_transfer
train-00430,The exchange rate is incorrect for my payment.,card_payment_wrong_exchange_rate
train-08913,What do I do when a charge has been made that I did not make?,cash_withdrawal_not_recognised
train-01504,My card is missing!  Help!,lost_or_stolen_card
train-09314,I need info on activating my card?,activate_my_card
train-02035,"I topped-up my account, but I don't think it went through.",pending_top_up
train-06637,"I've made a transfer, how long until the money reaches my account?",transfer_timing
train-02984,do you accept from usa credit card?,supported_cards_and_currencies
train-05767,"I requested a refund from a seller a while ago, but when I check my statements it doesn't show up. Can you help me get my refund.",Refund_not_showing_up
train-03686,How do I edit my details?,edit_personal_details
train-07826,I need a second card on this account for my daughter.,getting_spare_card
train-08809,Somebody stole my wallet and is using my card! Can you do something so they can't keep taking my money?,cash_withdrawal_not_recognised
train-05272,I left my phone somewhere and can't use the app.,lost_or_stolen_phone
train-02412,The correct amount of cash was not received.,wrong_amount_of_cash_received
train-07372,Can I transfer my salary if its in GBP?,receiving_money
train-05135,What's taking so long for this payment to go through?,pending_card_payment
train-06441,How come there is a duplicate charge on my card?,transaction_charged_twice
train-08799,"A 500 pound cash withdrawal was just made from my account, but I didn't make it. I am pretty sure my card has been compromised - can you help me?",cash_withdrawal_not_recognised
train-05016,Why would the ATM machine fail to give me the cash withdrawal I requested?,declined_cash_withdrawal
train-02774,"i've waited 2 days for a transfer to reach a retailers account, am i going to have to wait longer.",transfer_not_received_by_recipient
train-02214,Cancelling a transaction,cancel_transfer
train-03554,This card payment isn't is recognition.,card_payment_not_recognised
train-01913,Do you charge for transfers?,top_up_by_bank_transfer_charge
train-02587,how do i avoid charges in the future,card_payment_fee_charged
train-07250,Why was I charged a fee for transferring money,transfer_fee_charged
train-05276,"If my phone was stolen, do I need to do anything?",lost_or_stolen_phone
train-02390,I could only take the amount of money that was available to me which was less then I expected.,wrong_amount_of_cash_received
train-06495,What is my source of funds?,verify_source_of_funds
train-04725,How do I dispute a direct debit transaction?,direct_debit_payment_not_recognised
train-08989,Would I need to pay extra for currency exchanges?,exchange_charge
train-01067,When will I receive the card?,card_delivery_estimate
train-09338,Why is there a charge when I took out money?,cash_withdrawal_charge
train-08121,How do I order a card?,order_physical_card
train-07376,Is it ok for a friend to send me money?,receiving_money
train-09426,Today I noticed a charge for an ATM withdrawal on my account. Can you please fix this? It's supposed to be no charge.,cash_withdrawal_charge
train-01601,Is there a possibility to open an account for my sons and daughters?,age_limit
train-03403,"I deposited a check, but haven't received the funds for it.",balance_not_updated_after_cheque_or_cash_deposit
train-07039,I wanted to purchase some crypto. The app will not let me. What's going on here? I really want to make this exchange.,beneficiary_not_allowed
train-07480,Why was my transaction not approved?,failed_transfer
train-07539,I need help making this transfer. I keep getting an error. I'm trying to purchase a flat but i need my mortgage payment to go through first. Can you help?,failed_transfer
train-04383,how many uses are the disposable cards good for?,disposable_card_limits
train-05982,"I had a problem with my card payment, can you help?",declined_card_payment
train-07872,I need more physical cards.,getting_spare_card
train-01714,"I logged in wrong and am blocked, how do I log in?",pin_blocked
train-08363,I think the exchange rate for the cash I withdrew wasn't correct.,wrong_exchange_rate_for_cash_withdrawal
train-01248,Can you tell me what the problem with my card is? It was declined at a restaurant today.,card_not_working
train-08321,How did you arrive at the rate of exchange? I thought that I would get more cash.,wrong_exchange_rate_for_cash_withdrawal
train-09146,What are the top-up fees for my card?,top_up_by_card_charge
train-09969,i want to get a card but i live in the US,country_support
train-02610,Why did I have to pay an additional amount when using my card to pay?,card_payment_fee_charged
train-04677,there is a debit i dont recognize,direct_debit_payment_not_recognised
train-04285,How do I use a card to top up?,topping_up_by_card
train-04214,Is it possible to get both Mastercard and Visa card from you?,visa_or_mastercard
train-06786,The seller just told me he didn't get paid. After reviewing my account it did subtract the balance but now it has added it back to my account. I need you to please take care of this promptly.,reverted_card_payment?
train-01511,My card is stolen.  Help!,lost_or_stolen_card
train-05107,Why are the things I bought earlier today still showing as pending?,pending_card_payment
train-05568,My transfer was not approved,declined_transfer
train-06612,I have to quickly transfer something to China. How long will it take to arrive there?,transfer_timing
train-09336,What is the proper way to activate a card?,activate_my_card
train-08398,Will you tell me how I am supposed to use the disposable cards?,get_disposable_virtual_card
train-04197,I need a Visa and a Mastercard from you.,visa_or_mastercard
train-06979,Can you tell me what I need to do to have my pin changed?,change_pin
train-05064,Why am I unable to withdrawal cash?,declined_cash_withdrawal
train-02154,"Hi , I just came to know I made the wrong transaction  yesterday. Would  you please make it correct?I need it by tomorrow.",cancel_transfer
train-07548,I need to know what is going on. I'm attempting to purchase a flat and need the money to pay on my initial mortgage payment. I'm only getting an error. Can you find out what's going on and help in making the transfer?,failed_transfer
train-06302,atm ate my card,card_swallowed
train-03186,I think you reverted my top up.,top_up_reverted
train-09649,I do I top up from my Apple Watch?,apple_pay_or_google_pay
train-06921,I have been travelling overseas and I need to change my PIN. Can you tell me how this is done?,change_pin
train-06739,My payment has been cancelled,reverted_card_payment?
train-09516,Do I need to do something to get a new card once it expires?,card_about_to_expire
train-06389,One of my payments was doubled,transaction_charged_twice
train-09224,"Hi, would you please activate my card?",activate_my_card
train-05562,I am trying to make a transfer to a different account but they keep getting declined. I have double checked all the details and the information is correct.,declined_transfer
train-01084,I placed my order a week ago. Is it ok that my card isn't here yet?,card_delivery_estimate
train-06026,My transfer is still pending,pending_transfer
train-08907,I need my card frozen cause it was used without my consent to take money out. It was in an odd place.,cash_withdrawal_not_recognised
train-09567,"My card is expiring soon, How do I order a new card?",card_about_to_expire
train-04592,Where is a ATM that accepts Mastercard?,atm_support
train-00408,Can you please explain why the exchange rate for the item I bought is wrong?,card_payment_wrong_exchange_rate
train-03952,Problem verifying my account,unable_to_verify_identity
train-00230,I got a new card and can't find where to link it.,card_linking
train-01225,"What about an auto top-up, is that a option?",automatic_top_up
train-00469,Why is the exchange rate different on my recent purchase?,card_payment_wrong_exchange_rate
train-06025,My money transfer has not yet occurred,pending_transfer
train-09832,I have to verify my identity. What do I need to do?,verify_my_identity
train-00959,What other currencies can I hang onto?,fiat_currency_support
train-01244,Do you have an auto-top function and how do I use it if so?,automatic_top_up
train-04242,My card needs to be topped up.,topping_up_by_card
train-06052,A transfer to my account shows as still pending and I wanted to know how long it is suppose to take to clear.,pending_transfer
train-01633,What age do you have to be to open an account?,age_limit
train-07871,How many different cards can I have for my account?,getting_spare_card
train-04472,Someone might be using my card.  What should I do?,compromised_card
train-03736,I must change my address.,edit_personal_details
train-06486,Show me how to look at the source of my current funds?,verify_source_of_funds
train-06431,It appears as though my card payment was duplicated. I paid at the store earlier today. The first time it was declined and the second time it worked. The app is still showing one of the payments to be pending. Please take one of these off because clearly the first was declined and is not correct.,transaction_charged_twice
train-02466,How can I fix this? The ATM gave me more cash than I'd asked for.,wrong_amount_of_cash_received
train-08377,Why use a disposable card?,get_disposable_virtual_card
train-00161,I found my card. How can I put it into my app?,card_linking
train-09928,Do you do business in the EU?,country_support
train-08496,I urgently need to top-up my card but its getting declined. Please help me in this or advise with other options if any.,top_up_failed
train-04337,Can other people top up my account?,topping_up_by_card
train-08652,"Hi, I made a transfer from France two days ago and thought it would be here by now. Can you give me an update please?",balance_not_updated_after_bank_transfer
train-07054,Why did my transfer to a beneficiary fail?,beneficiary_not_allowed
train-02684,Please explain the extra fee when I paid with the card.,card_payment_fee_charged
train-02036,The top-up is broken.,pending_top_up
train-04790,I didn't initiate a direct debit that I see on my account,direct_debit_payment_not_recognised
train-05035,Why do I get declined when I try to withdraw cash?,declined_cash_withdrawal
train-08595,I was trying to top-up and my credit card was declined. Can you tell me why?,top_up_failed
train-02865,the money i transferred didnt arrive,transfer_not_received_by_recipient
train-03255,Why isn't my top up showing?  Was the money reversed?,top_up_reverted
train-00728,My statement shows an extra fee - what is it?,extra_charge_on_statement
train-06630,When will the money show in my account?,transfer_timing
train-00599,What is the extra €1 on my statement for?,extra_charge_on_statement
train-09857,Where in the app do I go to verify my identity?,verify_my_identity
train-07428,What is happening?  I have tried to transfer money 5x already.  Is the system down?  This shouldnt be happening as this is a basic transfer.,failed_transfer
train-08028,I want to use cash to top up.,top_up_by_cash_or_cheque
train-09254,Tell me what I need to do to activate my card.,activate_my_card
train-09601,Does it cost anything to get a new card? Mine's about to expire and I'd also like to know how long it takes to get the new one.,card_about_to_expire
train-06089,I did a transfer but it is still pending.,pending_transfer
train-05606,Why do transfers get declined?,declined_transfer
train-05542,Why was my transfer request decline?,declined_transfer
train-00169,If I have a physical card can I link it?,card_linking
train-00131,Can the card was sen to me be tracked?,card_arrival
train-07122,Why can't I transfer to an account?,beneficiary_not_allowed
train-07745,Why do i have to verify my top-up card?,verify_top_up
train-07732,"I just tried to top-up and now I'm getting an additional verification message, why?",verify_top_up
train-05925,"Hi, Today i have tried to make payment by my new card, but payment got declined many times. I am very disappointed, please look into this.",declined_card_payment
train-08508,Can you find out why my credit card didn't process payment? It was declined for top up so what's the deal?,top_up_failed
train-04453,Who can request disposable cards?,disposable_card_limits
train-02746,What is the length of a transaction completion?,transfer_not_received_by_recipient
train-08926,Some cash withdrawal that I didn't make showed up in the app.,cash_withdrawal_not_recognised
train-09768,How can I top up with Apple Pay?,apple_pay_or_google_pay
train-02616,I need to be made aware when I am being charged an extra amount for payments please. I looked over the app earlier and noticed an additional feel related to one of the payments. I was not warned about this before.,card_payment_fee_charged
train-04583,I need an ATM right now!,atm_support
train-07680,The top-up card is verified how?,verify_top_up
train-07890,Is there any way to get another card on the same account?,getting_spare_card
train-04569,Where can I do a cash withdrawal?,atm_support
train-01430,Will you tell me how to exchange USD for GBP in the app?,exchange_via_app
train-02291,Is there a limit to my top-up?,top_up_limits
train-03607,I need to freeze my card. There are charges on there that i did not authorize. They've been coming out for a couple of days. Can i get this money back?,card_payment_not_recognised
train-04856,"I used to know my password, but not anymore.",passcode_forgotten
train-07222,Why were there additional charges when I transferred funds?,transfer_fee_charged
train-08521,My top up was denied,top_up_failed
train-07445,I tried to make a transfer but it failed. will you tell me why?,failed_transfer
train-02385,Why didn't the ATM give me all my money,wrong_amount_of_cash_received
train-00270,Can you tell me how to get my card on the app?,card_linking
train-01118,Can I add money automatically to my account while traveling?,automatic_top_up
train-08056,Are cards delivered to my location?,order_physical_card
train-09519,Are there restrictions on new cards in China?,card_about_to_expire
train-01874,How much will it be in order to pay with a bank transfer using SEPA?,top_up_by_bank_transfer_charge
train-09219,Would you be so kind as to activate my card? Thanks,activate_my_card
train-03731,How do I update my address?,edit_personal_details
train-02903,I want to use a payment card to top up my account. How can I do this?,supported_cards_and_currencies
train-07040,My attempted transfer keeps kicking back with an error message.  Could you please help me to resolve this?,beneficiary_not_allowed
train-00243,"Could I reactivate my card please, I couldn't find it but it turns out it was in my jacket pocket.",card_linking
train-02979,can i add funds  with a card from the united states,supported_cards_and_currencies
train-06163,if im not using my account should i close it or just let it sit,terminate_account
train-09522,My card expires next week. How do I get a new one?,card_about_to_expire
train-09285,Please help me with the activation of the new card.,activate_my_card
train-09618,My card is almost going to expire.,card_about_to_expire
train-09646,why top up is not working even if I got my American Express in Apple Bay?,apple_pay_or_google_pay
train-07903,I would like to get some extra cards?,getting_spare_card
train-01078,How long does it take for cards to be delivered after ordering them?,card_delivery_estimate
train-03105,This card is accepted by what businesses?,card_acceptance
train-00807,What is a pending cash withdrawal?,pending_cash_withdrawal
train-03914,Why am I not allowed to verify my id?,unable_to_verify_identity
train-09693,how do I get top up to work for my card,apple_pay_or_google_pay
train-01009,Help! When will the card arrive at my home?,card_delivery_estimate
train-05150,"After I make a payment, how long will it be before it transitions from ""pending"" to complete?",pending_card_payment
train-04395,What is the maximum transactions I can use on a disposable card?,disposable_card_limits
train-08721,How long before transferred money shows up?,balance_not_updated_after_bank_transfer
train-09462,Have you started charging for cash withdrawals? I always thought it was free until I noticed this fee. How much is the fee?,cash_withdrawal_charge
train-06003,Why is the transfer showing pending?,pending_transfer
train-01103,how long does it take to get my card i am in a rush,card_delivery_estimate
train-04308,Am I the only one who can top-up my account?,topping_up_by_card
train-03653,I would like to change my name after marriage.,edit_personal_details
train-06561,How can I tell the source for my available funds?,verify_source_of_funds
train-04647,A false direct debit payment is showing in my app,direct_debit_payment_not_recognised
train-01800,The contactless payments are not working.,contactless_not_working
train-09620,"My card will expire soon, When do I need to order a new one?",card_about_to_expire
train-02520,I had to pay a fee when buying items with my card.,card_payment_fee_charged
train-06698,What is the time frame for european transfers?,transfer_timing
train-08825,What is this cash withdrawal on my statement?,cash_withdrawal_not_recognised
train-01682,I tried my PIN too many times and now my card won't work!,pin_blocked
train-07722,I don't know where the top-up verification code is.,verify_top_up
train-08556,Why did the top-up fail?,top_up_failed
train-09409,"I was charged for a cash withdrawal, why?",cash_withdrawal_charge
train-08847,"Hi, It's urgent, please freeze my card. As someone has withdrawn money using my card in odd remote town. Since i have not done this withdrawal. Do it fast.",cash_withdrawal_not_recognised
train-07188,I found a transfer fee - is that correct?,transfer_fee_charged
train-05315,"Everything I have was stolen yesterday making it so I don't have access to the app, what should I do?",lost_or_stolen_phone
train-00067,how to track the card you sent,card_arrival
train-02212,"I didn't mean to do the transfer, is there any way to cancel it?",cancel_transfer
train-07979,Can I top up using my cheque?,top_up_by_cash_or_cheque
train-00711,Is the 1 pound charge going to be reimbursed on my card?,extra_charge_on_statement
train-06297,How can I get my card out of the ATM?,card_swallowed
train-01727,I used my pin too many times.,pin_blocked
train-05867,My card payment failed.,declined_card_payment
train-01528,Someone took my card without permission,lost_or_stolen_card
train-03064,How long do you have to wait to see your virtual card your ordered?,getting_virtual_card
train-05299,I misplaced my phone so I can't use the app! Does this mean I can't use my card?,lost_or_stolen_phone
train-00423,The exchange rate from my card payment isn't right.,card_payment_wrong_exchange_rate
train-02495,"I am at the ATM and tried to withdraw 30 pounds and it only gave me 10 pounds, what do I do?",wrong_amount_of_cash_received
train-09503,"Why is there now a charge for making cash withdrawals? I wanted some cash after I went to the grocery store, and there's a new fee!",cash_withdrawal_charge
train-05705,The refund isn't appearing in my account,Refund_not_showing_up
train-09911,What countries are you available in?,country_support
train-01033,When shipped to the US how long is delivery time?,card_delivery_estimate
train-05922,Why do you keep declining my payment? I tried several times already with this card and it is just not working.,declined_card_payment
train-02900,What currencies are approved to add money?,supported_cards_and_currencies
train-07051,I wasn't able to do a transfer to an account,beneficiary_not_allowed
train-07892,I need a new card.,getting_spare_card
train-09215,How can my new card be activated?,activate_my_card
train-09901,What countries do you operate in?,country_support
train-06410,A payment is showing twice. Why is that?,transaction_charged_twice
train-06019,I sent payment with EU transfer and they still haven't received it. How long does it take?,pending_transfer
train-00104,Why haven't I received my new card yet?,card_arrival
train-04773,A debit came through that I need to dispute.,direct_debit_payment_not_recognised
train-03948,What do I do if I can't prove my identity?,unable_to_verify_identity
train-02861,Why hasn't my in country transfer gone through yet? I confirmed the account info a couple days ago but the payment hasn't been posted yet.,transfer_not_received_by_recipient
train-01919,"If I top up by transfer, am I going to be charged?",top_up_by_bank_transfer_charge
train-09136,Do you charge a fee for topping up a card?,top_up_by_card_charge
train-07386,Can I transfer my salary onto here?,receiving_money
train-07254,"I've use my accounts all the time to manage my payments for my place abroad that I just got. I now see that I suddenly have new fees.I'm a frequent customer, so why are you charging me new fees instead of rewarding me?",transfer_fee_charged
train-09817,I don't know how to verify my identity.,verify_my_identity
train-00361,Where does the exchange rate stand right now?,exchange_rate
train-04271,Why can't I see the top up I made?,topping_up_by_card
train-01313,What can I do to make my physical card work?,card_not_working
train-03776,Why do you have the identity check,why_verify_identity
train-06247,An ATM machine didn't give me back my card.,card_swallowed
train-00181,I already have a card and want to link it,card_linking
train-08463,"I need to deposit my virtual card, how do i do that.",get_disposable_virtual_card
train-05367,Everything was stolen from me.  I can't use the app.  Please advise.,lost_or_stolen_phone
train-08955,How much more do you charge for currency exchange?,exchange_charge
train-01427,I need Australian dollars instead of UK currency.,exchange_via_app
train-03136,Are there limits as to where my card will be accepted?,card_acceptance
train-07919,Do you send more than one card?,getting_spare_card
train-00839,"my cash withdrawal is pending, why?",pending_cash_withdrawal
train-06667,How fast are transfers from Europe?,transfer_timing
train-04777,How do I get a refund for an unauthorized direct debit payment?,direct_debit_payment_not_recognised
train-07362,Can my friend send me money if it is not in US dollars?,receiving_money
train-01806,My contactless is non-functional.,contactless_not_working
train-09087,Does it cost to top up my card?,top_up_by_card_charge
train-04936,Every ATM I visit is rejecting my card and I don't know why. There should be money on it. Can you check it to see if something is wrong or if I'm doing something wrong?,declined_cash_withdrawal
train-00318,How do you determine your exchange rates?,exchange_rate
train-09282,Where do I activate my card?,activate_my_card
train-09289,Would it be possible to activate my card?,activate_my_card
train-08858,"I was trying to use my card and it was declined, when I tried to find out what happened I found cash withdraw for $500 that I didn't do.  Can you please help figure this out?",cash_withdrawal_not_recognised
train-08451,Please explain how disposable virtual card work.,get_disposable_virtual_card
train-03547,Why do I have a strange payment on my statement?,card_payment_not_recognised
train-08550,What's the problem? My card keeps getting declined for top up. I need to know what is going on.,top_up_failed
train-07650,My money is all gone. What ways are okay to add money to my account?,transfer_into_account
train-02004,I used my card to top up but it's saying it is still pending. What does this mean?,pending_top_up
train-05028,Why was I not able to get cash from the ATM?,declined_cash_withdrawal
train-00580,There is a pending 1£ charge on my statement.  I haven't purchased anything for 1£.  Why is it on my statement?,extra_charge_on_statement
train-07625,Account topping up bank transfers to my account assistance please?,transfer_into_account
train-07584,Why can I not transfer money into my account?,transfer_into_account
train-04705,There is a direct debit charge on my account that I don't recognize.,direct_debit_payment_not_recognised
train-01645,Can I get an account for my son?,age_limit
train-04223,Can you make sure I get a MasterCard and not a Visa?,visa_or_mastercard
train-01168,I will be traveling and want money to be added automatically in certain intervals. Is this possible?,automatic_top_up
train-08891,I see an unauthorized withdraw.,cash_withdrawal_not_recognised
train-02071,I made a top up yesterday but it's still pending.,pending_top_up
train-03065,I want to get a virtual card!,getting_virtual_card
train-00052,What can I do to track the card you sent me?,card_arrival
train-07134,I could not transfer to a beneficiary,beneficiary_not_allowed
train-03727,How do I change my name after marriage,edit_personal_details
train-02126,I need to cancel a transfer,cancel_transfer
train-03828,Why is it required to verify my identity?,why_verify_identity
train-05486,"How can I get my money back on an order. I haven't gotten the item yet, so I want to cancel the order. How?",request_refund
train-01929,I am under the impression that my top up is still pending,pending_top_up
train-06027,Will my transfer be done soon?,pending_transfer
train-02548,I have a fee showing from last time I used my card.,card_payment_fee_charged
train-01012,i need to expedite my card,card_delivery_estimate
train-07423,Can I use a different currency with my salary?,receiving_money
train-04135,Am I able to get both a Visa and MasterCard from you?,visa_or_mastercard
train-03567,There is a payment made with my card that I don't recognize at all.,card_payment_not_recognised
train-07195,"I was charged a fee for the transfer, but can you tell me why?",transfer_fee_charged
train-03166,"Hello, I have tried using crypto top up but it is not working. I had some money in my account but I'm not sure what happened",top_up_reverted
train-04585,What is the closest ATM?,atm_support
train-06729,Can you tell me why the card payment came back?,reverted_card_payment?
train-07071,Why won't you let me name X as a beneficiary?,beneficiary_not_allowed
train-02793,The recipient doesn't see the money transaction I made,transfer_not_received_by_recipient
train-05743,I can't see all the refunds in my statement,Refund_not_showing_up
train-09008,Do yo charge a fee for exchanging foreign currencies?,exchange_charge
train-07102,The transfer to my beneficiary has not gone through,beneficiary_not_allowed
train-09255,What is the process for activating a new card.,activate_my_card
train-09492,Why did you charge me for taking out cash?,cash_withdrawal_charge
train-08688,"Hello, can you please inform me about international transfers? I am expecting a transfer I made from France two days ago and would like to know when it will arrive.",balance_not_updated_after_bank_transfer
train-00575,I am inquiring about a $1 charge on my statement.,extra_charge_on_statement
train-03870,What if I don't want to disclose all of my identity details?,why_verify_identity
train-03030,can i use my app to get a virtual card,getting_virtual_card
train-03710,How can I edit my personal details in the app?,edit_personal_details
train-06359,I have a payment that shows twice,transaction_charged_twice
train-09945,How do I find out what countries you service and what countries you do not?,country_support
train-04877,Is there a way to reset the passcode?,passcode_forgotten
train-01949,how long does it take to reflect in my balance a top up,pending_top_up
train-01801,how to get new card?,contactless_not_working
train-08161,I would like to have a physical card to carry around and use. How can I get one?,order_physical_card
train-01080,how much to get my card in 2 days?,card_delivery_estimate
train-07843,"I would like some more physical cards, what is my limit?",getting_spare_card
train-04133,Can I have a Visa card?,visa_or_mastercard
train-06461,I was charged twice for a few things this week when I only bought one. What do I do?,transaction_charged_twice
train-00655,Why did I get charged one pound seemingly randomly?,extra_charge_on_statement
train-09703,where do I top up my google pay?,apple_pay_or_google_pay
train-08316,I withdrew some cash and the exchange rate seems to be wrong.,wrong_exchange_rate_for_cash_withdrawal
train-00628,"In my statement, I got a €1 extra fee.",extra_charge_on_statement
train-00294,Do you know the rate of exchange?,exchange_rate
train-06494,I would like to know where my source of funds came from.,verify_source_of_funds
train-02950,What currencies and cards do you support?,supported_cards_and_currencies
train-06285,The ATM kept my card?,card_swallowed
train-05459,"I bought a product a week ago, but may need to return it.",request_refund
train-05640,I can't seem to figure out why my transfers are getting declined.,declined_transfer
train-00256,Can I put my found card back into the app on my phone?,card_linking
train-06999,What is the process to change my PIN?,change_pin
train-01833,"If someone sends me money, will I be charged?",top_up_by_bank_transfer_charge
train-05532,What is the return policy?,request_refund
train-01580,What does my daughter need to open an account?,age_limit
train-05510,Canceling my order is what I need to do right now.,request_refund
train-09717,I can't get google pay to work right.,apple_pay_or_google_pay
train-00694,"I'm pretty frustrated about a pound charge that keeps  showing up in my account statement. It's listed in the app as ""pending"", it never changes, and now I'm thinking someone's hacked my account!",extra_charge_on_statement
train-03270,Explain why my top up would be reverted.,top_up_reverted
train-02906,What currencies can I use?,supported_cards_and_currencies
train-05063,Why can't I withdraw cash?,declined_cash_withdrawal
train-09504,Why am I being charged to withdrawal money?,cash_withdrawal_charge
train-06574,Where can I find my fund information?,verify_source_of_funds
train-03347,The cheque I sent to you to have deposited a couple days ago has not cleared in my account yet. What is the issue?,balance_not_updated_after_cheque_or_cash_deposit
train-08838,Some cash shows up on my app.,cash_withdrawal_not_recognised
train-09991,I'm in the EU. Can I get one of your cards?,country_support
train-08835,My app is showing a cash balance that I did not receive.,cash_withdrawal_not_recognised
train-09734,What services can I use to top up?,apple_pay_or_google_pay
train-01319,"Can you help me with my card, I think it's broke.",card_not_working
train-07947,Can I top up using cash?,top_up_by_cash_or_cheque
train-02173,"I made a mistake of transferring, can I cancel my previous transfer?",cancel_transfer
train-09825,Can I use my social security card as a form of identity?,verify_my_identity
train-06982,Help me change my PIN.,change_pin
train-03231,Why was my top up cancelled?,top_up_reverted
train-05244,When will my pending payment finish?,pending_card_payment
train-00114,I still haven't gotten my new card.  When will it get here?,card_arrival
train-07331,I make payments for my place abroad using this account and since i use it so frequently I was wondering why did the fees increase suddenly rather than decreasing? I would think customers like me should receive incentives for using your service,transfer_fee_charged
train-08104,Can I get a new card?,order_physical_card
train-04104,I prefer Mastecard.,visa_or_mastercard
train-05812,My refund isn't showing up,Refund_not_showing_up
train-04610,I need help from someone in your department with finding my nearest ATM.,atm_support
train-08257,I think the bank made a mistake on the exchange rates,wrong_exchange_rate_for_cash_withdrawal
train-08822,There is a cash withdrawal from an ATM listed but I don't remember making this withdrawal.,cash_withdrawal_not_recognised
train-03534,I have a payment in my statement that is off,card_payment_not_recognised
train-02957,Why doesn't it work when I use American Express to try to add money to my account?,supported_cards_and_currencies
train-09880,Can I get a card in the EU?,country_support
train-04280,How do I transfer funds directly from my credit card?,topping_up_by_card
train-00510,I want to change the wrong exchange rate.,card_payment_wrong_exchange_rate
train-01255,How come my card doesn't work anymore?,card_not_working
train-04649,There was some money taken from my account that I don't remember paying for. Am I able to look up this transaction which was a few weeks ago to see who took out the money? Im not sure I need a refund just want to check to make sure it's legit.,direct_debit_payment_not_recognised
train-06105,"Transfers may show up as pending for up to one business day while they are processed, and then they'll depart for the beneficiary accounts. Please confirm that you have correctly entered your account details. SEPA transfers typically take up to two working days, while SWIFT transfers can take up to five working days.",pending_transfer
train-01878,What does a transfer cost?,top_up_by_bank_transfer_charge
train-08254,I was needing you to see if the exchange rate is correct from when i got cash,wrong_exchange_rate_for_cash_withdrawal
train-03677,My billing address changed and I need to update my information.,edit_personal_details
train-01273,My card is not working when I try to use it.,card_not_working
train-06370,My card is showing the same transaction over and over again.,transaction_charged_twice
train-01663,Can I make an account for my daughter?,age_limit
train-09863,What are the steps for the identity checks?,verify_my_identity
train-02602,"I have been charged a fee, I didn't know about this fee before! When do you charge extra for card payments?",card_payment_fee_charged
train-01433,How can I exchange GBP for AUD?,exchange_via_app
train-00790,I made a deposit in the ATM and it has not cleared,pending_cash_withdrawal
train-03771,Why do you have an identity check?,why_verify_identity
train-03387,"Hi,  My money has not been credited to my account for which i have sent you cheque few days before. I am worried about the money please let me know the status.",balance_not_updated_after_cheque_or_cash_deposit
train-03235,I topped up and now my money is not there anymore! What happened to it?,top_up_reverted
train-07691,what's my top-up verification code?,verify_top_up
train-09021,Can I have a discount if I exchange currency often?,exchange_charge
train-03675,How do I go about changing my address?,edit_personal_details
train-02521,Why is there a fee when I thought there would be no fees?,card_payment_fee_charged
train-08607,Won't let me top my card up!! Who can get it sorted out for me? It's urgent! How do I find out what the problem is with my card and how else to top it up?,top_up_failed
train-08653,My balance doesn't include my latest transfer,balance_not_updated_after_bank_transfer
train-08915,Can you tell me what this cash withdrawal is?,cash_withdrawal_not_recognised
train-05854,Can you tell me why my card keeps getting declined every time I try to use it?,declined_card_payment
train-05301,"My phone was stolen yesterday, can you help me with this?",lost_or_stolen_phone
train-03908,Help me verify my identification.,unable_to_verify_identity
train-00271,Is it possible to reactivate the card I thought I lost but found this morning in my jacket?,card_linking
train-02142,I accidentally made a payment to a wrong account. What should I do?,cancel_transfer
train-01564,We want to start a college fund for my daughter.,age_limit
train-02119,I wanna revert a transaction i did this morning.,cancel_transfer
train-09226,"How do I activate my card, so that I can start using it?",activate_my_card
train-07794,i don't see the top-up verification code anywhere,verify_top_up
train-00851,Please cancel the latest ATM charge on my card as my card was declined earlier today and I did not receive that cash.,pending_cash_withdrawal
train-01169,Do I have to manually top up once I'm too low?,automatic_top_up
train-08560,I wanted to top up my account and it doesn't look like it worked,top_up_failed
train-03110,Can I pay online with my card?,card_acceptance
train-00484,I exchanged Russian rubles for British pounds today and got less than I expected. Was exchange rate correct?,card_payment_wrong_exchange_rate
train-05887,My card couldn't pay in a shop.,declined_card_payment
train-00034,Where is the card I ordered 2 weeks ago?,card_arrival
train-07120,Why is my beneficiary not being allowed to get payment services?,beneficiary_not_allowed
train-04004,I do not see the card PIN anywhere?,get_physical_card
train-00928,What currencies do you support?,fiat_currency_support
train-02084,I just realized I made the wrong transaction yesterday. Would  you please make it correct?I need it by tomorrow Please.,cancel_transfer
train-02845,"I need to verify a payment to my new landlord. I transferred the first rent payment a few days ago. While it shows on my side, the landlord is saying he hasn't received it yet. Can you verify that it has processed?",transfer_not_received_by_recipient
train-04552,Which ATMs am I allowed to get money from?,atm_support
train-09953,Are you only able to get a card if you're in the UK?,country_support
train-08136,Is there a fee to order a physical card?,order_physical_card
train-07274,Can you elaborate on why I have an extra charge just for transferring?,transfer_fee_charged
train-01281,Why doesn't my card work for any transactions?,card_not_working
train-09119,I topped off my card is that something you will charge me for?,top_up_by_card_charge
train-08233,what are weekend rates for getting cash,wrong_exchange_rate_for_cash_withdrawal
train-03566,I've got charges on my account I did not authorize. Can I get this money back from the last couple of days that it's been coming out? I also need to freeze my card.,card_payment_not_recognised
train-07762,Where Is the top up verification code found?,verify_top_up
train-06772,Seems like my card payment has been cancelled,reverted_card_payment?
train-03037,how to get virtual card,getting_virtual_card
train-03988,Help me verify my identity.,unable_to_verify_identity
train-06395,"Hi, I was looking over my card receipts for the past week and I realize I had a charge put through two times for the same single restaurant visit. Can one of the charges be removed so that I can get the money back that was mistakenly taken from my account?",transaction_charged_twice
train-00800,"Hello. I have a transaction in my account listed as pending. I tried to use an ATM at the city centre, but the machine declined my card, and I did not receive the money. Why is the transaction still pending if I did not receive the money.",pending_cash_withdrawal
train-07532,Why was my transaction declined?,failed_transfer
train-07692,Why do the top-ups need to be verified?,verify_top_up
train-04867,The app passcode has completely slipped my mind.,passcode_forgotten
train-01130,I will be traveling.  Can I add money automatically?,automatic_top_up
train-05381,What's the procedure for canceling a purchase?,request_refund
train-03380,my check or cash deposit has not shown up,balance_not_updated_after_cheque_or_cash_deposit
train-07339,How can I receive money?,receiving_money
train-05656,I have been trying to make a transfer and it won't go through. I have checked all the receipts and its all correct but still won't let me do it.,declined_transfer
train-01308,I wasn't able to use my card today when I went out for lunch. Wondering why that is?,card_not_working
train-08202,Why is my disposable card not working?,virtual_card_not_working
train-05487,Do you have a return policy?,request_refund
train-06701,Can I transfer something urgently from China? How long does it take?,transfer_timing
train-02652,What was the extra charge for using my card?,card_payment_fee_charged
train-01188,Is auto top up available?,automatic_top_up
train-04643,i would like to dispute a direct debit payment,direct_debit_payment_not_recognised
train-08396,What are these disposable virtual cards all about?,get_disposable_virtual_card
train-05592,How come my transfer got declined,declined_transfer
train-08264,what is the exchange rate when i get cash,wrong_exchange_rate_for_cash_withdrawal
train-09334,"My new card has arrived, what's the activation procedure?",activate_my_card
train-05581,"Hello, my transfers are getting failed continuously, in spite of the fact that all the recipient details are correct. Please advise.",declined_transfer
train-06862,Why have I received a rebate for my payment after a week?,reverted_card_payment?
train-09235,When are you going to activate my card?,activate_my_card
train-05890,Why didn't my card payment work?,declined_card_payment
train-00838,I made a cash withdrawal and it is still listed as a pending transaction.,pending_cash_withdrawal
train-01422,Can I use this app to exchange between dollars and pounds?,exchange_via_app
train-00301,Do you know what your exchange rates are?,exchange_rate
train-04365,What are the policies of disposable cards?,disposable_card_limits
train-05358,"my phone was taken yesterday, what should I do about my account?",lost_or_stolen_phone
train-04766,What do I do if there is an electronic debit that is not correct?,direct_debit_payment_not_recognised
train-09695,how do i set up my apple pay watch to connect to my account,apple_pay_or_google_pay
train-04427,How many transactions can be made with a disposable card?,disposable_card_limits
train-07653,Tell me how to top up my account using bank transfer.,transfer_into_account
train-04704,I think I am a victim of fraud.  I noticed there was a charge on my account that I didn't do because I haven't touched my card today.  Can you please reverse the charge and refund my money?,direct_debit_payment_not_recognised
train-01898,Is there a fee for topping off by transfer?,top_up_by_bank_transfer_charge
train-06453,I was charged twice for the same thing.,transaction_charged_twice
train-06372,I was charged multiple times at the same location at the same time,transaction_charged_twice
train-06241,I'm not satisfied with the services that you are providing.  I would like to end my services and delete my account.,terminate_account
train-09322,"Just received my replacement card, what steps do i need to take to activate it?",activate_my_card
train-04870,I cannot remember my passcode.,passcode_forgotten
train-03936,I'm having problems with ID verification,unable_to_verify_identity
train-05632,"I wanted to buy something online yesterday, but I could not because the card got declined on the day of and the following day. What is wrong with the card?",declined_transfer
train-08966,IS there a fee to exchange currency?,exchange_charge
train-02107,I need to stop a transaction that I made.,cancel_transfer
train-00418,The exchange rate on my payment doesn't look right,card_payment_wrong_exchange_rate
train-03183,Did you revert my top up?,top_up_reverted
train-06185,How can I delete my account?,terminate_account
train-06426,There are two of the same charge on my statement.,transaction_charged_twice
train-02131,If I make a mistake can I cancel the transaction?,cancel_transfer
train-03723,Can I change my address?,edit_personal_details
train-04143,I would like to have a Mastercard.,visa_or_mastercard
train-01334,I tried to purchase airline tickets online this morning and my card information isn't working. Is there something going on with my account?,card_not_working
train-00702,"I checked my statement and saw a charge of one pound, where is this charge coming from?",extra_charge_on_statement
train-09941,Do you offer cards for those in other countries?,country_support
train-09373,I have a question about fee for cash withdraw.,cash_withdrawal_charge
train-02761,Still waiting for transfer to be completed.,transfer_not_received_by_recipient
train-07529,Why are my transfers not going through.  I have tried over 4 times to get it to work.  This is just a simple transfer.  Is something else causing this in the system?  Is it broken?,failed_transfer
train-04375,How many times can I use my disposable card?,disposable_card_limits
train-00186,If I have a credit card with you how I get set up to link to it?,card_linking
train-01039,How long does it take for deliver to the US?,card_delivery_estimate
train-03524,I need to freeze my card as soon as possible. I just checked my account and saw that there have been several payments that I don't recognize over the course of a few days. Can we investigate and get my money back?,card_payment_not_recognised
train-06869,"I think a card payment I made was cancelled, can you check?",reverted_card_payment?
train-00944,I would like for someone to tell me which fiat currencies that your company supports.,fiat_currency_support
train-01379,"Using your app, would I be able to exchange between USD and GBP?",exchange_via_app
train-10000,What countries are getting support?,country_support
train-00661,What is the fee on my statement for?,extra_charge_on_statement
train-09913,Are your cards supported in the EU?,country_support
train-00715,There is a charge for 1£ on my statement.  I do not think that I bought anything that costed 1£.  What is going on?,extra_charge_on_statement
train-04381,I have to make several disposable cards per day.,disposable_card_limits
train-02147,stop the transaction,cancel_transfer
train-06488,I have to verify my source of funds.,verify_source_of_funds
train-07410,Am I allowed to use different currencies?,receiving_money
train-08020,Is there a way to use a cheque to top up my account?,top_up_by_cash_or_cheque
train-00340,What are the exchange rates you assign?,exchange_rate
train-06169,I am upset with your service.  Please delete my account.,terminate_account
train-03955,I can get my identification verified.,unable_to_verify_identity
train-06477,Why is there are there two of the same transaction?,transaction_charged_twice
train-07902,Can I get another card?,getting_spare_card
train-06277,Why did the ATM swallow my card?,card_swallowed
train-05187,Why is my card payment still pending? It should have gone through already.,pending_card_payment
train-01158,If I am running low on credit can I auto top up?,automatic_top_up
train-03888,Why do you need all these details about my identity?,why_verify_identity
train-05145,My card payment still pending,pending_card_payment
train-05203,What is the cause of the delay in applying my card payment to my account?,pending_card_payment
train-01829,Can I do a SWIFT transfer?,top_up_by_bank_transfer_charge
train-03919,My identity verification didn't work,unable_to_verify_identity
train-08214,"Over the holiday I withdrew cash from the ATM and it seems that I was severely overcharged. Had I known that I would be charged those fees, I would not have used the ATM!",wrong_exchange_rate_for_cash_withdrawal
train-09118,Are there fees for using an international card to top up?,top_up_by_card_charge
train-01759,I have used all of my PIN tries. What should I do now?,pin_blocked
train-09930,I live in Germany. Is that one of the countries you are in? What other countries are you in?,country_support
train-02388,The ATM only gave me 10 pounds when I withdrew 30. What do I do?,wrong_amount_of_cash_received
train-07323,I was charge a fee that I wasn't told about,transfer_fee_charged
train-00113,I'm still waiting for my card that was issued a week ago. What should I do?,card_arrival
train-09236,I need to activate my card.,activate_my_card
train-02372,"HELP! I tried to get cash and it gave me some, but not the right amount!",wrong_amount_of_cash_received
train-09277,What am I going to need in order to activate my card?,activate_my_card
train-03460,The check I deposited yesterday isn't listed yet.  Isn't that pretty slow?  I need to see the balance increased by that check.,balance_not_updated_after_cheque_or_cash_deposit
train-05318,I don't have my cell phone with me so I cannot access the system to complete the transaction.,lost_or_stolen_phone
train-02751,When will the transaction be done?,transfer_not_received_by_recipient
train-07580,How can my account have money transferred into it?,transfer_into_account
train-05848,Why has my card been declined?,declined_card_payment
train-04906,I don't have my passcode to access the app.,passcode_forgotten
train-03943,I do not have the information to verify my identify.,unable_to_verify_identity
train-00574,Why do I see an extra £1 charge on my statement?,extra_charge_on_statement
train-04019,do i have to wait for a physical card before i get my pin,get_physical_card
train-02124,Please cancel my last transaction.,cancel_transfer
train-07777,Where do I find the verification code for the card I'm topping up?,verify_top_up
train-05002,I could not get the ATM to work,declined_cash_withdrawal
train-03354,Where did the money I deposit go??,balance_not_updated_after_cheque_or_cash_deposit
train-06801,What does it mean if my payment has been reverted?,reverted_card_payment?
train-02956,I just have one additional card from the USA. Do you support that?,supported_cards_and_currencies
train-08247,Do you offer free ATM withdrawals of ones hometown currency while on holiday?,wrong_exchange_rate_for_cash_withdrawal
train-07768,Why is it necessary to verify the top up?,verify_top_up
train-05774,I requested a refund but can't see it.,Refund_not_showing_up
train-04623,I need to know where I can withdraw money.,atm_support
train-04628,"ATMs, which ones will accept this card?",atm_support
train-01749,What do I do if my PIN was blocked?,pin_blocked
train-05324,I can't use the app because I got mugged yesterday and they took everything. I need some help.,lost_or_stolen_phone
train-00100,can you share card tracking number?,card_arrival
train-01768,"My PIN has been blocked, what should I do?",pin_blocked
train-01803,How can I fix my contactless?,contactless_not_working
train-05163,A transaction on my card shows as pending.,pending_card_payment
train-03411,Where is the money I put in the bank?,balance_not_updated_after_cheque_or_cash_deposit
train-06139,Are you able to delete my account?,terminate_account
train-07325,Is it right that I've been charged for transferring money?,transfer_fee_charged
train-01242,Is it possible to top-up automatically?,automatic_top_up
train-09521,"I need a new card to replace an expired one. Will it cost anything, and how soon?",card_about_to_expire
train-01279,My card won't work at all for anything.,card_not_working
train-06443,I have a duplicate payment on my account,transaction_charged_twice
train-03229,My topup got reverted. Please let me know if there is any issue in system.,top_up_reverted
train-04961,My ATM withdrawal was declined.,declined_cash_withdrawal
train-09977,What countries can I use the card in?,country_support
train-03808,"Can I use my account now, even though my identity verification has not gone through yet?",why_verify_identity
train-02469,"Help, the ATM didn't give me all the money I requested",wrong_amount_of_cash_received
train-00264,I found my card! Can I link it back into the app?,card_linking
train-00035,Can I get an update on my replacement card?,card_arrival
train-07924,I want a backup second card. Is this possible?,getting_spare_card
train-02797,I transferred some cash and it didn't arrive,transfer_not_received_by_recipient
train-03556,Payment I did not make.,card_payment_not_recognised
train-08102,I would like a card please.,order_physical_card
train-08606,I tried to top up my account and it didn't work,top_up_failed
train-03109,Where do I pay with my debit or credit card?,card_acceptance
train-03669,I need to change my address in the personal details.,edit_personal_details
train-08493,My top up is giving me problems. What is wrong with it?,top_up_failed
train-06690,how long does a US transfer take,transfer_timing
train-07111,Why am I unable to transfer money when I was able to before?,beneficiary_not_allowed
train-08260,Can i get money back in my home currency at  ATM? As I am on holiday and bit concerned because i do not have any cash with me . Is it possible to withdraw without any additional cost.,wrong_exchange_rate_for_cash_withdrawal
train-02346,how come when i asked for 100 it only gave me 20.00 in the app,wrong_amount_of_cash_received
train-08167,Why isn't my disposable virtual card working?,virtual_card_not_working
train-05361,I just replaced my phone but how do I use my card information?,lost_or_stolen_phone
train-01650,Do you offer account's for minors?,age_limit
train-02189,My transaction is on the wrong account.,cancel_transfer
train-03542,I don't recognize this payment at all!  Help!,card_payment_not_recognised
train-00369,On what do you base your exchange rates?,exchange_rate
train-05649,What are the reasons for a declined transfer?,declined_transfer
train-08544,"I desperately need to top-up my card, so why is it being declined? Can you solve this for me? I need to use my card immediately!",top_up_failed
train-00491,The exchange rate was not correct for the item I bought.,card_payment_wrong_exchange_rate
train-05519,"I did not receive my purchase, how do I cancel it?",request_refund
train-00699,I need to know what these extra charges are on my statement?,extra_charge_on_statement
train-07821,I want to get few more physical cards,getting_spare_card
train-00258,"I found the card that I thought I lost, and I would like to reactivate it.",card_linking
train-06363,There's a duplicate charge on my account?,transaction_charged_twice
train-07588,I need to deposit money to my account,transfer_into_account
train-07441,Transfer isn't working?,failed_transfer
train-03747,Where do I go to change my account details?,edit_personal_details
train-05783,I am still waiting to find out the status of my refund. I have made previous attempts to find out what the status is to no avail. Will you please look into this for me?,Refund_not_showing_up
train-00433,I bought something in another country but the exchange rate is wrong,card_payment_wrong_exchange_rate
train-09631,My card expires soon,card_about_to_expire
train-03668,I just moved. How do I give you my new address?,edit_personal_details
train-00913,Am I allowed to hold money in multiple currencies?,fiat_currency_support
train-07948,Can I mail in a check to top up?,top_up_by_cash_or_cheque
train-08530,My top-up was declined,top_up_failed
train-09973,Do you support all countries?,country_support
train-04473,I suspect someone used my card.,compromised_card
train-01460,Can this app be used to exchange currencies?,exchange_via_app
train-03514,"I don't recognize this payment on my app, I am sure I didn't spend any money there.",card_payment_not_recognised
train-08855,What do I do if I see a cash withdrawal on my account that I don't remember making?,cash_withdrawal_not_recognised
train-00714,Why would there be an extra charge on my app?,extra_charge_on_statement
train-02947,Do you have a list of cards and currencies you support?,supported_cards_and_currencies
train-07149,Why would I receive an error that my transfer isn't possible when I've done it before?,beneficiary_not_allowed
train-01716,Can you unblock my blocked pin?,pin_blocked
train-04959,I was declined when trying to withdrawal cash!,declined_cash_withdrawal
train-03501,I need some help now please! There are some transactions on my account that I do not remember purchasing. Can they be reversed? Can you please cancel or freeze my card so I don't keep getting charged?!,card_payment_not_recognised
train-07169,why am I being charged a fee for transferring money ?,transfer_fee_charged
train-08581,I don't know why my credit card was declined while I was trying to top-up. Was it something on my end or was there something wrong with the top-up function?,top_up_failed
train-08038,What's the best way to use a cheque to top up?,top_up_by_cash_or_cheque
train-08734,Why am I still waiting for a transfer?,balance_not_updated_after_bank_transfer
train-02468,I wanted to take out $100 but I only got $20.,wrong_amount_of_cash_received
train-00054,How can I periodically check the delivery of the card you sent?,card_arrival
train-03924,I am unable to prove my identity,unable_to_verify_identity
train-08977,"Since I need to exchange currencies frequently, would you be able to offer me a discount?",exchange_charge
train-02279,What number of times can I top-up?,top_up_limits
train-08704,"Although I transferred some money, it has not as of yet, arrived.",balance_not_updated_after_bank_transfer
train-02151,Please help!  The app won't let me cancel a money transfer.  I accidently sent money to an account that wasn't mine.  I need this cancelled immediately.,cancel_transfer
train-01867,Do you charge anything for topping up?,top_up_by_bank_transfer_charge
train-05351,How do I use my card if I lost my phone?,lost_or_stolen_phone
train-08039,How would I top up with a cheque?,top_up_by_cash_or_cheque
train-01423,Will this app allow me to exchange currencies?,exchange_via_app
train-06212,I would like to terminate my account.,terminate_account
train-01709,Why was my PIN blocked?,pin_blocked
train-01971,What happened to my Top-Up? It's not reflected.,pending_top_up
train-02572,Why am I getting a fee on a card payment?,card_payment_fee_charged
train-04005,My pin isn't here yet,get_physical_card
train-04737,I don't recognize this debit transaction in my billing statement?,direct_debit_payment_not_recognised
train-00321,How is the exchange rate calculated?,exchange_rate
train-03992,i am under 18 and i am trying to verify my id. why wont it work?,unable_to_verify_identity
train-07397,Can I transfer my paycheck to the account?,receiving_money
train-09090,Are there any charges for using a bank card to top up,top_up_by_card_charge
train-03346,I placed a cheque but the funds aren't there,balance_not_updated_after_cheque_or_cash_deposit
train-02776,Why can't the person I sent the money transfer to see it?,transfer_not_received_by_recipient
train-05283,I lost my phone. Can I use my card without the app?,lost_or_stolen_phone
train-07601,How do I go forth with bank transfers for top up accounts?,transfer_into_account
train-09622,My card is about to expire. Do I have to go to a branch to order a new card?,card_about_to_expire
train-07299,Does it cost anything to buy something from another country? Like is there going to be hidden transfer fees or currency conversion fees?,transfer_fee_charged
train-07469,"I got a transfer fail message, but no explanation of why-- what happened?",failed_transfer
train-01401,"I might need to exchange between USD and GBP, is this possible with your app?",exchange_via_app
train-07673,Can you please explain how bank transfers work?,transfer_into_account
train-03682,I just had a wedding and I want to take my spouses name.,edit_personal_details
train-01991,I'm still waiting for the top-up!,pending_top_up
train-06457,"Looks like my card payment was made two time by mistake. I went to pay at the store earlier which rejected once, second time it worked. App is on pending for one of the payments. Can you please remove one of them as it's wrong and clearly was declined?",transaction_charged_twice
train-04085,How is my PIN sent?,get_physical_card
train-01818,Will there be a charge for topping up by account with a SEPA transfer?,top_up_by_bank_transfer_charge
train-08828,The app is saying I made a withdrawl but I didn't.,cash_withdrawal_not_recognised
train-08716,Why is  my balance not updated?,balance_not_updated_after_bank_transfer
train-08942,"There has been an unusual withdrawal from my account, can you help?",cash_withdrawal_not_recognised
train-05249,"My card payment is just showing up as pending and it has been a while , what's going on with that, it should be going through at some point?",pending_card_payment
train-03879,Why do you need so much id info from me?,why_verify_identity
train-04201,Could I get a mastercard if that's reasonable?,visa_or_mastercard
train-06990,What ATMs will allow me to change my PIN?,change_pin
train-07272,Why did I get charged for a transfer?,transfer_fee_charged
train-06774,I was checking my statement and I think one of my card payments has reverted,reverted_card_payment?
train-07496,I tried to do a transfer and it hasn't worked!,failed_transfer
train-08833,I got a strange cash withdrawal in my statement,cash_withdrawal_not_recognised
train-01310,Currently I can't get my card to work.,card_not_working
train-01378,Is currency exchange possible?,exchange_via_app
train-01718,"My PIN is unlocked, what do I do?",pin_blocked
train-08612,I really need to top-up my card today urgently but my card keeps getting declined!! Can you please help me with this problem or let me know if you have any alternatives,top_up_failed
train-09542,Where can I have a new bank card sent to China?,card_about_to_expire
train-06491,My source of funds need verification.,verify_source_of_funds
train-09319,I have a new card. How do I activate it?,activate_my_card
train-05043,The ATM wouldn't let me withdraw cash.,declined_cash_withdrawal
train-09290,Card activation steps,activate_my_card
train-00796,"My cash withdrawal shows pending, why?",pending_cash_withdrawal
train-04295,"I tried to top off using the card, but the money just disappeared?",topping_up_by_card
train-04758,Unusual direct deposit,direct_debit_payment_not_recognised
train-01638,Do you have a limit for someone's age?,age_limit
train-09027,How high is the exchange fee?,exchange_charge
train-05376,Can I request a refund,request_refund
train-01102,Please send my card as quickly as possible.,card_delivery_estimate
train-01451,"I would like to exchange currencies, how do I go upon it?",exchange_via_app
train-08648,Why isn't the transfer to my account showing up?,balance_not_updated_after_bank_transfer
train-08213,"I tried using a foreign currency at an ATM, but the ATM provided me an incorrect rate. Why is that?",wrong_exchange_rate_for_cash_withdrawal
train-07739,"I'm trying to verify my top up card, how do I do that?",verify_top_up
train-09134,how much for topping up by card?,top_up_by_card_charge
train-03488,"I need to figure out what these charges are on my account. They've been coming out for a couple of days. Can i get all of this money back? Also, I need to freeze my card.",card_payment_not_recognised
train-00238,You sent me a card and now I want to link it.,card_linking
train-02536,What is the extra fee that showed up on my card?,card_payment_fee_charged
train-03133,You can use it anywhere that accepts Mastercard.,card_acceptance
train-05084,Why did the ATM cancel my transaction,declined_cash_withdrawal
train-05425,How can I get a refund for an item I purchased but has not yet arrived?,request_refund
train-06127,Can you tell me why my transfer is pending still?,pending_transfer
train-06682,When will my account receive the money?,transfer_timing
train-09496,What is the extra fee I was charged when using an ATM?,cash_withdrawal_charge
train-01157,Does auto top-up have a limit?,automatic_top_up
train-04441,How many disposable cards can I make in a day?,disposable_card_limits
train-04743,I am not recognizing a debit payment from my account.,direct_debit_payment_not_recognised
train-02693,Why am I charged a fee for using my card on some purchases?,card_payment_fee_charged
train-05810,Why hasn't my return cleared my account?,Refund_not_showing_up
train-05764,Why isn't my refund showing up?,Refund_not_showing_up
train-04814,Help me!  I don't know what my password is.,passcode_forgotten
train-04189,Is it possible to get both Visa and Mastercard from you?,visa_or_mastercard
train-03670,Why can't I edit my personal details?,edit_personal_details
train-02000,My top is still pending.,pending_top_up
train-02601,I think I was wrongly charged in a recent transaction when I used my card.,card_payment_fee_charged
train-03213,"My money is gone. I had topped up recently and saw it was there, but now it's disappeared, what's going on?",top_up_reverted
train-07255,I did a transfer and I was charged a fee that shouldn't be there!,transfer_fee_charged
train-02646,I don't think I should have been charged a fee to use my card.,card_payment_fee_charged
train-06594,How long am I to wait before the transfer gets to my account?,transfer_timing
train-01407,How do I use the app to exchange currencies?,exchange_via_app
train-04866,What do I do if I can't access my passcode?,passcode_forgotten
train-01639,Do you have any accounts for children ?,age_limit
train-08728,"How long does an international transfer take? I made the transfer from France 2 days ago, but it is not showing up in my bank yet.",balance_not_updated_after_bank_transfer
train-04845,I happened to forget my passcode,passcode_forgotten
train-01472,Does the app allow for exchanges between currencies?,exchange_via_app
train-03086,I would like a virtual card...how do I get one?,getting_virtual_card
train-03505,I don't recognize a purchase that was made with my card.,card_payment_not_recognised
train-08651,Why can't I see a transfer to my account?,balance_not_updated_after_bank_transfer
train-00129,How long will it be to get this new card?,card_arrival
train-07609,I'd like to know how transferring my money into my account works.,transfer_into_account
train-05644,I have tried a couple of times to make a purchase and my card keeps getting declined. Why do you keep denying my transfers? I have already tried a couple of times and it's not working.,declined_transfer
train-06126,"My transfer is pending, why?",pending_transfer
train-06304,"My card is stuck inside the ATM, what am I supposed to do?",card_swallowed
train-01303,I can't use my card for anything,card_not_working
train-05026,"I think there may be something wrong with my card. I have never had issues with withdraws before, but this morning on the way to work it was suddenly declined.",declined_cash_withdrawal
train-09444,I have been charged a fee for getting cash,cash_withdrawal_charge
train-06845,Why would my card payment be reverted?,reverted_card_payment?
train-00590,There has been a charge pending on my account statement that I can't figue out it's for a dollar.,extra_charge_on_statement
train-04339,How many times can I use a virtual card?,disposable_card_limits
train-00016,I don't have my card in 1 week.  Should I be worried?,card_arrival
train-05424,Hello I changed my mind and really need a refund on one of things I bought recently. Can you please cancel the transaction and get me my money back. Pls it's urgent,request_refund
train-02332,my atm transaction was wrong,wrong_amount_of_cash_received
train-06000,I sent a transfer and it has been pending for awhile. How long will it stay pending?,pending_transfer
train-00857,Why is the cash transaction still showing as not completed?,pending_cash_withdrawal
train-05055,When going to the ATM to take out some cash today my withdrawal was  declined.  I need to fix this problem as soon as possible. whats going on?,declined_cash_withdrawal
train-00950,What type of fiat currencies do you support?,fiat_currency_support
train-04905,Can someone please help assist me by explaining to me why my pass-code is not working?,passcode_forgotten
train-08442,What are the uses for disposable cards?,get_disposable_virtual_card
train-04892,"I want to reset my passcode, how can I do that?",passcode_forgotten
train-00407,The exchange rate I was charged for a purchase was not right.,card_payment_wrong_exchange_rate
train-05302,I was recently mugged and would like to know if I have to have access to the app to use your services and how I would go about setting up your services on a new device belonging to a current user?,lost_or_stolen_phone
train-06368,I made a payment and it is showing up twice,transaction_charged_twice
train-04560,Can I use my card to withdraw from my account?,atm_support
train-06595,Will the transfer show up in my account soon?,transfer_timing
train-06333,I got charged two times for a transaction,transaction_charged_twice
train-07057,I'm suddenly getting an error while attempting a transfer that it isn't possible. Why? I've done it before.,beneficiary_not_allowed
train-09581,Please inform me how to get a new card as mine is about to expire.,card_about_to_expire
train-04003,The card PIN?,get_physical_card
train-01667,I have exceeded the number of PIN attempts,pin_blocked
train-00242,"I recently reported my card as missing/lost, and I just found it. Can I still use it?",card_linking
train-05281,My app was on the phone and I was mugged.  What do I do?,lost_or_stolen_phone
train-09996,I live in the US and I would like to get a card. How do I go about getting one?,country_support
train-03132,Which merchants accept my card?,card_acceptance
train-01249,How do I fix a broken card?,card_not_working
train-05241,Why is it saying I have a pending payment?,pending_card_payment
train-00419,"I just saw the exchange rate you use, but it's so bad that I can't believe that it's the official interbank exchange rate! Is this truly the official interbank exchange rate?",card_payment_wrong_exchange_rate
train-08992,Fees for currency exchange,exchange_charge
train-05167,What does a 'pending payment' mean?,pending_card_payment
train-06067,How long does a transfer take?,pending_transfer
train-02121,Please help me cancel a transaction.,cancel_transfer
train-02958,Which cards are accepted for topping up?,supported_cards_and_currencies
train-02811,My transaction has not been received. When are you going to process it?,transfer_not_received_by_recipient
train-06316,"I think I was charged twice, please help!",transaction_charged_twice
train-01300,I can't seem to use my card. Can you help?,card_not_working
train-07663,I want to transfer some money from my other bank account into this one.,transfer_into_account
train-00518,I believe you charged me too much to exchange my money,card_payment_wrong_exchange_rate
train-07701,How do I verify my top up?,verify_top_up
train-07022,I got a message that I cannot name X as a beneficiary.,beneficiary_not_allowed
train-05461,"Hello, I recently ordered an item and I need help with cancelling and processing a refund as soon as possible. It's very important that I get my refund quickly.",request_refund
train-03559,Why is there a payment I didn't do in my app?,card_payment_not_recognised
train-08860,There is money missing from my account.,cash_withdrawal_not_recognised
train-05472,Do you give refunds?,request_refund
train-08884,How do I report a cash withdrawal that wasn't me?,cash_withdrawal_not_recognised
train-02824,Why has my transfer not arrived yet?,transfer_not_received_by_recipient
train-07168,I've been using my account while abroad for a while but only recently I've been charged a fee. Why am I only being charged a fee now.,transfer_fee_charged
train-02707,I transferred money but the recipient does not see the funds in their account?,transfer_not_received_by_recipient
train-02082,"Hi, I sent a payment to the wrong account number - can you cancel it as soon as possible?",cancel_transfer
train-07489,"Hey, I'm buying a flat and I need my mortgage to go though. However, every time I check I get an error message. Is there any way you can help me with this transfer.",failed_transfer
train-03222,I think my top up was reversed.,top_up_reverted
train-09641,"My card is expiring, how do I get a new one?",card_about_to_expire
train-09974,Can you tell me the countries you provide support for.,country_support
train-06308,How can I fix this?  There is a double charge on my account.,transaction_charged_twice
train-05344,What should I do if I lost my phone?,lost_or_stolen_phone
train-02881,use my credit to add money,supported_cards_and_currencies
train-03631,I see a payment on my statement for  a place I didn't make a purchase at.,card_payment_not_recognised
train-08050,Can I request a card?,order_physical_card
train-02821,My transfer didn't arrive to the recipient,transfer_not_received_by_recipient
train-08410,In what way can I use the disposable cards?,get_disposable_virtual_card
train-04617,Where can I find a Mastercard ATM?,atm_support
train-05652,Why does my card continually get declined? I thought I had enough money in there but I've tried several times now and it still isn't working.,declined_transfer
train-02690,Why did I get charged a fee on my card?,card_payment_fee_charged
train-03474,The balance hasn't changed yet after depositing a cheque with some money.,balance_not_updated_after_cheque_or_cash_deposit
train-01879,Am I able to do a SWIFT transfer with you?,top_up_by_bank_transfer_charge
train-09430,Why did you charge me extra for withdrawing money?,cash_withdrawal_charge
train-09938,What countries are you issuing cards for?,country_support
train-04131,Can I use visa or mastercard with your service,visa_or_mastercard
train-01649,Can I open an account for my offspring?,age_limit
train-01285,Something's wrong my card won't work.,card_not_working
train-05995,How long does it take for a money transfer to show up?,pending_transfer
train-09029,How much is the charge for a foreign currency exchange?,exchange_charge
train-04269,Why can't I see my top up?,topping_up_by_card
train-01843,To receive money are there charges?,top_up_by_bank_transfer_charge
train-03258,I got notified that my top up has been reverted. Why?,top_up_reverted
train-07930,Is there any way I can get more physical cards to use with my account?,getting_spare_card
train-09398,"I hate this ATM, it charged me an extra fee, Why did it charge?",cash_withdrawal_charge
train-04487,I think someone has hacked my card!,compromised_card
train-06323,What happens when I am charged twice?,transaction_charged_twice
train-01024,I'm worried my card might be lost in the mail? How long does it usually take to arrive?,card_delivery_estimate
train-05547,"Why do you keep declining my transfers? It's been working well so far, but when I just tried to buy something, the card got declined. I tried it a few times, but same thing happened every try.",declined_transfer
train-07380,"My friend wants to send me money, can she?",receiving_money
train-06123,"What does it mean when a transfer is ""pending""?",pending_transfer
train-04752,how do i get a refund for a direct debit payment i didn't make,direct_debit_payment_not_recognised
train-06482,Where did my money come from?,verify_source_of_funds
train-07894,"If I get another card, what kind of fees am I looking at?",getting_spare_card
train-08867,I am seeing in the App a some cash withdrawal that does not belong to me,cash_withdrawal_not_recognised
train-07807,"I would like open a second card for my daughter, how can you assist me?",getting_spare_card
train-08024,Can I use a check to top up?,top_up_by_cash_or_cheque
train-06035,"How long does a transfer to another country normally take? I check over and over again and see that my transfer is still pending. It's 2018, nothing should take this long. I have confirmed my account information, so there is no error. What is the hold up?",pending_transfer
train-02433,The ATM didn't give me enough money! I asked for more than it gave. What do I do?,wrong_amount_of_cash_received
train-00019,It's been a week since you issued me a card and I still didn't get it. Should I keep waiting?,card_arrival
train-09123,Can I top up for free using a European card?,top_up_by_card_charge
train-03898,I can't verify identity through the app.,unable_to_verify_identity
train-08339,The exchange rate applied was incorrect when I was traveling outside the country.,wrong_exchange_rate_for_cash_withdrawal
train-05873,can you tell me why my card was declined?,declined_card_payment
train-00193,How do I reactivate a card I thought I lost?,card_linking
train-00043,Am I able to track the card that was just sent to me?,card_arrival
train-08947,Is there any cost to change foreign money to local?,exchange_charge
train-06848,I think a payment I made with a card was cancelled.,reverted_card_payment?
train-01670,Help me unblock my account.  I entered the PIN wrong too many times.,pin_blocked
train-08991,Will I get charged on a foreign currencies exchange?,exchange_charge
train-01286,I tried to use my card today in the restaurant but it didn't work and just got declined. What's wrong?,card_not_working
train-07605,How would I use a bank transfer for topping my account?,transfer_into_account
train-07023,Why am I not allowed to add a certain beneficiary?,beneficiary_not_allowed
train-06202,I need to terminate my account immediately.,terminate_account
train-02172,How can I cancel a transfer I made,cancel_transfer
train-02210,Please cancel the transfer I just made.  I put in the wrong account number and can't seem to stop it on the app.,cancel_transfer
train-03767,Where can I modify my information?,edit_personal_details
train-04982,I tried to withdraw cash from the ATM machine and it did not work. Can you tell me why?,declined_cash_withdrawal
train-08170,My virtual card is just not going through.,virtual_card_not_working
train-05755,Please send my refund now.,Refund_not_showing_up
train-09536,The date my card expires is coming up,card_about_to_expire
train-06385,My account is showing a double charge.,transaction_charged_twice
train-04836,I seem to of forgotten my passcode.,passcode_forgotten
train-06653,How long until transfers from Europe go through?,transfer_timing
train-06083,I wanted to know why there is a transfer of mine pending.,pending_transfer
train-02044,It appears my top-up has not gone through.,pending_top_up
train-09916,Any chance of getting the card outside the UK?,country_support
train-05036,What was the cause for my card to be declined?,declined_cash_withdrawal
train-04299,What do I need to do to transfer money with my credit card?,topping_up_by_card
train-03796,What if I don't verify my identity?,why_verify_identity
train-05941,Could you please tell me why my card payment didn't work?,declined_card_payment
train-08700,I haven't yet received money that I transferred,balance_not_updated_after_bank_transfer
train-09287,My card activation attempt failed.,activate_my_card
train-08029,What form of payments can I use for topping up?,top_up_by_cash_or_cheque
train-02487,"Hi, Today i have withdrawn cash from ATM but i got wrong amount and in the app it is showing much more amount than that.",wrong_amount_of_cash_received
train-00171,Can I add a card that I just found (again) to the app?,card_linking
train-01077,I ordered my card a couple weeks ago and haven't received it yet. When can I expect it?,card_delivery_estimate
train-09626,Am I able to have a card sent to China?,card_about_to_expire
train-00856,Why would a cash withdrawal be pending?,pending_cash_withdrawal
train-03327,I did a cash deposit to my account but my balance is still the same. What happened?,balance_not_updated_after_cheque_or_cash_deposit
train-04342,"i tried using a virtual card for a hotel but it didn't work, why not",disposable_card_limits
train-09203,How do I activate my new card I just got?,activate_my_card
train-07880,How many cards can I have?,getting_spare_card
train-09369,"So, I was just charged for my recent ATM withdrawal and any withdrawal prior to this has been free. What is the issue here?",cash_withdrawal_charge
train-05533,I'm cancelling this charge. I still have not received what I bought from these people a while ago.,request_refund
train-00512,"The exchange rate you're using is terrible - this can't be the official interbank exchange rate, can it?",card_payment_wrong_exchange_rate
train-05090,I was declined when I tried to take out cash!,declined_cash_withdrawal
train-04504,Someone used my card without my permission.,compromised_card
train-08269,My exchange rate is wrong when I get cash.,wrong_exchange_rate_for_cash_withdrawal
train-01104,When can I expect to receive my card?,card_delivery_estimate
train-04925,Why won't cash come out of the ATM?,declined_cash_withdrawal
train-07508,My transfer failed,failed_transfer
train-09381,I took out money and there is a fee.  Why?,cash_withdrawal_charge
train-04842,I don't remember my login code,passcode_forgotten
train-09467,is there a charge on withdrawals?,cash_withdrawal_charge
train-00014,It's been a week since I ordered my card and it's not here. Please help?,card_arrival
train-01040,If I order a card when does it arrive?,card_delivery_estimate
train-09823,What needs to be provided for identity verification?,verify_my_identity
train-03827,How does identity check work?,why_verify_identity
train-01997,My money hasn't been deposited yet. When will it be?,pending_top_up
train-07646,Help! My account doesn't show any funds. Is transferring funds an option I can use?,transfer_into_account
train-06109,"So, my transfer is showing as pending, when will it actually go through?",pending_transfer
train-09761,"Can you please assist me in Apple Pay, in getting Top Up to work?",apple_pay_or_google_pay
train-03697,How can I change my information?,edit_personal_details
train-01651,What are the age limits for your service?,age_limit
train-02885,What types of cards and money do you accept?,supported_cards_and_currencies
train-05590,I couldn't make a transfer because it was declined,declined_transfer
train-08531,Why is my card being declined when I try to do a top-up? How can this be immediately resolved?,top_up_failed
train-05121,I notice there's a pending payment on my card.,pending_card_payment
train-09947,What countries can I use your services?,country_support
train-05289,"I'm currently not in possession of my phone, is it still possible to go about things normally without access to the app?",lost_or_stolen_phone
train-05010,My card didn't work at the ATM in Notting Hill.  Is my card working?,declined_cash_withdrawal
train-09449,There was an unexpected fee for my cash withdrawal!,cash_withdrawal_charge
train-04503,What to do if my card has been used without my permission?,compromised_card
train-06064,What is the reason why the transfer shows as pending?,pending_transfer
train-02866,Why is my transfer taking so long. I thought it was supposed to only take 1 day if I made a transfer to someone. Can you wee what went wrong?,transfer_not_received_by_recipient
train-04092,Show me where I can see the PIN?,get_physical_card
train-04640,Why is there a direct debit payment on my statement that I didn't do?,direct_debit_payment_not_recognised
train-09643,How do I get a new expiration date?,card_about_to_expire
train-04057,Will the PIN come separately?,get_physical_card
train-08165,can i order cards on the app,order_physical_card
train-01201,Is there a function where I can top-up automatically?,automatic_top_up
train-00431,The item i bought exchanged rate was incorrect.,card_payment_wrong_exchange_rate
train-07980,Why can't I top up by cheque?,top_up_by_cash_or_cheque
train-05938,"I've tried many times to make a payment, but it's not going through.  What's wrong?",declined_card_payment
train-01516,I have lost my card! What is my next step?,lost_or_stolen_card
train-07570,Whats the transfer process,transfer_into_account
train-08154,Do I get a real card?,order_physical_card
train-08373,"I want a disposable virtual card, how do I do that?",get_disposable_virtual_card
train-06206,I want to inactivate my account.,terminate_account
train-00289,I have a card that was deactivated can I reactivate it?,card_linking
train-03544,I just looked over my statement and I don't recognize the name of a card payment.,card_payment_not_recognised
train-07708,I need to find the top up verification code,verify_top_up
train-09762,Can I use google play as my primary app to Top up?,apple_pay_or_google_pay
train-06593,How do I see the source of my money?,verify_source_of_funds
train-03173,"My money has disappeared. I had recently added money in, and saw it was there and went through. Now it's gone. What is happening?",top_up_reverted
train-04281,i need to top up by card.,topping_up_by_card
train-06497,"I need to know this, where do my funds come from?",verify_source_of_funds
train-08864,I hope you can help me. My account has been compromised from a different town that I haven't been to. Can you please place a hold on my account until I can make it to the bank?,cash_withdrawal_not_recognised
train-00743,"Hello, I have a pending transaction in my account due to an ATM machine that wasn't working. In any case if the transaction goes through, after how long can I get my money back?",pending_cash_withdrawal
train-00581,Have have a small charge on my account from someone I purchased with but I'm not sure what it relates to.,extra_charge_on_statement
train-00494,The correct exchange rate wasn't given to me for an item I purchased.,card_payment_wrong_exchange_rate
train-04733,I can't recognise this Direct Debit payment.,direct_debit_payment_not_recognised
train-02920,What kind of cards are supported?  What currency?,supported_cards_and_currencies
train-06437,There is more than one charge on my account for a transaction.,transaction_charged_twice
train-03102,Do you have a list of businesses that accept this card?,card_acceptance
train-00675,why does my statement contain an extra fee?,extra_charge_on_statement
train-04546,Can I use the card at any cash machine?,atm_support
train-04664,This debit is not my transcation. How do I get my money out back?,direct_debit_payment_not_recognised
train-08435,Can you tell me what are disposable cards for?,get_disposable_virtual_card
train-02702,"I have done a transfer within the country the day before yesterday, but it's still not there yet. Can you please check what's going on with that, the account number definitely is the right one, I've checked that already.",transfer_not_received_by_recipient
train-00719,How come I was charged a transaction of $1?,extra_charge_on_statement
train-01063,How long will it take to get to the US?,card_delivery_estimate
train-07350,My salary is in GBP - what should I do?,receiving_money
train-09064,What commission do you take for currency exchage?,exchange_charge
train-09532,"In a month, my card will reach its expiration date, am I required to request the next card?",card_about_to_expire
train-00792,What does it mean to have a pending cash withdrawal?,pending_cash_withdrawal
train-09771,How can I prove I am me?,verify_my_identity
train-07193,Please explain the fee on a transfer I made.,transfer_fee_charged
train-07278,"I've use this account all the time, including over this past month, to pay for things from my new place abroad. I'm a really good customer, so why do I suddenly have new fees? I should be rewarded instead of charged more fees.",transfer_fee_charged
train-08711,How long does it typically take to make a transfer from a UK bank? I just made one and it hasn't shown up in my account yet.,balance_not_updated_after_bank_transfer
train-03853,what are you going to use my identification details for?,why_verify_identity
train-06125,The seller of the items I bought online the other day hasn't received the EU transfer yet. How long do these usually take?,pending_transfer
train-02917,why wont my american express work to add money,supported_cards_and_currencies
train-05475,"I'd like to get a refund for something I bought, is that possible?",request_refund
train-00862,Can you please tell me why my cash withdrawal is still pending?,pending_cash_withdrawal
train-05621,"What do I do with my ""decline"" message on a transfer?",declined_transfer
train-09978,I need a new card and I live in the United States.,country_support
train-05086,Why wouldn't my withdrawal go through?,declined_cash_withdrawal
train-07619,Can I transfer money to my card via bank-transfer?,transfer_into_account
train-09272,What are the steps that I need to take to activate a new card?,activate_my_card
train-03303,"I tried using a check to update my balance, but it isn't work? Is something wrong?",balance_not_updated_after_cheque_or_cash_deposit
train-03508,A payment on my statement is wrong.,card_payment_not_recognised
train-09243,I'm not able to activate my card how do I fix this problem?,activate_my_card
train-07830,I'd like to provide my daughter with a card - could I get an additional card from my account to give her?,getting_spare_card
train-01911,"I'd like to make a SEPA transfer to my account, but will I be charged?",top_up_by_bank_transfer_charge
train-03337,My balance doesn't show my deposit.,balance_not_updated_after_cheque_or_cash_deposit
train-04354,What are the disposable cards restrictions?,disposable_card_limits
train-03367,Why is my balance still the same after a cheque deposit?,balance_not_updated_after_cheque_or_cash_deposit
train-00324,What is the current exchange rate?,exchange_rate
train-01061,How long will it take to deliver to the US?,card_delivery_estimate
train-07073,Why can't I transfer money to a beneficiery?,beneficiary_not_allowed
train-08552,I believe my top up did not work.,top_up_failed
train-06803,I purchased something about one to two weeks ago but for some reason the payment was returned to my account today even though I've already received one of the items. Can you tell me what's going on?,reverted_card_payment?
train-03120,Where can my card be used?,card_acceptance
train-04362,Are there a certain amount of transactions i can do with one disposable card?,disposable_card_limits
train-08276,what is the correct exchange rate for getting cash,wrong_exchange_rate_for_cash_withdrawal
train-06588,How can I check to see where my funds come from?,verify_source_of_funds
train-01011,How long is the wait for my card?,card_delivery_estimate
train-06187,Delete my account now please.,terminate_account
train-08862,It is urgency. Please freeze my card now. As someone in some odd remote town has withdrawn some money by using my card. As i did not withdraw any money.,cash_withdrawal_not_recognised
train-04144,Can I get a Visa or Mastercard?,visa_or_mastercard
train-05990,I can't figure out why a transfer is still pending?,pending_transfer
train-02442,The ATM shows a withdraw of the amount of money I requested but I didn't revieve that amount in cash.,wrong_amount_of_cash_received
train-00965,How can I exchange to EUR?,fiat_currency_support
train-07052,Why would a transfer to an account not be allowed?,beneficiary_not_allowed
train-02524,"I'm going on holiday to France for 6 weeks with my family and the cat, Fluffy.  I just purchased €10,000 from a currency exchange to ensure we don't run short but there appears to be a fee.  What is this for?",card_payment_fee_charged
train-05476,I changed my mind on something I purchased through you and I need the transaction canceled and a refund as soon as possible. Can you help me please?,request_refund
train-09809,Where can I verify my identity?,verify_my_identity
train-07537,I tried to do a transfer but it didn't go through.,failed_transfer
train-01589,Can my 8 year old grandson open an account at the bank?,age_limit
train-03290,"I tried to add a topup to my account but the money isn't there, anymore. Did I do something wrong?",top_up_reverted
train-00464,I noticed the currency exchange rate was incorrect after paying for something in a foreign country.,card_payment_wrong_exchange_rate
train-03969,I'm having trouble with proving my identity.,unable_to_verify_identity
train-08057,Is it possible to get a physical card?,order_physical_card
train-01550,I've lost my card. What can I do about that?,lost_or_stolen_card
train-02523,I had to pay money for paying with my card.,card_payment_fee_charged
train-03392,Why am I not seeing the check I deposited this morning in my account?,balance_not_updated_after_cheque_or_cash_deposit
train-07184,Why is there a charge for my transfer?,transfer_fee_charged
train-06620,I need to transfer funds from China and quick expedition is crucial. Approximately how long does it take for a transfer from China to go through?,transfer_timing
train-09088,how much is the fee for topping by card,top_up_by_card_charge
train-00089,Is there a way to track my card?,card_arrival
train-04680,"There's a weird payment showing in my app that I definitely haven't made myself, as I haven't used the card at all that day. Please cancel that and return my money.",direct_debit_payment_not_recognised
train-02532,"Where can I find out the fee structure for my account? I have been charged fees for some transactions, but not for other ones. I can't find a pattern in these fees.",card_payment_fee_charged
train-02381,I was just giving the wrong amount by the ATM. How do I request cash back at this point? The app is showing the amount that I actually requested even though that's not what I got.,wrong_amount_of_cash_received
train-02704,My money transaction hasn't arrived.,transfer_not_received_by_recipient
train-08723,"Can you tell me how long it would take, to make a transfer from France? I made one 2 days ago and its not there yet.",balance_not_updated_after_bank_transfer
train-03804,Why do I need to verify my identity?,why_verify_identity
train-02211,I want to revert this mornings transaction.,cancel_transfer
train-00386,Could you tell me what your exchange rates are?,exchange_rate
train-00594,I see a $1 charge in a transaction.,extra_charge_on_statement
train-02778,I'm getting concerned here.  I sent a friend some money and she isn't seeing it.  What's going on?,transfer_not_received_by_recipient
train-01294,"No transactions are being accepted, what's wrong with my card?",card_not_working
train-00751,"When I used one of the ATMs in the city centre today, I tried to take out some money, but for whatever reason, the machine declined my card. Just checked it out in my account and that amount is still showing as pending! Is there any way that you can cancel this transaction, because I did not receive any money whatsoever from the ATM",pending_cash_withdrawal
train-09814,How do I verify my ID?,verify_my_identity
train-05901,My credit card has been declined.,declined_card_payment
train-04878,I can't log in,passcode_forgotten
train-01284,What do I do if the machine rejects my card?,card_not_working
train-01872,Does this program take SWIFT transfers?,top_up_by_bank_transfer_charge
train-06227,I want to deactivate my account.,terminate_account
train-07136,Why  am I being told this  transfer will not  go thru,beneficiary_not_allowed
train-03098,How do I know where I can use my card?,card_acceptance
train-01393,Can I use your app to exchange between USD and GBP,exchange_via_app
train-04071,Will my pin number be sent with my card?,get_physical_card
train-09855,How do i change my identity?,verify_my_identity
train-03902,This stupid system is not letting me prove my identity.,unable_to_verify_identity
train-02285,What is my top-up limit?,top_up_limits
train-09427,Why are you charging fees on cash withdrawals? I went to withdraw some money earlier today after buying groceries. There's a fee that wasn't there before.,cash_withdrawal_charge
train-00553,My rate of exchange was wrong.,card_payment_wrong_exchange_rate
train-03310,"The cheque I sent a few days ago has not been deposited yet, what is the hold up?",balance_not_updated_after_cheque_or_cash_deposit
train-09142,Is there any fees for top ups?,top_up_by_card_charge
train-00384,How did you guys get your exchange rate?,exchange_rate
train-08574,"Hi I've been trying to top up my card for the past day but it gets declined, I need it topped up urgently! Can somebody get back to me to resolve this or explain any different ways I can top up my card?",top_up_failed
train-01897,Do you take SWIFT transfers?,top_up_by_bank_transfer_charge
train-07677,I need money put into this account from another one.,transfer_into_account
train-02809,"I transferred a payment a couple days ago and it shows done, but it has not been received.  Could you please help me?",transfer_not_received_by_recipient
train-06751,I already got my item but just got my money back,reverted_card_payment?
train-09366,Why have I been charged for pulling cash out of my own account?,cash_withdrawal_charge
train-07228,Someone that I had to send money to told me that they didn't receive the full amount I sent them - can you look into this?,transfer_fee_charged
train-06264,I was getting cash and the card got stuck inside,card_swallowed
train-08256,Why is the exchange rate different than expected on my transaction?,wrong_exchange_rate_for_cash_withdrawal
train-06891,Do I have to go into the bank to change my PIN?,change_pin
train-09795,What do you need for the identity verification,verify_my_identity
train-03718,Is there a way to modify my details?,edit_personal_details
train-03903,The app is having trouble verifying my identity.,unable_to_verify_identity
train-06517,What do I need to do to verify my funds?,verify_source_of_funds
train-05214,There is a payment showing as pending and hasn't posted for a few days.  When will it post?,pending_card_payment
train-07985,What are my payment options for topping off my account?,top_up_by_cash_or_cheque
train-08328,What is wrong with the exchange rate? This should have been a much higher amount of cash for that to apply.,wrong_exchange_rate_for_cash_withdrawal
train-07030,Why didn't my transfer to a beneficiary go through?,beneficiary_not_allowed
train-06059,"How long do EU transfers take? I bought something online a couple days ago , sent the money immediately online but the seller says it is still not there yet",pending_transfer
train-00844,Is there any reason my cash withdrawal still shows as pending?,pending_cash_withdrawal
train-03580,I did not make this payment that I see in the App.,card_payment_not_recognised
train-00382,How do you do currency exchanges?,exchange_rate
train-03358,When will the check I deposited post to my account?,balance_not_updated_after_cheque_or_cash_deposit
train-05876,"When I use my card, it says decline?",declined_card_payment
train-07450,"Hi, I am currently in the process of buying a flat and I am waiting for the mortgage to go through but it keeps showing up as an error.  Do you know what could be causing this and can you help me get the money over.",failed_transfer
train-03733,Can I update my details?,edit_personal_details
train-04461,I think my account has been hacked there are charges on there I don't recognize.,compromised_card
train-03569,There's a payment with my card that I definitely didn't create. I don't know anyone by that name.,card_payment_not_recognised
train-02783,Why hasn't my friend received the transaction?,transfer_not_received_by_recipient
train-04584,Which ATMs accept Mastercard?,atm_support
train-06275,I was removing a dollar amount from my account and now don't have access to my card.,card_swallowed
train-04962,"When I went to get cash, it was declined!",declined_cash_withdrawal
train-09241,I am having trouble activating my card.,activate_my_card
train-07858,Can I have a second card issued to another family member?,getting_spare_card
train-06133,Can you tell me when the transfer will be completed?,pending_transfer
train-04306,Something is wrong with my top up and I can't see it. How do I find it?,topping_up_by_card
train-09320,"The activation process did not work, please help?",activate_my_card
train-05480,How do I get my refund back?,request_refund
train-06102,"Hello. How long does it usually take to transfer money to another country? I've made sure all the information is correct, but the transfer still says that it's ""pending.""",pending_transfer
train-05019,Why can I not take out cash?,declined_cash_withdrawal
train-07726,What do I do to verify a top-up?,verify_top_up
train-08110,how do I ask for a physical card?,order_physical_card
train-03054,I can't find the virtual card,getting_virtual_card
train-03187,I need someone to find out where my money has gone to? It has disappeared. I completed a top up earlier and seen it had went through. Since it has now disappeared I need to know what's going on.,top_up_reverted
train-00625,I got a €1 extra fee in my statement,extra_charge_on_statement
train-04047,When will I have access to my pin number?,get_physical_card
train-04039,I haven't received the PIN yet.,get_physical_card
train-05831,When will I be able to see my refund?,Refund_not_showing_up
train-09782,Show me how to verify my identity?,verify_my_identity
train-09591,"I need a new card, my old card is expiring.",card_about_to_expire
train-09888,Which countries do you operate in,country_support
train-05992,When will my transfer finish pending?,pending_transfer
train-08118,I would like a  physical card sent to me.,order_physical_card
train-00933,Is my country's currency supported by your system?,fiat_currency_support
train-05719,I cannot see a refund in my account,Refund_not_showing_up
train-05410,"My order hasn't shown up yet, what can I do?",request_refund
train-08683,"I made a bank transfer earlier from my UK account.  I don't see it yet, can you check the status?",balance_not_updated_after_bank_transfer
train-01795,Contactless payments need to be enabled for my card.,contactless_not_working
train-00634,I noticed an extra pound charge?,extra_charge_on_statement
train-05866,Why is my payment declined? It looked like everything worked ok and my account was fine.,declined_card_payment
train-01052,What is the length of time for one of these items to come to the U.S?,card_delivery_estimate
train-04052,Do i have to wait to get the pin or can i set up a pin,get_physical_card
train-02541,I think a fee was applied for paying with a card.,card_payment_fee_charged
train-00791,withdrawal pending meaning?,pending_cash_withdrawal
train-01447,How can I exchange currencies in the app?,exchange_via_app
train-01501,Someone stole my card!,lost_or_stolen_card
train-06438,I need a transaction reversed from my account.,transaction_charged_twice
train-00654,Do you also have this extra fee on your statement?,extra_charge_on_statement
train-00447,I bought something and I take issue with the exchange rate applied.,card_payment_wrong_exchange_rate
train-04579,Where is the closest ATM I can use?,atm_support
train-05707,Why isn't a refund showing on my statement?,Refund_not_showing_up
train-06913,Which ATM's am i able to change my PIN?,change_pin
train-09961,Can I get a card although I'm not in the UK,country_support
train-00236,"I want to reactivate my card, I thought I had lost it but found it again in my jacket this morning.",card_linking
train-06118,Do EU transfers happen quickly? I purchased something a few days ago and the seller hasn't received my money yet.,pending_transfer
train-05875,Please explain why my payment was declined? I thought everything was good.,declined_card_payment
train-02489,The ATM did not give me as much cash as I requested.,wrong_amount_of_cash_received
train-05752,when should I receive my refund,Refund_not_showing_up
train-06912,Do I need to go to an office to change my pin?,change_pin
train-04978,I can't get cash from the ATM!,declined_cash_withdrawal
train-05390,My statement has a charge that shouldn't have been made.,request_refund
train-00199,"I want to reactivate my card, I found it after thinking it was lost.",card_linking
train-04385,What are some of the restrictions that the disposable cards have?,disposable_card_limits
train-09642,"I think my card is expiring, what happens then?",card_about_to_expire
train-04032,Where can I find my card PIN?,get_physical_card
train-00305,Where can I find your exchange rates?,exchange_rate
train-02787,Why hasn't the money transfer arrived yet?,transfer_not_received_by_recipient
train-07396,Can my salary be received and transferred to my current currency in my country?,receiving_money
train-08567,I didn't see the money I added to my card.,top_up_failed
train-07307,I made a transfer and was charged an extra fee!,transfer_fee_charged
train-00505,Why was the wrong rate applied when I bought something in a different currency?,card_payment_wrong_exchange_rate
train-05569,I noticed my transfer was declined.,declined_transfer
train-04547,What locations can I get money from?,atm_support
train-04673,There was a direct debit from my account and I didn't authorise it,direct_debit_payment_not_recognised
train-02555,How did the extra charge on my card come in effect?,card_payment_fee_charged
train-05717,I was supposed to get a refund but it is not showing up on my card,Refund_not_showing_up
train-05101,I have a card payment which shows as pending,pending_card_payment
train-00332,Where can I get your exchange rates from?,exchange_rate
train-03041,"Hello, what is a virtual card and how do I get one?",getting_virtual_card
train-02449,Cash withdrawal was incorrect at ATM.,wrong_amount_of_cash_received
train-01482,I can't find my card! Can you help?,lost_or_stolen_card
train-00690,Why was I charged an additional $1?,extra_charge_on_statement
train-03432,I am still waiting for the cash to be returned from a cheque I deposited!,balance_not_updated_after_cheque_or_cash_deposit
train-02144,I just realized I made the wrong transaction  yesterday. Would  you please make it correct?I need it by tomorrow.,cancel_transfer
train-02935,"I want to add money to my card, what payments do you accept?",supported_cards_and_currencies
train-04105,may I have a Visa and a Mastercard from you.,visa_or_mastercard
train-03657,Where do I go to edit my personal details on my account?,edit_personal_details
train-04596,Can I use a different bank ATM than my own?,atm_support
train-06071,My account says I have a pending transfer.,pending_transfer
train-06722,I wanted to purchase something online but the payment was returned back to me. This has been going on for a couple of weeks. Please tell me what is going on here?,reverted_card_payment?
train-06769,"I just checked and my payment was cancelled, why?",reverted_card_payment?
train-00075,How long will it take for me to get my card?,card_arrival
train-09807,Please tell me the steps to verify my identity.,verify_my_identity
train-01483,"Hi, I am on vacation in Spain and someone stole my bag with my phone and wallet with cards and everything. Can you block it ASAP and then I want to order a new one also ASAP.",lost_or_stolen_card
train-03202,"My money is gone :( I had topped up recently and saw it was there and went through, but now it's disappeared, what's going on?",top_up_reverted
train-05834,Still waiting on my refund...,Refund_not_showing_up
train-03862,Do you need to know my first and last name?,why_verify_identity
train-03179,My top up was reverted. Can you help?,top_up_reverted
train-01632,Can my teenager have an account?,age_limit
train-09309,I want to activate the card.,activate_my_card
train-03889,What is identity check?,why_verify_identity
train-08525,My top up has failed,top_up_failed
train-04973,My ATM card isn't working for a withdrawl,declined_cash_withdrawal
train-04757,There's a payment showing in the app today even though I have not used my card at all. I want a refund.,direct_debit_payment_not_recognised
train-04263,"I used my card to top up, but now I don't see the money in my account.",topping_up_by_card
train-01163,Is there an auto top up option?,automatic_top_up
train-06773,Can you please tell me why my card payments are not going through when I try to buy something online? When I put in my card payment it takes it but it comes back a while later.,reverted_card_payment?
train-05416,I ordered something online a while ago and I haven't gotten it. I would like a refund.,request_refund
train-05290,I lost my phone. Can I disable to app?,lost_or_stolen_phone
train-01160,Is there such thing as an auto top-up option?,automatic_top_up
train-01730,"My PIN number was incorrect, and I can't access it.",pin_blocked
train-06421,Why do I have a transaction showing multiple times?,transaction_charged_twice
train-03843,I can't do the verification.,why_verify_identity
train-09343,Why am I charged to get money from the ATM?,cash_withdrawal_charge
train-02600,There was an extra fee when I paid with the card.,card_payment_fee_charged
train-09804,How can I prove who I am?,verify_my_identity
train-04533,"i dont recognise some of these transactions, i think someone has my card details",compromised_card
train-04278,I wasn't able to use my top up card because the money I put on there wasn't there anymore,topping_up_by_card
train-06969,Can I change my PIN online?,change_pin
train-01243,What is the auto top-up limit?,automatic_top_up
train-02141,I have a transaction and would like to know if I it's cancelable?,cancel_transfer
train-02970,"For adding money, which currencies do you accept?",supported_cards_and_currencies
train-09772,I need to verify my identity. How do I do that?,verify_my_identity
train-08744,When will the money from my bank transfer be available?,balance_not_updated_after_bank_transfer
train-04253,"I tried topping off my account with a card, but the money is not in my account despite the charge going through",topping_up_by_card
train-02013,how long are my top ups pending,pending_top_up
train-01444,"I can't figure out how to change GBP to AUD, what do I do?",exchange_via_app
train-02534,Why did I get charged a fee for my card payment?,card_payment_fee_charged
train-05383,Hello. How do i go about getting a refund of an item i bought ? I want to cancel the payment since i have not received the item yet.,request_refund
train-09356,Why was I charged for cash withdrawal?,cash_withdrawal_charge
train-01202,Can I use an auto top-up option?,automatic_top_up
train-07291,How come I can see an extra charge for my transfer?,transfer_fee_charged
train-02741,How long does it take for money to transfer?  I sent some to a friend and it hasn't gone through yet.,transfer_not_received_by_recipient
train-08889,There has a recent suspicious withdrawal on my bank account. Is it possible to freeze my card?,cash_withdrawal_not_recognised
train-05595,How do I contact customer support about my declined transfer?,declined_transfer
train-00166,How do I add an existing card to the app?,card_linking
train-09178,"I want to add money to my international card, so are there any fees charged to do this?",top_up_by_card_charge
train-08297,The amount of cash I requested to withdrawal did not match what I received when exchanged,wrong_exchange_rate_for_cash_withdrawal
train-03243,Why didnt my top up go through,top_up_reverted
train-06391,"I should only have one charge, but it shows two.",transaction_charged_twice
train-09213,What do I have to do to activate my card?,activate_my_card
train-09442,Why am I being charged for withdrawing cash but haven't in the past?,cash_withdrawal_charge
train-09003,Is there a fee for currency exchange?,exchange_charge
train-06673,When will my transfer from the US get here?,transfer_timing
train-01757,Guide me on how to unblock my PIN,pin_blocked
train-06375,I was charged twice.,transaction_charged_twice
train-08126,I would really like a physical card.,order_physical_card
train-04029,Where is my PIN located?,get_physical_card
train-06959,What steps do I have to take to change my PIN?,change_pin
train-09161,can I be charged for topping up by card,top_up_by_card_charge
train-04886,I have forgotten my passcode,passcode_forgotten
train-07003,What do I have to do to change my pin?,change_pin
train-07212,"I thought I can make transfers for free, this is not fair. I bought something online from abroad and there was some weird additional fee that I've never seen before?",transfer_fee_charged
train-04103,"I prefer using Mastercard, can I substitute?",visa_or_mastercard
train-03496,Hi something is going on with the app.  I see some payments I didn't make?,card_payment_not_recognised
train-04645,A direct debit payment I didn't do shows in my app,direct_debit_payment_not_recognised
train-09579,My card is about to expired what will happen?,card_about_to_expire
train-00648,Why do i have an extra fee on my statement?,extra_charge_on_statement
train-03598,Could you please put a freeze on my card?  There are some payments on it that I don't know where they came from.,card_payment_not_recognised
train-01299,"Out of the blue, my card stopped working.",card_not_working
train-09884,Can I get a card even though I live in the US,country_support
train-01110,What is delivery speed to the United States?,card_delivery_estimate
train-01676,Can someone help me unblock my pin?,pin_blocked
train-01945,I topped up but it isn't in my account,pending_top_up
train-01085,How soon do cards arrive after I order them?,card_delivery_estimate
train-00639,There is a  €1 fee on my account I didn't authorize,extra_charge_on_statement
train-01109,Can it be delivered on a certain date?,card_delivery_estimate
train-07901,I'm looking to get an additional card.,getting_spare_card
train-00174,"Okay, I found my card, can I put it back in the app?",card_linking
train-06028,"How long do you expect me to wait for the transfer? It finally worked out, but has been pending for a long time and it's quite urgent.",pending_transfer
train-04590,I need to withdraw money. Where can I do that?,atm_support
train-08934,Help!  There is a cash withdrawl on the account that I didn't make!,cash_withdrawal_not_recognised
train-03250,The app reverted after I topped-up,top_up_reverted
train-01581,Can my children get an account?,age_limit
train-03815,It's requiring me to verify my identity?,why_verify_identity
train-07683,Explain to me how to verify the top-up card.,verify_top_up
train-09483,I withdrew cash and was charged. Why?,cash_withdrawal_charge
train-09638,Can you give me info about what to do when my card expires?,card_about_to_expire
train-03701,"my identity hasn't been verified and i can't edit my details, what's next",edit_personal_details
train-01572,Is there an age limit to open an account,age_limit
train-00779,I took out some cash from the ATM but it is still showing the transaction is pending.,pending_cash_withdrawal
train-00703,I don't understand why there is an extra €1 fee in my statement.,extra_charge_on_statement
train-04399,What limits are there on the virtual cards?,disposable_card_limits
train-09545,How do I know when my card will expire?,card_about_to_expire
train-09166,Are there any fees if I want to add money using an international card?,top_up_by_card_charge
train-03752,I would like to edit my personal information .,edit_personal_details
train-03178,Why has my top-up been reverted?,top_up_reverted
train-00252,Is it possible to link a new card?,card_linking
train-01349,My card don't work.,card_not_working
train-02925,Can I top off with a debit card?,supported_cards_and_currencies
train-07790,Why is top-up verified?,verify_top_up
train-00282,"found card, how to put it back in app",card_linking
train-09656,Why can't I get my top up to work in Apple Pay?,apple_pay_or_google_pay
train-06472,Looking at my statement I see that I was double charged for a payment I made.,transaction_charged_twice
train-05175,It says pending status for my payment. Why?,pending_card_payment
train-08537,Trouble with my top up,top_up_failed
train-03033,What is the way to go about getting a virtual card?,getting_virtual_card
train-09584,My card's expiration date is close.,card_about_to_expire
train-09032,Is there a few for exchanging foreign currencies?,exchange_charge
train-01219,Can it automatically top up my account?,automatic_top_up
train-06454,Is there a reason to why I was charged twice for a transaction?,transaction_charged_twice
train-03562,I checked the app and there is a payment that I don't recognize.,card_payment_not_recognised
train-03941,What do I have to do to prove my identity?,unable_to_verify_identity
train-07066,What happens when a beneficiary can't receive my transfer?,beneficiary_not_allowed
train-03097,In which stores can I shop with this card?,card_acceptance
train-05186,Why hasn't my payment gone through?,pending_card_payment
train-07994,I would like to use cash to make a top-up?,top_up_by_cash_or_cheque
train-07842,Can you send me more cards for my account?,getting_spare_card
train-09310,I am planning activating my card was it possible?,activate_my_card
train-04146,Do I have to pick a creditcard brand?,visa_or_mastercard
train-08380,Do you offer disposable virtual cards too?,get_disposable_virtual_card
train-00811,What does it mean when a cash withdrawal is pending?,pending_cash_withdrawal
train-08702,How long does a bank transfer take to show up in available funds?,balance_not_updated_after_bank_transfer
train-00293,Will my money be of equal value when I travel abroad?,exchange_rate
train-03993,What do I need to bring for identification?,unable_to_verify_identity
train-09959,Do you issue cards for someone living in the US?,country_support
train-09968,You operate in which countries?,country_support
train-07477,"My transfer failed, why did that happen?",failed_transfer
train-07636,What are the steps for  making a transfer for topping up?,transfer_into_account
train-02685,When do you charge fees on accounts? I just saw a charge on my statement.,card_payment_fee_charged
train-03267,"Please help me, as my topup amount has been reverted, i did it correctly. I think there is some defect in system.",top_up_reverted
train-04335,"I need to transfer some money, can I use my credit card?",topping_up_by_card
train-02891,How can I get funds into my account from my American Express?,supported_cards_and_currencies
train-04794,What should I do about a direct debit that I did not set up?,direct_debit_payment_not_recognised
train-04460,What do I do if I detect fraudulent use on my car?,compromised_card
train-08473,For what reason did my top-up fail?,top_up_failed
train-07049,My account transfer was not cleared.,beneficiary_not_allowed
train-09615,Can I keep using my card after it expires?,card_about_to_expire
train-09102,Is there a top charge for US cards?,top_up_by_card_charge
train-08824,The app says I made a cash withdrawal even though I didn't.,cash_withdrawal_not_recognised
train-03679,How do I change my account details?,edit_personal_details
train-00115,Do you have a tracking number for the card I was sent?,card_arrival
train-08122,What is the process for getting an actual physical card?,order_physical_card
train-04748,There is a potentially fraudulent direct debit on my account.,direct_debit_payment_not_recognised
train-01193,I'm trying to activate the auto-top up function. Where is it?,automatic_top_up
train-08813,"Hi, Could you please help me as someone has stolen my wallet few hours ago. And a withdrawal is made, please help immediately. As i don't want to suffer more.",cash_withdrawal_not_recognised
train-06677,When can I expect my transfer to reach my account?,transfer_timing
train-06571,can i see money source?,verify_source_of_funds
train-03160,Has my top-up gone through?,top_up_reverted
train-00782,My cash withdrawal isnt showing on my account,pending_cash_withdrawal
train-00157,"lost card found, want to put it back in app",card_linking
train-09676,Can I top up using my apple watch?,apple_pay_or_google_pay
train-03550,There is a payment that is not mine in the App.,card_payment_not_recognised
train-03329,Online banking is not showing my cheque or cash deposit so the balance is incorrect.,balance_not_updated_after_cheque_or_cash_deposit
train-04868,Can you help me reset my passcode? I forgot it.,passcode_forgotten
train-04824,I am unaware of what my password is.,passcode_forgotten
train-05369,"lost my phone, what is account security?",lost_or_stolen_phone
train-01481,What's the phone number to freeze a card?,lost_or_stolen_card
train-08051,Do I have to pay for a physical card?,order_physical_card
train-09687,How do I top up using my Apple Watch?,apple_pay_or_google_pay
train-00328,from where are coming your exchange rates?,exchange_rate
train-06328,I have a transaction showing multiple times.,transaction_charged_twice
train-08225,Foreign currency rates were put in wrong at an ATM i used.,wrong_exchange_rate_for_cash_withdrawal
train-04289,My top up is not showing up in my wallet!,topping_up_by_card
train-08142,How do i receive a physical card?,order_physical_card
train-01722,"
How do I unblock my PIN?",pin_blocked
train-08325,I was given the wrong exchange rate when getting cash,wrong_exchange_rate_for_cash_withdrawal
train-04241,"I used my card to top up, but the money is not there!",topping_up_by_card
train-03165,"My money is gone. I had topped up recently and saw it was there and went through, but now it's disappeared, what's going on?",top_up_reverted
train-06967,Please help me change my PIN.,change_pin
train-02773,"I'm trying to make a payment to my new landlord. Even though the payment was sent a few days ago, it isn't clearing on their side. Can you verify that payment has been made?",transfer_not_received_by_recipient
train-07221,"I thought transfers were free, why was I charged?",transfer_fee_charged
train-03279,Why have my top ups been canceled?,top_up_reverted
train-08156,I want a physical card,order_physical_card
train-06373,Hello. I checked my transactions and saw I was double charged for a restaurant visit. Can I get my money back?,transaction_charged_twice
train-00641,I was charged an extra pound for no reason. Why is that?,extra_charge_on_statement
train-07847,Am I permitted to have a spare card?,getting_spare_card
train-05208,Why has my card payment not yet been applied to my account?,pending_card_payment
train-03009,Is it possible to order a virtual card?,getting_virtual_card
train-08644,What's the time frame normally for a UK account transfer? I just made one and it's not showing up anywhere. I want to be sure that everything is good.,balance_not_updated_after_bank_transfer
train-04484,Someone must have found my card details as I don't recognize these transactions.,compromised_card
train-00385,Can you tell me your exchange rates?,exchange_rate
train-04012,Where can the pin be located?,get_physical_card
train-07181,Why is my transfer more expensive than I thought?,transfer_fee_charged
train-08070,tell me how I can order my card.,order_physical_card
train-09886,What countries are you located in?,country_support
train-00998,Can I exchange my money for EUR?,fiat_currency_support
train-03738,My address needs to be changed.,edit_personal_details
train-06051,Why isn't my pending transfer finished?,pending_transfer
train-04804,I have an unknown direct debit payment on my account,direct_debit_payment_not_recognised
train-01494,I believe that my card has been stolen!,lost_or_stolen_card
train-09523,What is the cost and time frame of getting a new card?,card_about_to_expire
train-08436,Can I use a disposable virtual card for any purchase?,get_disposable_virtual_card
train-01419,Is this app capable of exchanging currencies?,exchange_via_app
train-06236,"The service here is horrible, I want to delete my account.",terminate_account
train-01551,I left my card at a restaurant and now its missing.,lost_or_stolen_card
train-07173,Why did it cost money to transfer funds?,transfer_fee_charged
train-02439,Why did I get less cash than what I asked in the ATM?,wrong_amount_of_cash_received
train-03454,When will I receive the cash payment from the check I deposited?,balance_not_updated_after_cheque_or_cash_deposit
train-04668,I'm seeing a direct debit payment that is not me.,direct_debit_payment_not_recognised
train-05003,totally unacceptable.  I'm stranded with no cash because the ATM wouldn't give me any money!,declined_cash_withdrawal
train-07600,I need to transfer money into this account from my other bank account.,transfer_into_account
train-09552,If my card becomes expired what can I do?,card_about_to_expire
train-04439,Are there any places that I can't use the disposable cards at?,disposable_card_limits
train-09416,A percentage fee was charged to my withdrawal.,cash_withdrawal_charge
train-02110,I used the wrong account.,cancel_transfer
train-06642,What is the wait time until money reaches my account?,transfer_timing
train-05195,Why is the payment I made still pending?,pending_card_payment
train-03750,How can I change to my married name?,edit_personal_details
train-03241,What caused my top up to be reverted?,top_up_reverted
train-09897,Can you tell me the countries you operate in?,country_support
train-03558,There are a couple of payments with my card shown in the app that I really didn't make myself. What's going on with this?,card_payment_not_recognised
train-05913,I've tried using my card multiple times and it keeps getting declined.,declined_card_payment
train-04049,Where do i find my PIN?,get_physical_card
train-07655,Can I use a bank transfer to add money to my account?,transfer_into_account
train-06610,How long will an urgent transfer from China take?,transfer_timing
train-01368,How can I exchange AUD for GBP?,exchange_via_app
train-09551,How do I replace a card that's going to expire?,card_about_to_expire
train-03586,I don't think I made this payment that is showing up,card_payment_not_recognised
train-07868,"If I need an additional card, is there a fee for that?",getting_spare_card
train-09057,What exactly is the exchange fee?,exchange_charge
train-08637,My transfer into my account isn't showing up.,balance_not_updated_after_bank_transfer
train-00946,"I'm interested in using fiat currencies, which do you support?",fiat_currency_support
train-08812,I was checking my account when I saw a $500 cash withdraw that I know I didn't do.  I have my card so I don't understand how this happened.  Please help me.,cash_withdrawal_not_recognised
train-07364,How do I get money from friends?,receiving_money
train-08865,There is a cash withdrawal in my account that isn't mine.,cash_withdrawal_not_recognised
train-09138,What is the Top up rate charge for using a card in the US?,top_up_by_card_charge
train-00488,I have been overcharged. I just changed over Russian Ruble to UK pounds and it was too much. It seems something was wrong with my exchange.,card_payment_wrong_exchange_rate
train-00507,An item I bought had the wrong exchange rate applied.,card_payment_wrong_exchange_rate
train-09927,Are cards available to those outside of the UK?,country_support
train-09177,How much does top up fees cost?,top_up_by_card_charge
train-06868,Did a card payment that I made get cancelled?,reverted_card_payment?
train-00308,What's the process for exchanges?,exchange_rate
train-00557,"When I was traveling abroad, the exchange rate was applied wrong.",card_payment_wrong_exchange_rate
train-04698,There is a debit transaction on my statement that I did not make,direct_debit_payment_not_recognised
train-04921,I could not access my money at the ATM,declined_cash_withdrawal
train-01357,Can I change from AUD to GBP?,exchange_via_app
train-03319,"I put some money in my account the other day and it's not gone in yet, can you help with this?",balance_not_updated_after_cheque_or_cash_deposit
train-09590,My card is expiring so how fast can I get a new one and how much will it be?,card_about_to_expire
train-09725,can I top up an apple pay?,apple_pay_or_google_pay
train-03789,I already have an account. Why can't I use it unless my identity is verified?,why_verify_identity
train-05269,What do I do if my phone was stolen?,lost_or_stolen_phone
train-01376,"I do not need GBP, I need AUD, how do I convert it?",exchange_via_app
train-09801,What are all of the different steps for identity checks?,verify_my_identity
train-05442,I want a refund for my item,request_refund
train-08150,What are the places that you deliver cards to?,order_physical_card
train-07717,How many digits identify the top-up verification code?,verify_top_up
train-03876,"I'm waiting for the ID verification to go through still, so is it too soon to use my account?",why_verify_identity
train-02233,please cancel the transaction,cancel_transfer
train-05796,When will I be able to see the refund,Refund_not_showing_up
train-00624,"I looked at my statement, and there is a charge for 1£ that I don't recognize.  Why is it on there?",extra_charge_on_statement
train-04059,Where is my pin? I don't have it yet,get_physical_card
train-08288,What on earth is up with the exchange rate! This should have been a much higher amount of cash,wrong_exchange_rate_for_cash_withdrawal
train-05491,How can I go about getting a refund?,request_refund
train-06015,"I haven't received my transfer funds yet, where are they?",pending_transfer
train-02595,I was charged and shouldn't have been charged when using my card!,card_payment_fee_charged
train-01807,How can i get new card?,contactless_not_working
train-06002,What is the reason a transfer shows as pending?,pending_transfer
train-02299,Is the top-up amount unlimited?,top_up_limits
train-02182,I made a terrible mistake when typing in my account number.  I accidently sent money to the wrong account.  I noticed the app won't allow me to void the transaction.  Can someone help me with this immediately?,cancel_transfer
train-07329,"I just moved overseas and I noticed that you are charging me more fees.  I am a loyal customer, is this how you expect to keep customers?",transfer_fee_charged
train-04895,For some reason I forgot the passcode I have.,passcode_forgotten
train-06060,"I didn't think my country-to-country money transfer would take so long. It still says that it's pending so I re-checked all of the account information--everything seems right, so what's the deal?",pending_transfer
train-02504,Who should I contact if the amount of my withdrawal doesn't correspond to the amount that I tried to take out of my account?,wrong_amount_of_cash_received
train-03053,Why have I not received a virtual card yet?,getting_virtual_card
train-04782,Can I dispute a debit payment that I am seeing that I didn't make from a couple of months ago?,direct_debit_payment_not_recognised
train-00422,The amount of exchange was not correct for the item i bought.,card_payment_wrong_exchange_rate
train-09528,Will I receive a new card when mine expires?,card_about_to_expire
train-04419,Can you tell me more about limits to disposable virtual cards?,disposable_card_limits
train-06900,I need to change my card PIN.,change_pin
train-00886,What currencies can I have?,fiat_currency_support
train-00064,I haven't gotten my new card.,card_arrival
train-06598,How long does it take to get my money,transfer_timing
train-06808,I did a payment but it was reverted by the app,reverted_card_payment?
train-05931,The card payment is declined.  Please inform me why.,declined_card_payment
train-05254,"Someone has stolen my phone, what should I do?",lost_or_stolen_phone
train-06850,why was my payment reverted on the app,reverted_card_payment?
train-02689,Can you explain why I was charged extra when I used the card?,card_payment_fee_charged
train-06568,where did my funds come from?,verify_source_of_funds
train-02472,The ATM didn't give me the amount I asked for,wrong_amount_of_cash_received
train-02420,The ATM gave me less cash than requested,wrong_amount_of_cash_received
train-01815,"I am having issues using contactless payments, could my card be damaged?",contactless_not_working
train-09700,Is topping up with Apple Pay possible?,apple_pay_or_google_pay
train-01974,"Needed gas, been delayed for half an hour.Please fix it!",pending_top_up
train-04753,I need to cancel a transaction on my debit card.,direct_debit_payment_not_recognised
train-01038,What is the delivery time to the US?,card_delivery_estimate
train-00128,Is it possible to track the card you sent me?,card_arrival
train-09169,Will I be charged for adding money using an international card?,top_up_by_card_charge
train-03907,My identity wasn't verified,unable_to_verify_identity
train-02533,"On a card payment, why is there a fee?",card_payment_fee_charged
train-04031,What can you tell me about the card PIN?,get_physical_card
train-01426,How do I exchange currencies with this,exchange_via_app
train-06997,Tell me what ATMs allow me to change my PIN.,change_pin
train-03739,How do I input a new address?,edit_personal_details
train-09944,are there any country restrictions?,country_support
train-05560,I have a problem with a transfer. It didn't work. Can you tell me why?,declined_transfer
train-01229,I have a trip coming up and want to add money automatically.,automatic_top_up
train-01112,How long does it take for my physical card to be delivered.,card_delivery_estimate
train-04843,I need a new login code,passcode_forgotten
train-04225,I would like to get both Mastercard and Visa card from you if that's possible.,visa_or_mastercard
train-03854,Can I use my account without verifying identity?,why_verify_identity
train-02551,Why am I being charged fees on some transactions but not on others? What am I missing here? I cannot find where to see the fee structure on my account. Help!,card_payment_fee_charged
train-09988,Is it possible to get one the your cards in the EU?,country_support
train-03510,What is this strange payment in my account?,card_payment_not_recognised
train-04212,Can I choose between Visa and Mastercard?,visa_or_mastercard
train-02072,"Hello, I'm a brand new customer and tried topping up for the first time today. It has been pending for half an hour and doesn't seem to be working. Please resolve this.",pending_top_up
train-05639,It says the transfer wasn't accepted.,declined_transfer
train-05678,When will my refund come through,Refund_not_showing_up
train-04894,I can't get into the app with the passcode.,passcode_forgotten
train-02692,What is the extra fee that was added when I used the card?,card_payment_fee_charged
train-09820,Let me know what the steps for the identity checks are,verify_my_identity
train-01116,I need my card immediately.,card_delivery_estimate
train-08429,Can you provide me a disposable virtual card?,get_disposable_virtual_card
train-05986,Please help to explain to me why my new card was declined when I tried to use it at my grocery store this morning to pay for the items I needed.  I tried three times to use it and it kept being declined.  I was very embarrassed standing there trying to buy my groceries.,declined_card_payment
train-06144,I would like to invalidate my account.  I am very disappointed with your services.,terminate_account
train-01440,How to I switch my money for the money used in another country?,exchange_via_app
train-07253,Someone made a mistake on my money transfer because I was charged extra fees.,transfer_fee_charged
train-06655,How do i transfer something faster than normal?,transfer_timing
train-02251,How much am I allowed to top-up?,top_up_limits
train-01458,How can I trade currencies with this app?,exchange_via_app
train-03525,There are some charges that I don't recognize.  It happened days ago.  Can I get these charges back?  Should I cancel my card?,card_payment_not_recognised
train-03615,how do i dispute a payment I didnt make,card_payment_not_recognised
train-05588,How can I check for an unsupported merchant for my transfer request?,declined_transfer
train-09730,Google Pay Top up isn't working,apple_pay_or_google_pay
train-00483,It seems that the rate I got is incorrect.,card_payment_wrong_exchange_rate
train-00397,I want to know your exchange rates.,exchange_rate
train-01662,Am I able to open an account for my children?,age_limit
train-08845,I see a cash withdrawal in the app that I did not do.,cash_withdrawal_not_recognised
train-01875,Will there be a fee if I receive a SEPA transfer,top_up_by_bank_transfer_charge
train-03500,Just today there was a purchase on my card that wasn't done by me. Can this be reversed and my card be frozen? I can't have this continue!,card_payment_not_recognised
train-01141,How do I start auto top up?,automatic_top_up
train-03577,A payment shows up on the app that I never made.,card_payment_not_recognised
train-07283,I don't appreciate the extra fees being siphoned from my account. I was helping some friends move to Japan and we were buying home decorations at the local stores. The  receipts differed greatly from what showed up in my bank account and my statement. When can I expect the extra fees to be back in my account?,transfer_fee_charged
train-02563,Why was I charged a fee? I thought shopping was free?,card_payment_fee_charged
train-00521,"I made an international purchase, but the exchange rate was wrong",card_payment_wrong_exchange_rate
train-01139,Can I auto top if I'm low on funds?,automatic_top_up
train-08351,"I draw out money from your ATM during holidays, and was charged insanely. I wouldn't have done it, if i had a little sense about the shocking charges.",wrong_exchange_rate_for_cash_withdrawal
train-03521,There is  a charge I don't recognize.,card_payment_not_recognised
train-09790,How can I verify my identity?,verify_my_identity
train-07287,Can you explain the transfer fee that I was charged?,transfer_fee_charged
train-09793,What do I need for the identity verification?,verify_my_identity
train-02588,An extra fee has been added to my card payment is this correct?,card_payment_fee_charged
train-01266,I am unable to use my card for some reason.,card_not_working
train-05047,Why am I unable to withdraw my money through this card?,declined_cash_withdrawal
train-00448,I think there has been a mistake on my exchange rate for this purchase.,card_payment_wrong_exchange_rate
train-00059,I want to find out what happened to my new card?,card_arrival
train-06499,How will I know where my funds are coming from?,verify_source_of_funds
train-07438,A transfer could not be completed.,failed_transfer
train-07512,I'm trying to purchase a flat but i need my first payment for my mortgage to go through first. I keep getting an error. I'm not sure what is going on but i need help making this transfer.,failed_transfer
train-01895,How much does it cost to make transfers?,top_up_by_bank_transfer_charge
train-09747,I can't see my Google Pay top up. Is it not working correctly?,apple_pay_or_google_pay
train-02853,My recipient hasn't received the money,transfer_not_received_by_recipient
train-06538,Is there a way to tell where the money came from?,verify_source_of_funds
train-06589,is there a way i can see source of money?,verify_source_of_funds
train-03717,I need to modify my details.,edit_personal_details
train-05702,"My refund has not arrived, and I am unsure why. Who do I contact?",Refund_not_showing_up
train-02623,I have been charged an extra fee when buying from your store. Why is this?,card_payment_fee_charged
train-00309,What do you think of the exchange rate?,exchange_rate
train-08223,"While abroad, I got cash, and the exchange rate applied is wrong.",wrong_exchange_rate_for_cash_withdrawal
train-07740,What is the verification process used for?,verify_top_up
train-05137,It looks like a payment I've made hasn't made it through yet.,pending_card_payment
train-07180,"I made a transfer and the receiver said an amount was received, but less than the right amount. I now have to transfer more to get the remainder to the receiver. Can you tell me about this. What's been going on?",transfer_fee_charged
train-00300,"If I need to cash foreign transfers, how does that work?",exchange_rate
train-00482,Does the exchange rate change each day for purchases? There is a different rate on my purchase.,card_payment_wrong_exchange_rate
train-00120,My card has not come in the mail yet.,card_arrival
train-08101,What do I need to do to get a card?,order_physical_card
train-02832,The day before yesterday I transferred funds to another account within the country.  The funds have not yet arrived.  I double and triple checked the account number and it was correct.  Why hasn't the transfer been completed yet?,transfer_not_received_by_recipient
train-09691,Can I use my Apple Watch to pay for gas?,apple_pay_or_google_pay
train-05788,My refund is not showing up in my account. Where is it?,Refund_not_showing_up
train-04851,My password doesn't work.,passcode_forgotten
train-02328,limits on top ups,top_up_limits
train-03407,"I put money into my account in the form of a cheque, but my balance did not change.",balance_not_updated_after_cheque_or_cash_deposit
train-03645,It is listed in my app that I made a payment which I did not actually make,card_payment_not_recognised
train-04258,My top up isn't in my wallet.,topping_up_by_card
train-07758,How do i authenticate a top-up card?,verify_top_up
train-07849,Do I have to pay for a second card?,getting_spare_card
train-01981,What do I do if my top-up has not gone through?,pending_top_up
train-00938,Are EUR exchanges acceptable?,fiat_currency_support
train-02181,Help! I made a transfer in error and need to cancel it before it's complete!,cancel_transfer
train-02500,Can you explain why the ATM is giving me less money than what I asked for?,wrong_amount_of_cash_received
train-04530,Someone else might be using my card without my permission.,compromised_card
train-09985,"I need to get a card, but I live in the US.",country_support
train-01980,"I already paid to top-up but the funds aren't available yet, where are they?",pending_top_up
train-07117,Why can I not do a transfer to a beneficiary?,beneficiary_not_allowed
train-05267,I can't use the app because I got mugged yesterday and they took everything. Please help.,lost_or_stolen_phone
train-01384,How do I change my currency to another?,exchange_via_app
train-08998,"I've been to several different countries, can I exchange the cash with a discount for a large transaction?",exchange_charge
train-05800,I keep checking my statements but nothing shows up.I requested a refund a long time ago but seems like it's not submitting my account for some reason. Can you please help me get the money back from the seller for me,Refund_not_showing_up
train-03363,"I deposited cash this morning, but it's not showing up in my account. Can you tell me where's my money?",balance_not_updated_after_cheque_or_cash_deposit
train-07070,I really was trying to complete this exhange. I was trying to purchase some crypto but the app won't allow me to do it. Can you tell me what's going on here?,beneficiary_not_allowed
train-00138,Can I track the card that you sent me in the mail?,card_arrival
train-00010,Why has my new card still not come?,card_arrival
train-07292,I don't think I was supposed to be charged so much.,transfer_fee_charged
train-04216,Can I have a mastercard?,visa_or_mastercard
train-08938,There is random cash in my account.,cash_withdrawal_not_recognised
train-03582,i disagree with a charge,card_payment_not_recognised
train-03966,Why is my identity not verified?,unable_to_verify_identity
train-04249,Can I get my friends to add money to my account?,topping_up_by_card
train-05646,Why would my transfer result in a decline message?,declined_transfer
train-04714,The app is showing a direct debit transaction that I did not perform,direct_debit_payment_not_recognised
train-01788,Would reinstalling the app solve the problem?,contactless_not_working
train-04813,Why is there a direct debit to my account? I didn't do that.,direct_debit_payment_not_recognised
train-02997,I want to add funds to my account. What payment methods are accepted?,supported_cards_and_currencies
train-09908,"Although I am not located in the UK area, may i still receive a card?",country_support
train-00757,Why is the app showing a still pending message on a withdraw that has already been done?,pending_cash_withdrawal
train-08806,The app says I got cash from an ATM but I didn't,cash_withdrawal_not_recognised
train-00147,How much longer is it going to take to get my new card?,card_arrival
train-08200,My disposable virtual card won't work.,virtual_card_not_working
train-05893,The store card reader would not accept my card.,declined_card_payment
train-09729,"i received my American Express in Apple pay, is there a reason why top up is not working?",apple_pay_or_google_pay
train-02392,"Hello, I didn't receive the right amount on my ATM transaction,  the app shows the correct amount how can we fix this",wrong_amount_of_cash_received
train-05322,I lost my phone and need help protecting it.,lost_or_stolen_phone
train-02313,Can you tell me the limit for top ups?,top_up_limits
train-09024,What is the charge for exchanging currency?,exchange_charge
train-00207,I received my card. How do I link it to the app?,card_linking
train-08495,Looks like my top up failed.,top_up_failed
train-02155,I sent a payment to the wrong account number - can that transaction be reversed? I am worried about accidentally giving my money away.,cancel_transfer
train-05693,The refund doesn't show in my account,Refund_not_showing_up
train-02954,"Will you accept my credit card, it my only one.",supported_cards_and_currencies
train-02395,"I only received $20, but I requested $100.",wrong_amount_of_cash_received
train-02377,Why did I only get $20 now the full amount I wanted?,wrong_amount_of_cash_received
train-08677,There is a missing transfer on my account,balance_not_updated_after_bank_transfer
train-08343,The wrong exchange rate was used for my cash withdrawal,wrong_exchange_rate_for_cash_withdrawal
train-04802,I see a direct debit charge that I did not approve,direct_debit_payment_not_recognised
train-00611,Is the 1 pound charge I can see an error or an incorrect entry?,extra_charge_on_statement
train-00746,"Cash withdrawal has been pending, why is it so?",pending_cash_withdrawal
train-05518,How do I return something for a full refund?,request_refund
train-05419,What's your refund policy if I bought an item from you?,request_refund
train-04209,Do I get Visa or Mastercard?,visa_or_mastercard
train-09065,What is the charge for using a Top up card in the US?,top_up_by_card_charge
train-03762,Editing my personal details,edit_personal_details
train-09954,Which countries do you support?,country_support
train-02890,can i top up from a usa credit card,supported_cards_and_currencies
train-02077,Cancel a transaction,cancel_transfer
train-05981,I've tried several times to make a payment and every time my card is declined? Could my card be locked? I don't know what to do.,declined_card_payment
train-02983,My card wants to be topped what do you guys support?,supported_cards_and_currencies
train-03339,I made a deposit and the balance hasn't been updated.,balance_not_updated_after_cheque_or_cash_deposit
train-05642,I tried to buy something online yesterday but it kept saying declined. Tried again today but same thing happened. What's wrong?,declined_transfer
train-01635,As my kids get older are they able to get set up with their own accounts?,age_limit
train-08384,When will you be taking orders for disposable virtual cards?,get_disposable_virtual_card
train-02940,Am I able to use my American Express to add money to my account balance?,supported_cards_and_currencies
train-05921,Why do you keep declining my payment?I tried several times with this card and it is just not working.,declined_card_payment
train-00348,Is there an exchange rate?,exchange_rate
train-07028,why didnt a transfer to my account process,beneficiary_not_allowed
train-06788,My card payment was cancelled it seems.,reverted_card_payment?
train-02022,My top up hasn't gone through,pending_top_up
train-05502,I would like to return my purchases,request_refund
train-06324,I have been charged twice for the same transaction.,transaction_charged_twice
train-00602,"I just looked at my app and it seems I was charged extra, why is that?",extra_charge_on_statement
train-08777,How long do I have to wait until the transferred money shows up?,balance_not_updated_after_bank_transfer
train-08965,Could you help my figure out the exchange fee?,exchange_charge
train-08861,"According to the app, I got cash from an ATM but I haven't made any transactions.",cash_withdrawal_not_recognised
train-01812,Why wouldn't my contactless work for the metro?,contactless_not_working
train-02648,"How do I see what fees I am supposed to be charged on my account? I've noticed fees on some transactions, but not on others. This is very confusing and I cannot find a pattern to what I am being charged?",card_payment_fee_charged
train-07356,How can you transfer my salary to my correct currency?,receiving_money
train-05467,"I want a refund, but I haven't received the item yet. Can I cancel it and get my funds back? How do I do that.",request_refund
train-04403,Is there a limit to a disposable virtual card?,disposable_card_limits
train-00471,I wasn't charged the correct exchange rate for an item I purchased.,card_payment_wrong_exchange_rate
train-09840,Where can I go to find out how to verify my identity?,verify_my_identity
train-05853,You have declined my  payment.,declined_card_payment
train-06937,Change my pin?,change_pin
train-07074,Am I allowed to transfer money to a beneficiary?,beneficiary_not_allowed
train-01484,Help! I lost my card!,lost_or_stolen_card
train-00259,I found my card again. Can I put it back into the app?,card_linking
train-07958,How can I add physical money to my card?,top_up_by_cash_or_cheque
train-06017,"How long do EU transfers actually take? I recently bought something online a few days ago, sent the money immediately online but the seller says it's still not there yet.",pending_transfer
train-03225,Why is my top-up showing as reverted?,top_up_reverted
train-00319,How do the foreign exchange rates work?,exchange_rate
train-02647,A fee that shouldn't be there is there after using my card!,card_payment_fee_charged
train-00847,"I tried to take out some money from an ATM earlier today and it was declined. Looking on my screen now, I still see that it's pending for that amount. I didn't actually get that money, so I don't want it processed on my account.",pending_cash_withdrawal
train-02998,"I would like to order a virtual card, where can I get one?",getting_virtual_card
train-04789,There is a direct debit set up that was not authorized by me.,direct_debit_payment_not_recognised
train-01356,The card that I have isn't working. This is the physical card.,card_not_working
train-00122,i havent got my card,card_arrival
train-04730,I found a direct debit I would like to dispute,direct_debit_payment_not_recognised
train-02417,I did not ask for the amount of cash that I received.,wrong_amount_of_cash_received
train-01332,"I think my card is broken or something. I tried using it and it wouldn't go through, please help.",card_not_working
train-02912,Do you accept Mastercard?,supported_cards_and_currencies
train-02048,What is taking so long with my top up?,pending_top_up
train-05009,"Hello, is there any way to double check my card? I have never had issues with withdraws in the past, but this morning on the way to work it was unexpectedly declined.",declined_cash_withdrawal
train-00756,There should be a cash withdrawal that I haven't seen yet.,pending_cash_withdrawal
train-04447,Are there any restrictions on the disposable cards?,disposable_card_limits
train-01512,I lost track of my card,lost_or_stolen_card
train-09183,I tried activating my plug-in and it didn't piece of work,activate_my_card
train-01489,"My card has been stolen. I reported it with the police, but I need to report it with you as well.",lost_or_stolen_card
train-01194,What's the limit for auto top-up?,automatic_top_up
train-04875,How can I go about resetting my passcode?,passcode_forgotten
train-01643,Do you have to be 18 to make an account?,age_limit
train-08305,The ATM I used for foreign currency provided the wrong exchange rate.,wrong_exchange_rate_for_cash_withdrawal
train-00474,"I bought something while traveling, and the exchange rate was wrong.",card_payment_wrong_exchange_rate
train-07455,I have tried sending a standard transfer five times and it hasn't gone through. What is the problem?,failed_transfer
train-00480,My card payment had the wrong exchange rate,card_payment_wrong_exchange_rate
train-04873,What do I do if I forgot my passcode?,passcode_forgotten
train-01165,How can I add money automatically?,automatic_top_up
train-00459,I purchased something abroad and the incorrect exchange rate was applied.,card_payment_wrong_exchange_rate
train-09937,can I use it in any country?,country_support
train-05524,I just bought an item and would like to stop payment can you tell me if the item has been sent yet?,request_refund
train-08956,"When exchanging currencies, is there an extra fee?",exchange_charge
train-06798,Card payment has be declined.,reverted_card_payment?
train-03470,"I deposited a cheque, but my account balance stayed the same.",balance_not_updated_after_cheque_or_cash_deposit
train-04250,I used my card top-up but all of the money is missing.,topping_up_by_card
train-02399,I did not receive the right amount of cash I requested,wrong_amount_of_cash_received
train-03649,There is a card payment that I'm not recognizing.,card_payment_not_recognised
train-07260,I thought that transfers are free. Why was I charged an extra fee?,transfer_fee_charged
train-07585,How can I move money from an account at another bank to this one?,transfer_into_account
train-09450,There was an extra fee on my account when I got cash.,cash_withdrawal_charge
train-07661,Can you please explain the topping up transfer process?,transfer_into_account
train-02265,Is topping up unlimited?,top_up_limits
train-01593,I have young kids. Can they use this service?,age_limit
train-05327,I have lost my phone.,lost_or_stolen_phone
train-01630,I would like to get an account for my child.,age_limit
train-06732,I think my card payment has been refunded,reverted_card_payment?
train-06863,"Around one or two weeks ago I purchased something but there's seems to be an issue. I have already received one of the items, but today the money was placed back into my account. What is happening?",reverted_card_payment?
train-04347,How many disposable cards am I allowed to have?,disposable_card_limits
train-01830,What would I be charged in receiving a SEPA transfer?,top_up_by_bank_transfer_charge
train-00313,I need to know what foreign exchange rate I can get.,exchange_rate
train-09769,Is it possible to use my apple watch for topping up?,apple_pay_or_google_pay
train-08277,I'm unhappy with the exchange rate your cash transactions.,wrong_exchange_rate_for_cash_withdrawal
train-01917,are SWIFT transfers an option?,top_up_by_bank_transfer_charge
train-07515,I can't seem to make a standard bank transfer. I have tried at least five times already but none of them are going through. Please tell me what is wrong?,failed_transfer
train-07613,I would like to transfer money into my account.,transfer_into_account
train-05600,I don't have any idea what's going on but all of my transfers keep getting declined. I have double-checked over all of my recipient names and they are correct.,declined_transfer
train-04779,I see an unfamiliar Direct Debit payment.,direct_debit_payment_not_recognised
train-03896,I am not able to verify my id. Why?,unable_to_verify_identity
train-02817,Why hasn't my friend's transaction arrive yet?,transfer_not_received_by_recipient
train-05330,Is there anything to do because my phone was stolen?,lost_or_stolen_phone
train-03176,My top-up was cancelled and I am writing to ask if I need to complete the 3D Secure authentication section before I submit it.,top_up_reverted
train-04218,Do I have an option between Visa and MasterCard?,visa_or_mastercard
train-07198,There's something wrong on my bill. A transfer fee should never have been added.,transfer_fee_charged
train-05027,Why can I not get cash from the ATM?,declined_cash_withdrawal
train-00914,What fiat currencies do you support?,fiat_currency_support
train-07409,How to receive transfers from my employer when I get paid in GBP?,receiving_money
train-04148,Visa or Mastercard?,visa_or_mastercard
train-03036,How do I get my virtual card?,getting_virtual_card
train-02802,I transferred some money but it hasn't arrived.,transfer_not_received_by_recipient
train-00022,Have you sent out my card yet?,card_arrival
train-09885,Do you provide cards to people not in the UK?,country_support
train-03315,I placed a cash deposit in my account but I can't see it yet.,balance_not_updated_after_cheque_or_cash_deposit
train-04091,How do I get started when I get my card?,get_physical_card
train-07535,I did a transfer earlier but see that it failed to go through.,failed_transfer
train-04793,A couple weeks ago there was a debit taken from my account from a transaction I don't recall. Is it possible to trace this transaction to make sure I'm not being scammed?,direct_debit_payment_not_recognised
train-07547,I'm trying to make a bank transfer but It's not going through. Could there not be enough funds to transfer or something? Have I done it too many times?,failed_transfer
train-07630,How do I initiated a bank transfer to top up?,transfer_into_account
train-08932,"My wallet was just stolen, and they've already used my card! Please help, I can't afford to lose more money!",cash_withdrawal_not_recognised
train-07448,I really need some help to understand why my transfer keeps failing. I'm trying to send money to a friend. Please help.,failed_transfer
train-04081,Where do I find my card PIN?,get_physical_card
train-08771,How long does a transfer from the UK account usually take? After completing the transfer it is not showing up. I need to know that everything I actually went okay.,balance_not_updated_after_bank_transfer
train-03740,Can someone assist me with updating my account details with changing my last name?,edit_personal_details
train-04501,What should I do if I think someone stole my details and used my information to make some transactions?,compromised_card
train-00112,I still haven't received my card in the mail,card_arrival
train-08726,My transfer is pending too long.,balance_not_updated_after_bank_transfer
train-00265,How do I reactivate my card?,card_linking
train-03823,I still want to use my account but haven't verified is that OK?,why_verify_identity
train-06357,"Good day, in reviewing my credit card activity over the last several days, I see a repeated charge for a restaurant that I went to. The charge was put through twice, so I would like one of the charges corrected and the amount that was withdrawn to be reinstated please.",transaction_charged_twice
train-03193,What happened to my top-up? I think it was cancelled.,top_up_reverted
train-06390,I think I was double charged,transaction_charged_twice
train-00656,Why was I charged an extra pound?,extra_charge_on_statement
train-09677,Why is top up not working for my apple pay app,apple_pay_or_google_pay
train-09907,Are you located in other countries?,country_support
train-01495,What should I do if I think my card was stolen?,lost_or_stolen_card
train-00984,What fiat currencies are supported?,fiat_currency_support
train-06099,how long will it take for my transfer to stop pending,pending_transfer
train-09061,Is there a discount for multiple currency exchanges?,exchange_charge
train-03269,Why did my top-up not go through?,top_up_reverted
train-09636,My card is about to expire.  Where do I get a new one.,card_about_to_expire
train-03630,I need to know where this charge is coming from?,card_payment_not_recognised
train-09477,Why did I get a fee from the ATM?,cash_withdrawal_charge
train-03232,How do I tell if my top up was reverted?,top_up_reverted
train-02770,My transfer has not arrived.,transfer_not_received_by_recipient
train-00497,"The exchange rate given to me after a purchase, was incorrect",card_payment_wrong_exchange_rate
train-06935,How do I change the PIN?,change_pin
train-01359,How can I change to another currency?,exchange_via_app
train-01432,How can I exchange currencies with this app?,exchange_via_app
train-01074,can you express my card to me?,card_delivery_estimate
train-08995,Do exchanges cost more?,exchange_charge
train-02444,What happens if the ATM gives me the wrong amount of money?,wrong_amount_of_cash_received
train-08750,I transferred money but the balance hasn't changed.,balance_not_updated_after_bank_transfer
train-05288,"phone is gone, what should i do",lost_or_stolen_phone
train-02261,I would like to know how much I can top-up.,top_up_limits
train-01637,How many years old do I have to be?,age_limit
train-02782,I'm waiting for my transaction to complete.,transfer_not_received_by_recipient
train-09360,WHY IS THERE AN EXTRA FEE FOR USING THE ATM??!!!,cash_withdrawal_charge
train-00622,"When I look at my statement there is an extra fee, that is for what?",extra_charge_on_statement
train-02564,There was an extra charge when I used my card,card_payment_fee_charged
train-08896,I noticed that there is a withdrawal in the app that is not mine.,cash_withdrawal_not_recognised
train-08598,My top-up is not working. Why is that?,top_up_failed
train-02632,My card was charged more than expected.,card_payment_fee_charged
train-03824,Is my account accessible even though my verification of my identity has not passed yet?,why_verify_identity
train-06070,My transfer has been pending for a long time now. I already double checked my account info and it is correct. Why is it taking so long in 2018 to transfer money?,pending_transfer
train-02153,"I already made a transfer and want to cancel it, how do I do that?",cancel_transfer
train-04899,I don't know my password anymore.,passcode_forgotten
train-01982,My top-up hasn't gone through,pending_top_up
train-05750,Can you tell me why a refund I'm owed is not showing on my statement?,Refund_not_showing_up
train-06703,What's the transfer time from Europe?,transfer_timing
train-01660,Is there a certain age I need to be?,age_limit
train-09819,Can I get a full list of instructions for identity checks?,verify_my_identity
train-07305,Hey I thought transfers were free.  Why are you charging me?,transfer_fee_charged
train-09815,If I don't have all my documents can they still verify my identity?,verify_my_identity
train-01226,Can I setup top ups in advance?,automatic_top_up
train-09216,Can you activate my card pls,activate_my_card
train-08348,Rates were applied wrong while using foreign currency at an ATM.,wrong_exchange_rate_for_cash_withdrawal
train-04290,Transferring money using credit card,topping_up_by_card
train-02032,My top-up appears to be pending.,pending_top_up
train-01345,"I don't know what's wrong with my card, but it has not worked at multiple places today.",card_not_working
train-09773,How do I verify my identity?,verify_my_identity
train-02398,What do I do if I got the wrong amount at the ATM?,wrong_amount_of_cash_received
train-00881,Do you allow currency exchanges?,fiat_currency_support
train-04353,How limited is a virtual card?,disposable_card_limits
train-07101,My transfer to a beneficiary was rejected.,beneficiary_not_allowed
train-09376,How much can I withdrawal in one month without incurring fees?,cash_withdrawal_charge
train-09198,Can I get some help activating my new card?,activate_my_card
train-09892,i live in portugal. do you operate here?,country_support
train-05550,I have transfered to my account before but it is being declined now?,declined_transfer
train-09754,"i received my American Express in Apple pay, why is top up not working?",apple_pay_or_google_pay
train-02247,Is there a limit to the top-ups someone can do?,top_up_limits
train-09129,Is there a charge to use a Top up card in the US?,top_up_by_card_charge
train-08124,At which locations can I order a card?,order_physical_card
train-08986,How much does currency exchange cost?,exchange_charge
train-00866,I made a cash withdraw and it shows up as pending why is that?,pending_cash_withdrawal
train-00725,Do I have a $1 extra fee on the statement?,extra_charge_on_statement
train-03079,Why have I not yet received my virtual card?,getting_virtual_card
train-07527,"The transfer keeps rejected, I tried to transfer some money to friends but it keeps getting rejected for some reason, Would you please check the issue?",failed_transfer
train-08875,My app says I withdraw money from my account from an ATM.,cash_withdrawal_not_recognised
train-07541,A mortgage payment I'm making is giving me an error message.  This is the first time I'm making this payment and want to know what's wrong.,failed_transfer
train-07838,"I lost my card and need a new one, will it cost me?",getting_spare_card
train-03002,Can you give me a virtual card?,getting_virtual_card
train-05509,I bought something and now I want a refund.,request_refund
train-08499,Tell me why my topup wouldn't go through?,top_up_failed
train-03296,"Hello,  I have recharged topup but account is not credited. Please help me in this, i guess there is some defect in system.",top_up_reverted
train-00190,My card is no longer lost. How do I enter it back into the app?,card_linking
train-09348,why has a cash withdrawal charged me?,cash_withdrawal_charge
train-00868,What should I do if I see a withdrawal is pending?,pending_cash_withdrawal
train-02075,I've been waiting for over an hour for a top up to go through.  How long is this supposed to take?  I really need this money.,pending_top_up
train-07012,What is the reason for my beneficiary to be disallowed?,beneficiary_not_allowed
train-07487,Why can't I complete my transfer?,failed_transfer
train-01864,is there a fee for swift transfer,top_up_by_bank_transfer_charge
train-03878,I keep being asked to verify my identity. Is this normal?,why_verify_identity
train-06220,Your service is bad.  Close my account.,terminate_account
train-06166,I want to delete my account.,terminate_account
train-00501,The exchange rate you are using is really bad.This can't be the official interbank exchange rate.,card_payment_wrong_exchange_rate
train-04267,I don't understanfd how to top up,topping_up_by_card
train-01503,How can I report that my card was stolen? I made a police report first.,lost_or_stolen_card
train-00659,Why did you guys charge me an extra €1?,extra_charge_on_statement
train-08740,I've made a bank transfer but the money doesn't seem to be in my account.,balance_not_updated_after_bank_transfer
train-06654,"I have a transfer from the US, How long is the wait?",transfer_timing
train-09878,Are these cards available in europe?,country_support
train-09046,"Would you be able to offer me a discount, since I need to exchange currencies frequently?",exchange_charge
train-05714,Transaction refund missing from my statement.,Refund_not_showing_up
train-07628,How do I go about transferring money into my bank account?,transfer_into_account
train-09925,can i get a card if i live in the US?,country_support
train-01655,Do you guys have any age restrictions?,age_limit
train-00801,How long does it typically take for a pending ATM withdrawal to clear?,pending_cash_withdrawal
train-07526,Hello. I'm trying to transfer some money to a friend but it keeps getting rejected. can you help me?,failed_transfer
train-09106,Are there any charges for topping up a US-issued card?,top_up_by_card_charge
train-00415,Why is the exchange rate terrible?  That can't be close to the actual interbank rate.,card_payment_wrong_exchange_rate
train-09077,Do you charge if I use a European bank card for top up?,top_up_by_card_charge
train-06140,How do I discontinue my account?,terminate_account
train-03264,It looks like my top-up was cancelled,top_up_reverted
train-09133,Will I get charged for topping up with an international card?,top_up_by_card_charge
train-00931,What kind of money can I hold?,fiat_currency_support
train-09325,"What are the steps to activate the card, as it does not seem to work?",activate_my_card
train-04272,Can a credit card be used to transfer money?,topping_up_by_card
train-08458,Can you tell me where to go to get a disposable virtual card?,get_disposable_virtual_card
train-04957,The ATM keeps declining my Transaction . I tried two different ATMs already can you please check if everything is okay with my account?,declined_cash_withdrawal
train-09107,What fees to you have for top ups?,top_up_by_card_charge
train-05779,My refund has not shown up on my statement.,Refund_not_showing_up
train-05490,"I've been waiting for something that i've ordered for months now and it still hasn't arrived. I genuinely don't know what this company is doing, but put plainly, i've had enough. Please issue a refund immediately, i would not like to waste anymore of my time on these people.",request_refund
train-01764,I cannot use my PIN.,pin_blocked
train-04017,Tell me about the card PIN?,get_physical_card
train-04193,can i use both visa and mastercard,visa_or_mastercard
train-04920,Why was I declined when I tried to get my money?,declined_cash_withdrawal
train-05937,It seems like my card payment didn't work.,declined_card_payment
train-01048,What is the wait time for delivery to the US?,card_delivery_estimate
train-07578,Can you please explain how to transfer money using the bank transfer process?,transfer_into_account
train-09067,What fees are charged when I top up,top_up_by_card_charge
train-00254,"I found my card that I thought I had lost, I need to reactive it, please help.",card_linking
train-09743,is there a way to do top up with apple pay,apple_pay_or_google_pay
train-08491,Can I tell if my top off didn't work?  It doesn't seem to have.,top_up_failed
train-08505,Why has my top-up failed?,top_up_failed
train-00031,I would like to track the card you sent to me.,card_arrival
train-08025,No option to top up with a cheque ?,top_up_by_cash_or_cheque
train-02139,Is there any way to cancel a recent transfer?  I did not mean to make it and need to make sure it does not go through.,cancel_transfer
train-00312,What's the foreign exchange rate I will receive?,exchange_rate
train-04537,"I might be paranoid, but someone may be using my card.",compromised_card
train-05070,This is the first time I've tried to get my money out of an ATM and it didn't work. Please give me my money,declined_cash_withdrawal
train-01257,My actual card isn't functioning.,card_not_working
train-08021,how do i get top up with cash deposit,top_up_by_cash_or_cheque
train-07735,can you tell me where to find the top-up verification code?,verify_top_up
train-05085,Why wouldn't the ATM give me cash?,declined_cash_withdrawal
train-04056,How do I find the PIN?,get_physical_card
train-09364,Why was my account assessed a fee for an ATM transaction?,cash_withdrawal_charge
train-03667,Where can I find how to change my name?,edit_personal_details
train-04224,I would prefer a Mastercard.,visa_or_mastercard
train-00195,I found my lost card. Am I still able to use it?,card_linking
train-06414,After taking over my card transactions I noticed that was charged twice for a restaurant purchased from earlier this week. Can you please remove one of these transactions from my account since it is not accurate?,transaction_charged_twice
train-09207,What would II do if I wanted to activate my new card,activate_my_card
train-03530,There is a card payment I'm not familiar with.,card_payment_not_recognised
train-01599,What are the age requirements for service?,age_limit
train-06770,My money is back in my account after a seller contacted me stating they never received payment. I am positive it was deducted out of my account. Please get this sorted out right away.,reverted_card_payment?
train-02907,what cards can i use to add money to my account,supported_cards_and_currencies
train-01015,How long is the delivery time to the US?,card_delivery_estimate
train-09765,Can I pay for my gas using my Apple watch?,apple_pay_or_google_pay
train-01941,How long will my top-up stay pending?,pending_top_up
train-08654,How long do bank transfers take to clear,balance_not_updated_after_bank_transfer
train-01146,is there a way to do automatic top up,automatic_top_up
train-09569,When my card expires what is the cost of a replacement and how fast?,card_about_to_expire
train-07334,How can my boss pay me directly to the card?,receiving_money
train-09780,What are the requirements to verify my identity?,verify_my_identity
train-08378,How can I get disposable virtual cards?,get_disposable_virtual_card
train-07839,My daughter need a card from this account. Is that possible?,getting_spare_card
train-06041,It seems like a transfer is pending.,pending_transfer
train-02870,Which currencies do you accept for adding money?,supported_cards_and_currencies
train-00775,How long will my cash withdrawal take,pending_cash_withdrawal
train-04988,I'm trying to take money from my account but its not letting me. Help!,declined_cash_withdrawal
train-08289,Can the exchange rate change while I am in the process of making a withdrawal?,wrong_exchange_rate_for_cash_withdrawal
train-00110,I was issued a card about a week ago. why hasn't it come in yet?,card_arrival
train-07335,Salary in GBP has been received. Does it need to be configured into another place?,receiving_money
train-04927,I tried to use my card to withdrawal money from the ATM in Notting Hill but it didn't work. This is the first time I've tried using it. Is my card working?,declined_cash_withdrawal
train-07965,How can I top up with a cheque?,top_up_by_cash_or_cheque
train-00786,How long does it take for cash withdrawals to hit my account?,pending_cash_withdrawal
train-02712,Is there a reason why a recipient might not see my money transaction,transfer_not_received_by_recipient
train-05970,Why are the payments being declined on my new card?  I tried several times to use my new card to pay for my gas at the Shell station in my neighborhood.  I am very distressed about my new card not working.,declined_card_payment
train-00720,Please explain the charge of 1L in error.  I have purchased nothing in this amount.,extra_charge_on_statement
train-01457,Can you  tell me how to get AUD not GBP?,exchange_via_app
train-01614,Do you offer account services for children and teens?,age_limit
train-02143,How can I cancel my transfer?,cancel_transfer
train-01881,Will I be charged for adding money by transfer?,top_up_by_bank_transfer_charge
train-02977,"I want to know which currencies and cards are supported, can you provide a list?",supported_cards_and_currencies
train-06775,Why isn't my payment showing?,reverted_card_payment?
train-09018,"If I exchange currency frequently, can I get a discounted rate?",exchange_charge
train-00402,How do you determine the exchange rate?,exchange_rate
train-08220,The exchange rate is incorrect for my cash withdrawal transaction.,wrong_exchange_rate_for_cash_withdrawal
train-00917,What are all the fiat currencies that are supported for both exchange and holding?,fiat_currency_support
train-06317,I think there is a mistake.  I am being charged twice.,transaction_charged_twice
train-01062,I need my card ASAP!,card_delivery_estimate
train-08626,My balance didn't change after I transferred some money.,balance_not_updated_after_bank_transfer
train-07067,i tried to transfer cryptocurrency into my account but was denied,beneficiary_not_allowed
train-07860,How much is it to buy another card? I was hoping to buy another one.,getting_spare_card
train-04496,am afraid someone may have gained access to the info on my card.,compromised_card
train-05631,I received a decline message on a transfer,declined_transfer
train-06922,Is there a location where I can change my PIN?,change_pin
train-05576,"I have been doing some online shopping, but when checking out, it keeps getting declined. I tried a few times and it wouldn't work. What could be wrong?",declined_transfer
train-01358,"I need to exchange between different currencies, like GBP and USD. Can I do that with your app?",exchange_via_app
train-07814,How much does it cost to get more cards?,getting_spare_card
train-07875,How do I get extra physical cards?,getting_spare_card
train-01227,where can i located the auto top up function?,automatic_top_up
train-00955,What fiat money can I used in the exchange and holding?,fiat_currency_support
train-06263,The ATM did not give me my card back?,card_swallowed
train-05647,The transfer that I was trying to complete was declined. What was the cause?,declined_transfer
train-04707,Someone else charged my card!,direct_debit_payment_not_recognised
train-08816,Why is there extra cash in my account?,cash_withdrawal_not_recognised
train-05712,"Hi, Last week I have contacted the seller for a refund as directed by you, but i have not received the money yet. Please look into this issue with seller and help me in getting the refund.",Refund_not_showing_up
train-04240,How can my friends top up my account?,topping_up_by_card
train-07270,I made a transfer and the person I transferred the money to didn't receive the right amount? Why did this happen and how do I get the rest of the money to them?,transfer_fee_charged
train-07639,What is the procedure to transfer money to my account?,transfer_into_account
train-00537,I received the wrong exchange rate for an item i bought.,card_payment_wrong_exchange_rate
train-05273,Someone mugged my and stole everything.  I can't use the app.  What should I do?,lost_or_stolen_phone
train-01018,I need my card soon.,card_delivery_estimate
train-03175,My money is nowhere to be found? I talked up earlier and seen it. Now it has vanished. What is going on?,top_up_reverted
train-08074,Are physical card available?,order_physical_card
train-04345,Can you give me the restrictions of the disposable cards?,disposable_card_limits
train-09436,I didn't realize that there were any fees for withdrawing money from my account--this has never happened to me before.  What exactly are the fees?,cash_withdrawal_charge
train-03106,Will this card work all over the world?,card_acceptance
train-05014,Why was I not able to take cash from the ATM?,declined_cash_withdrawal
train-02790,How come my money hasn't shown up yet?,transfer_not_received_by_recipient
train-07474,Why didn't my transfer work?,failed_transfer
train-09378,"I just pulled money out of the ATM and was charged a fee, WHy?",cash_withdrawal_charge
train-08609,Was there a problem with topping up?,top_up_failed
train-01942,I think my top up is still pending?,pending_top_up
train-07215,Transfers are supposed to be free.  I just got a fee tacked on  to something I bought abroad.  Not cool.  Figure out how to remove it.,transfer_fee_charged
train-02599,"My card is showing a fee from when I used it, but I thought this card was supposed to be fee free?",card_payment_fee_charged
train-08287,When I was abroad the exchange rate for me was wrong.,wrong_exchange_rate_for_cash_withdrawal
train-01678,I forgot my PIN and now it is blocked.,pin_blocked
train-01021,How long will delivery to the US take?,card_delivery_estimate
train-01840,Do you offer SWIFT transfers?,top_up_by_bank_transfer_charge
train-06949,How do I change my card PIN?,change_pin
train-03802,Why do I need to verify my account?,why_verify_identity
train-03194,Why did my top-up get reverted?,top_up_reverted
train-03812,"My ID verification hasn't gone through yet, but can I use my account anyway?",why_verify_identity
train-04063,still need to get card pin,get_physical_card
train-06978,Can my PIN be changed in any cash machine?,change_pin
train-01189,I want to auto top-up.,automatic_top_up
train-06128,I am still waiting for a money transfer to process.,pending_transfer
train-00874,"My card was declined and I did not receive money from the ATM earlier, yet it show on my account that it is pending.",pending_cash_withdrawal
train-06928,I must change my PIN as soon as possible.,change_pin
train-01060,Is there a specific date i can have it delivered?,card_delivery_estimate
train-05209,I bought some things in the morning but the payment shows as pending,pending_card_payment
train-06020,I bought something on line a and the seller hasn't received the money I sent could you please tell me how long an EU transfer takes?,pending_transfer
train-08984,Will there be a charge for exchanging foreign currency?,exchange_charge
train-04167,Can I select my card scheme or do you choose it for me?,visa_or_mastercard
train-06513,What kind of security protects my money?,verify_source_of_funds
train-02020,Please explain why my top-up hasn't been processed yet?,pending_top_up
train-03763,Where can I edit personal details?,edit_personal_details
train-07589,Can you transfer money to your card by bank transfer?,transfer_into_account
train-01425,"I may need to exchange my USD for GBP, can your app do that?",exchange_via_app
train-08585,Top up keeps failing,top_up_failed
train-04953,Why is my ATM cash withdrawal not working?,declined_cash_withdrawal
train-00233,Where do I scan my card?,card_linking
train-07187,Why was I charged for transferring money?,transfer_fee_charged
train-02347,Asked for $100 but only got $20. Why would this happen?,wrong_amount_of_cash_received
train-09533,What happens if my card expires?,card_about_to_expire
train-05374,Can i cancel this purchase?,request_refund
train-03522,I'm noticing a payment/purchase at a company that I don't recognise.,card_payment_not_recognised
train-04720,What can I do about a direct debit transaction on my card that I didn't make?,direct_debit_payment_not_recognised
train-03743,"Not living in same place, need to change details",edit_personal_details
train-01923,Is there any fees associated with receiving money with this account?,top_up_by_bank_transfer_charge
train-09779,How and where can I find the identity checks?,verify_my_identity
train-05334,What do I do to lock my phone after losing it so my account isn't accessed,lost_or_stolen_phone
train-02621,I just made an order and noticed an extra fee. Why have you charged me this without informing me?,card_payment_fee_charged
train-09284,How can i make my card active?,activate_my_card
train-03768,How do I change my last name?,edit_personal_details
train-01131,How low does the balance have to be before the system updates?,automatic_top_up
train-03468,I haven't received the money from the check I deposited.,balance_not_updated_after_cheque_or_cash_deposit
train-04072,I can't find my PIN anywhere.,get_physical_card
train-03795,what I need to verify my account,why_verify_identity
train-04069,Does the PIN come under separate cover?,get_physical_card
train-01773,"My PIN is not working, can you help?",pin_blocked
train-00995,I would like to know which fiat currencies are recognized by your organization.,fiat_currency_support
train-01869,"If I were to do a transfer, what is the rate for that?",top_up_by_bank_transfer_charge
train-08032,Are cheques accepted for a top up?,top_up_by_cash_or_cheque
train-04654,There is a mysterious debit transaction on my statement,direct_debit_payment_not_recognised
train-06016,I'm confused as to why my transfer is still listed as pending on the website.,pending_transfer
train-04276,The money disappeared after I topped up my account.,topping_up_by_card
train-03252,Why did my money disappear when I topped up??,top_up_reverted
train-00975,What fiat currencies are used for holdings?,fiat_currency_support
train-06276,A Bank ATM did not give my card back. What do I do now?,card_swallowed
train-03996,Where can I get my card PIN?,get_physical_card
train-09014,What kind of charges should I expect to exchange currencies?,exchange_charge
train-00225,Can I activate a card in the app?,card_linking
train-01525,What is the first step that I should take after my card has been stolen?,lost_or_stolen_card
train-06734,Is it on purpose that my payment has been returned to my account?,reverted_card_payment?
train-00623,There is an extra small charge on my card! What do I do?,extra_charge_on_statement
train-05274,"I got mugged yesterday and they took everything. I can't use the app, so I need some help.",lost_or_stolen_phone
train-01069,Can I pay more to get it deliver quicker?,card_delivery_estimate
train-03549,I did not charge my account for that transaction.  That's an error.,card_payment_not_recognised
train-02156,I want to reverse a transaction I did this morning,cancel_transfer
train-01327,Why won't the machine accept my card anymore?,card_not_working
train-08359,I got some cash out of the ATM over the holiday and it seems that I've been grossly overcharged. I wouldn't have done that if I knew of these outrageous charges!,wrong_exchange_rate_for_cash_withdrawal
train-01057,How long will it take my card to get here?,card_delivery_estimate
train-03864,How to verify my identity,why_verify_identity
train-07008,What are the reasons a beneficiary would be denied?,beneficiary_not_allowed
train-06322,I have a transaction that shows multiple times.,transaction_charged_twice
train-07946,I want to top up by cheque,top_up_by_cash_or_cheque
train-02497,I did not receive the correct amount of cash.,wrong_amount_of_cash_received
train-01353,HOW LONG TO TAKE THE TIME TO SOLVE,card_not_working
train-00217,Where can I link a new card?,card_linking
train-08739,Where is the transfer to my account that I made?,balance_not_updated_after_bank_transfer
train-03523,There seems to be a couple of payments listed in the app I know weren't made by me. Is there a possibility someone has access to my card? Can you find out what's going on?,card_payment_not_recognised
train-06741,My card payment has been cancelled,reverted_card_payment?
train-04140,I want to get a Visa,visa_or_mastercard
train-08083,What areas are cards delivered to?,order_physical_card
train-09685,How do I get Top Up to work in Apple Pay?,apple_pay_or_google_pay
train-08603,Why has my top-up not worked?,top_up_failed
train-08804,I think someone stole money from my card,cash_withdrawal_not_recognised
train-08376,What systems do you have in place for my security when using my card for everyday purchases?,get_disposable_virtual_card
train-04470,"It looks like someone besides me ordered something with my card, what should I do?",compromised_card
train-06963,How can I alteration my PIN?,change_pin
train-01148,I want to set up an auto top-up,automatic_top_up
train-07952,Do you take checks?,top_up_by_cash_or_cheque
train-03532,Is it possible someone has access to my card? I noticed that there are a couple of payments in the app I'm sure I did not make. Can you find out what's going on here?,card_payment_not_recognised
train-08756,What's the normal time frame for a transfer from a UK account? After just making a transfer it doesn't appear at all. I need to know if things went okay.,balance_not_updated_after_bank_transfer
train-03640,What do I do if I see a transaction on my card that I don't recall making?,card_payment_not_recognised
train-05343,I can't find my phone; what can I do to prevent someone from accessing my account on it?,lost_or_stolen_phone
train-02493,The ATM I'm standing in front of only gave me 10 pounds rather than the 30 pounds I wanted. The app shows I took out 30 pounds also. What do I need to do to fix this?,wrong_amount_of_cash_received
train-00926,I need to know which fiat currencies I can use with you.,fiat_currency_support
train-03859,Why do you need to perform identity verification?,why_verify_identity
train-01826,What is the charge for receiving a SEPA transfer?,top_up_by_bank_transfer_charge
train-01902,Am I going to be charged for topping up by transfer?,top_up_by_bank_transfer_charge
train-04611,what are the locations i can withdraw money,atm_support
train-03419,"I deposited cash into my account, why do I not see it?",balance_not_updated_after_cheque_or_cash_deposit
train-09958,"I live in America, but I would like a card.",country_support
train-08712,"Hi. A couple hours ago I make a transfer from my UK bank account, but it hasn't shown up. Please, would you see what the delay is?",balance_not_updated_after_bank_transfer
train-02539,I was charged a fee for using my card. Can I check that in any way? It seems like there are occasions that I am charge for fees. Can you elaborate this?,card_payment_fee_charged
train-02334,Why is my cash request and the amount I received different?,wrong_amount_of_cash_received
train-04459,I think someone is using my card without my permission!,compromised_card
train-00637,Why has my card been charged an extra pound?,extra_charge_on_statement
train-04466,I think someone else is using my card.,compromised_card
train-04846,"what is going on, i have entered my passcode and its not working",passcode_forgotten
train-01539,What should I do if my card is stolen?,lost_or_stolen_card
train-02738,How long do transfers typically take? Is there a way of speeding the process up? My friend needs the money I sent her desperately.,transfer_not_received_by_recipient
train-02100,"Could I please cancel my transfer, I paid it into the wrong account. I need to pay it into the right account by tomorrow.",cancel_transfer
train-01222,Where do I access the auto top-up function?,automatic_top_up
train-06305,What should I do with my stuck ATM?,card_swallowed
train-02905,I'd prefer to use my American Express when putting funds into my account.,supported_cards_and_currencies
train-05392,Is there a way you can have money from a purchase I made refunded to my account.,request_refund
train-07767,Can I verify my top-up card?,verify_top_up
train-04336,Why is my 'top up' not showing up in my wallet?,topping_up_by_card
train-08272,An overseas cash transfer did not work correctly,wrong_exchange_rate_for_cash_withdrawal
train-05940,For some reason my card payment hasn't worked. what can I do to look into that?,declined_card_payment
train-00614,why is there a service fee on my statement?,extra_charge_on_statement
train-05725,My refund is not showing.,Refund_not_showing_up
train-06489,who can put money in my account?,verify_source_of_funds
train-01608,How old must I be to open an account?,age_limit
train-08344,I'm looking for a machine of yours that will provide me cash from my home country. I went on holiday and don't have any cash on me. Will your machine charge me extra to do this?,wrong_exchange_rate_for_cash_withdrawal
train-03770,How can I update my details since I moved?,edit_personal_details
train-00277,How do I activate and link my new card?,card_linking
train-01565,Hold old do my kids have to be to use the service?,age_limit
train-09041,Is it free to exchange currency?,exchange_charge
train-09446,I made a cash withdrawal and was charged a fee incorrectly can you help with this?,cash_withdrawal_charge
train-05570,I tried to buy something online yesterday but it kept saying declined. Tried another time today but same thing happened. What's Broken?,declined_transfer
train-02277,What is the top-up limit for my card?,top_up_limits
train-05734,"It's been more than a week since I had a return charged to my card, why hasn't it showed up?",Refund_not_showing_up
train-04620,How far is the closest ATM from me?,atm_support
train-04291,Will my friends be able to top up my account?,topping_up_by_card
train-03300,Why did my top-up not get approved this time?,top_up_reverted
train-04361,Are there any limits to using disposable virtual cards?,disposable_card_limits
train-02688,Why am I being charged a hidden fee?,card_payment_fee_charged
train-07491,Why do my transfers keep failing?,failed_transfer
train-08937,"My app says I made a withdrawal, but I didn't.",cash_withdrawal_not_recognised
train-07926,Can I have a spare card for this account please?,getting_spare_card
train-00379,Is there a specific source that the exchange rate for the transfer I'm planning on making is pulled from?,exchange_rate
train-02582,What was I charged a fee for card payment?,card_payment_fee_charged
train-07042,I just got an error message saying my transfer is not possible? Why is that? I've transferred money before and it worked without problem,beneficiary_not_allowed
train-09883,Can I use this all over the world?,country_support
train-02626,Let me know when applying extra charges for payments. I just checked the app and saw a fee that I wasn't warned about.,card_payment_fee_charged
train-00062,My card hasn't arrived.,card_arrival
train-09505,Why was I charged a fee for my withdrawal?,cash_withdrawal_charge
train-09997,I just moved to the US how do I get a card?,country_support
train-02867,"I sent some money to somebody a couple of hours ago, and they still have yet to receive it.  They really need the money, how much longer are they going to have to wait?",transfer_not_received_by_recipient
train-06717,What is taking so long on my transfer from the US?,transfer_timing
train-07887,"I am interested in giving a second card to my daughter, how can I make this happen?",getting_spare_card
train-07772,How are top-ups verified?,verify_top_up
train-00764,I have withdrawn cash from the ATM but it is showing in my account as a pending transation. Why is this?,pending_cash_withdrawal
train-03155,"My top up did not show up as shown and my money has disappeared, can you help me fix this glitch problem?",top_up_reverted
train-04164,Are you Visa or Mastercard?,visa_or_mastercard
train-06471,Why was I charged twice for the same transaction?,transaction_charged_twice
train-07365,Is it possible for a friend to personally send me a payment?,receiving_money
train-07484,Can you please assist me in completing a transfer? I'm trying and I keep getting an error. I'm trying to purchase a flat and pay the initial mortgage payment. All I keep getting is an error. Can you find out what's happening here?,failed_transfer
train-09715,I want to top up with my Apple Watch.,apple_pay_or_google_pay
train-05579,Can you tell me why my transfer declined?,declined_transfer
train-02157,"I need you to stop the transfer I just started as soon as possible, I just realized it's not correct!",cancel_transfer
train-07370,"How do I know what my account is set to, I am paid in GBP?",receiving_money
train-07103,I wasn't allowed to transfer to my account,beneficiary_not_allowed
train-03963,The app doesn't think it's me.,unable_to_verify_identity
train-09854,What documents do you need to verify my identity?,verify_my_identity
train-08227,The exchange rate for my withdrawal was wrong.,wrong_exchange_rate_for_cash_withdrawal
train-02517,"I shouldn't have been charged but I see a fee, why?",card_payment_fee_charged
train-03848,Why is there an identity check?,why_verify_identity
train-01337,I can't get my actual card to work,card_not_working
train-04662,There is a direct debit payment I don't recognize.,direct_debit_payment_not_recognised
train-09719,Can I top-up my google pay?,apple_pay_or_google_pay
train-04897,How do I reset my password?,passcode_forgotten
train-01906,Are you going to charge me to collect the money?,top_up_by_bank_transfer_charge
train-07524,"I attempted a transfer, but it failed.",failed_transfer
train-07112,"Hello I am unable to exchange the crypto currency through the app, i am very keen to buy. Please let me know the issue.    interested buying crypto currency but i am unable to purchase it through the application,i do want to do the exchange, Could you please let me know what is the problem?",beneficiary_not_allowed
train-08510,Is there any reason why my card didn't work when I tried to top up?,top_up_failed
train-05715,I am suppose to be getting a refund from something I purchased but it hasn't showed up in my account.,Refund_not_showing_up
train-06500,How can I tell where the money came from?,verify_source_of_funds
train-09476,Why did using an ATM cause me to be charged an additional fee?,cash_withdrawal_charge
train-05100,Why is my payment in pending status?,pending_card_payment
train-05493,My order needs to be canceled.,request_refund
train-09839,Can I verify my identity?,verify_my_identity
train-06602,Does a US transfer take long,transfer_timing
train-00841,"I've been waiting for 3 days, why is my withdrawal still pending?",pending_cash_withdrawal
train-07623,What currencies can I use to top up my account?,transfer_into_account
train-09096,If I top up using a European card is there a charge?,top_up_by_card_charge
train-00046,Is my card lost? I am still waiting for it to be delivered.,card_arrival
train-08370,I think the exchange rate is wrong for my ATM withdrawal,wrong_exchange_rate_for_cash_withdrawal
train-09610,I need to renew a card that's about to expire,card_about_to_expire
train-04800,My accounts been charged a payment for something I didn't make.,direct_debit_payment_not_recognised
train-06894,If I want to select a new PIN what do I do?,change_pin
train-06581,Where can I check out the source of available funds in my account?,verify_source_of_funds
train-02615,Is there a place to check for fee for payments? I feel like I'm getting charged too much at times.,card_payment_fee_charged
train-08818,I believe my card has been compromised as there are funds showing that I did not receive.,cash_withdrawal_not_recognised
train-05822,Can you tell me if a credit/refund is coming from a seller? I asked for refund directly from them and am still waiting. It's been a week now and i still havn't seen my refund yet.,Refund_not_showing_up
train-04929,Where did my money go? I'm not able to withdraw it from my ATM.,declined_cash_withdrawal
train-05341,How can I access my account when I have lost my phone?,lost_or_stolen_phone
train-08239,"I was abroad and needed some cash, but I think the wrong exchange rate was applied to the transaction.",wrong_exchange_rate_for_cash_withdrawal
train-00647,I was overcharged a pound.,extra_charge_on_statement
train-01217,What are the restrictions on auto top-up?,automatic_top_up
train-02675,I got charged for with a fee for paying with my card.,card_payment_fee_charged
train-01948,What is the reason my top-up is still pending?,pending_top_up
train-08171,My virtual card isn't working.,virtual_card_not_working
train-00718,Why is there an additional fee showing on the statement I received?,extra_charge_on_statement
train-08994,what is the cost for exchanging currencies?,exchange_charge
train-05946,"I'm not sure why my payment has been declined? Please tell me why, I thought it was all good.",declined_card_payment
train-09984,I live in the UK. Can I get a card?,country_support
train-07158,"Why won't you take my transfer, I keep getting an error message.",beneficiary_not_allowed
train-05011,Why am I not able to get cash from the ATM?,declined_cash_withdrawal
train-01498,My bag got stolen with all my cards. Can you please cancel my card and send a new one?,lost_or_stolen_card
train-09407,"I want to get some cash from the ATM using my card but I dont want to be charged any fees. Ive taken some money out before with no fees, but recently Ive been getting charged. Why?",cash_withdrawal_charge
train-02284,Are there any top-up limits involved?,top_up_limits
train-04671,I don't know where a direct debit payment came from,direct_debit_payment_not_recognised
train-07982,Can I write a cheque to top up?,top_up_by_cash_or_cheque
train-01783,How come when I tried to pay contactless at the bus it didnt work?,contactless_not_working
train-09276,what do i need to have with me to activate card,activate_my_card
train-01555,My card was stolen last night.,lost_or_stolen_card
train-07439,What would cause a transfer failure?,failed_transfer
train-09713,Am I able to Top Up with Apply Pay?,apple_pay_or_google_pay
train-07802,How do I go about verifying the top-up card?,verify_top_up
train-08274,"I needed some cash while abroad, and I'm pretty sure the wrong exchange rate was applied.",wrong_exchange_rate_for_cash_withdrawal
train-07407,Is there any way to get my salary in a different currency?,receiving_money
train-00204,how do i get the card linked,card_linking
train-01097,I would like to make sure it is delivered on a certain date.,card_delivery_estimate
train-07954,I got a cheque that I want to top up with?,top_up_by_cash_or_cheque
train-01113,what is the leadtime for a new card to show up in the mail?,card_delivery_estimate
train-09263,Can someone assist me with activating my new card?,activate_my_card
train-09876,How do I get a card if I live in the US?,country_support
train-05563,"Why did my transfer not work, it says it was declined?",declined_transfer
train-05445,I want a refund on this.,request_refund
train-05529,I would like to retract my purchase.,request_refund
train-03732,I just got married and I need to change my name,edit_personal_details
train-04145,Do you give out Visa or Mastercards?,visa_or_mastercard
train-01782,Should i uninstall the app before i try it again?,contactless_not_working
train-07097,Why is this beneficiary being rejected?,beneficiary_not_allowed
train-01701,Will you help me unblock my pin after putting in the wrong pin too many times?,pin_blocked
train-03440,How long will it take for the cash I deposited this morning to show up?,balance_not_updated_after_cheque_or_cash_deposit
train-00071,What's the expected wait time to recieve my new card?,card_arrival
train-06327,Several items I have charged this week are appearing twice.  Please review my statement and remove any duplicate charges.,transaction_charged_twice
train-08778,A few hours ago I made a bank transfer from my UK account but I don't see that it has arrived.   Can you check and see if all is ok please?,balance_not_updated_after_bank_transfer
train-04980,"My card has been declined by two separate ATM, and I'm worried something is wrong with my account. Would you please see if my account is okay?",declined_cash_withdrawal
train-01106,How many days to deliver to a US customer?,card_delivery_estimate
train-03480,I deposited a cheque and its been days and I still haven't received the cash!!,balance_not_updated_after_cheque_or_cash_deposit
train-04771,I have a direct debit I didn't make,direct_debit_payment_not_recognised
train-07698,Do I need to verify my top-up card?,verify_top_up
train-08674,I transfered my balance a while back.  Why doesn't my account reflect this?,balance_not_updated_after_bank_transfer
train-00037,What's the tracking on the card you sent?,card_arrival
train-00092,What do I need to do to get my new card which I have requested 2 weeks ago?,card_arrival
train-03402,When will my cheque process?,balance_not_updated_after_cheque_or_cash_deposit
train-08634,Im going to need to make a transfer from a UK account but I need it to go through ASAP. Is that going to be possible or will it take forever?? Im hoping it will be a couple hours and not a couple weeks.,balance_not_updated_after_bank_transfer
train-00689,"There's a €1 fee on my statement, why?",extra_charge_on_statement
train-09830,can i verify my identity i the app,verify_my_identity
train-03262,I topped up but my money is not showing. Why is that?,top_up_reverted
train-00547,The exchange rate is incorrect for something I bought,card_payment_wrong_exchange_rate
train-05072,"I tried to make a withdrawal from the ATM, but it was cancelled.",declined_cash_withdrawal
train-01036,How long will I have to wait for my new card?,card_delivery_estimate
train-01128,Is there a daily auto top-up limit?,automatic_top_up
train-04000,I dont have a pin,get_physical_card
train-01760,Is there a number to call to get my pin unblocked?,pin_blocked
train-09056,where do i find out about exchange fees,exchange_charge
train-00045,I'm still waiting for my new card.,card_arrival
train-03968,My identity verification is not working.,unable_to_verify_identity
train-06622,How long do I wait for a transfer from the United States?,transfer_timing
train-05087,I attempted to get cash in the ATM but I was denied,declined_cash_withdrawal
train-00143,"I was supposed to receive my new card by now, but it hasn't came in.",card_arrival
train-07130,I was unable to transfer to another account.,beneficiary_not_allowed
train-05015,"Would you please check my Card. As Withdrawal was working fine so far, but this morning suddenly got declined. Can you please check the problem?",declined_cash_withdrawal
train-07013,Can someone explain why I'm getting a message on my screen saying my transfer isn't possible? I've done several in the past and haven't had a single problem until now. What's going on?,beneficiary_not_allowed
train-01717,How can I reset my darned PIN number?,pin_blocked
train-07324,I noticed a charge for a transfer.  Why is this?  Is it because I did an international transfer?,transfer_fee_charged
train-06600,"I desperately need to transfer something from China, Please give me the wait time.",transfer_timing
train-08584,"I tried again to top up my card after doing it a couple days ago when it had worked. Now, it doesn't seem to be working. Can you tell me what the deal is here please?",top_up_failed
train-04683,I did not set up a direct debit I have,direct_debit_payment_not_recognised
train-05549,"While doing a transfer, it says declined.",declined_transfer
train-02204,Please help me!  A payment I made had an error on the account number and I can't cancel on my side.  Can you cancel it?,cancel_transfer
train-02754,Why is my transfer taking so long to complete?,transfer_not_received_by_recipient
train-05366,I left my phone at the hotel.,lost_or_stolen_phone
train-05360,My phone has been stolen.,lost_or_stolen_phone
train-03971,It won't let me prove my identity.,unable_to_verify_identity
train-04199,"I want a Mastercard, instead.",visa_or_mastercard
train-00952,Please tell me which fiat currencies you support.,fiat_currency_support
train-04194,Is it possible to obtain both a Visa and a Mastercard from you?,visa_or_mastercard
train-03787,Should I complete my security verification before I can use my account?,why_verify_identity
train-08635,How long before a bank transfer shows up in the account?,balance_not_updated_after_bank_transfer
train-01258,I can't get the card itself to work.,card_not_working
train-06138,Remove my account immediately.,terminate_account
train-05309,Can I use your services without access to the app?,lost_or_stolen_phone
train-03023,Can you help me find the virtual card?,getting_virtual_card
train-09173,Is there a fee for adding funds with a credit card?,top_up_by_card_charge
train-06626,How fast can I transfer something from China?,transfer_timing
train-06882,Is it possible that my card payment was reverted?,reverted_card_payment?
train-05794,My statement does not reflect that a refund has been issued,Refund_not_showing_up
train-05368,My things were stolen and I need to know if I can still use this app.,lost_or_stolen_phone
train-04578,Can I use my card at an ATM?,atm_support
train-04666,I don't recognize the direct debit payment on my account.,direct_debit_payment_not_recognised
train-06053,Is my transfer pending?,pending_transfer
train-07269,I need to know how much it costs to transfer funds.,transfer_fee_charged
train-02918,Which currencies can I use to add money?,supported_cards_and_currencies
train-03328,I just deposited cash to my account and can't find it!,balance_not_updated_after_cheque_or_cash_deposit
train-03612,There are a couple payments with my card displayed in the app which I didn't make. What is happening? Maybe someone has access to my card.,card_payment_not_recognised
train-00942,How can I hold and exchange fiat currencies?,fiat_currency_support
train-01176,Can it add money automatically while travelling,automatic_top_up
train-05441,I need a refund for something I bought.,request_refund
train-00177,"I got my card now, how do I make it show up in the app?",card_linking
train-00744,Why is my ATM withdrawal still pending?,pending_cash_withdrawal
train-04928,Why was my request for cash declined?,declined_cash_withdrawal
train-08483,Seems like my top-up has failed,top_up_failed
train-07225,who charged my card,transfer_fee_charged
train-00781,"I went to an ATM to get cash, but the app says the withdrawal is still pending. How is that possible when I already have the cash with me?",pending_cash_withdrawal
train-02992,What kind of cards an currency do you support?,supported_cards_and_currencies
train-06700,How long will it take to urgently transfer something to China?,transfer_timing
train-06903,Can I change my PIN at any ATM?,change_pin
train-00778,How long does it take for a pending cash withdrawal?,pending_cash_withdrawal
train-02976,"If I want to topup by card, how do I do it?",supported_cards_and_currencies
train-05130,My card payment says pending and it hasn't changed,pending_card_payment
train-09030,How much will I be charged for exchanging foreign currency,exchange_charge
train-00612,Why did I get a $1 extra fee on the statement?,extra_charge_on_statement
train-00432,I'm on holiday and I noticed a different amount for exchange rate.  Can you explain?,card_payment_wrong_exchange_rate
train-01328,When I was in a restaurant today my card was declined and payment wouldn't go through and I need help. Can you fix this?,card_not_working
train-07525,I couldn't make a transfer,failed_transfer
train-02569,"I paid with my card and got charged an extra fee, what's up with that?",card_payment_fee_charged
train-03405,Cash has been deposited this morning but it hasn't came through.,balance_not_updated_after_cheque_or_cash_deposit
train-03421,Why is my cash deposit not in my account?,balance_not_updated_after_cheque_or_cash_deposit
train-02846,"I've been waiting since Friday, where is my money?",transfer_not_received_by_recipient
train-01070,How long is the delivery to the US?,card_delivery_estimate
train-04270,Is it simple to transfer money using my credit card?,topping_up_by_card
train-05626,"Could not complete transfer, states 'declined'",declined_transfer
train-06490,Can I see where my money came from?,verify_source_of_funds
train-01386,Does this app allow currencies to be exchanged?,exchange_via_app
train-01210,How many times can I auto top-up?,automatic_top_up
train-03835,Why is there an identify check?,why_verify_identity
train-04119,Can you issue both a Visa and a Mastercard to me?,visa_or_mastercard
train-02260,Do top-up limits exist?,top_up_limits
train-09069,Which US cards have top up charges?,top_up_by_card_charge
train-04429,I need several disposable cards made per day.,disposable_card_limits
train-06645,How long does it take in Europe to do a transfer?,transfer_timing
train-05485,How do I get a refund for an item I bought?,request_refund
train-05654,Transfer could not be completed due to being declined.,declined_transfer
train-09606,"If my card expires next month, will I need to order a new one?",card_about_to_expire
train-08826,My app shows cash I didn't get.,cash_withdrawal_not_recognised
train-02606,How come I was charged an extra fee when paying with the card?,card_payment_fee_charged
train-08108,Where do you export the cards to?,order_physical_card
train-06558,How can I know where did my funds come from?,verify_source_of_funds
train-07293,I have a service fee that I've never seen before. It showed up after I bought something from an international seller online.,transfer_fee_charged
train-04724,How long after I receive my statement can I dispute payments on it?,direct_debit_payment_not_recognised
train-07846,What is the procedure for me to get more cards on my account?,getting_spare_card
train-08238,Can you check the exchange rate on a cash transaction I did overseas,wrong_exchange_rate_for_cash_withdrawal
train-02027,How long do top-ups take to go through,pending_top_up
train-00735,Why is there a €1 charge on my statement?,extra_charge_on_statement
train-01582,What is the age limit for an account?,age_limit
train-09548,What do I do if my card is about to expire?,card_about_to_expire
train-02069,Please sort your top up! My top up has been pending for an hour already. Can you please make it go through as soon as possible. I really need the money.,pending_top_up
train-04096,Where do I find my PIN for my new card?,get_physical_card
train-04670,Could I raise a dispute for a large payment that i found out was not done by me in my couple of last statements? I am aware its delayed now. Please help me out.,direct_debit_payment_not_recognised
train-08206,I have a disposable card but it does not work?,virtual_card_not_working
train-02505,I made an ATM withdraw it didn't give me the amount I asked for but is showing a withdraw for that amount.,wrong_amount_of_cash_received
train-03678,Tell me how to change my details.,edit_personal_details
train-00346,How can I find your exchange rates?,exchange_rate
train-01326,Why won't my card work anymore?,card_not_working
train-02739,wheres my money receipt,transfer_not_received_by_recipient
train-02252,Is there a limit on how much I can top up?,top_up_limits
train-04423,Can you tell me if there are limits to disposable virtual cards?,disposable_card_limits
train-00185,"I received my card, how do I get it to show in the app?",card_linking
train-03748,"went somewhere else, need to change details",edit_personal_details
train-08093,Where do I go to order my card?,order_physical_card
train-01044,I ordered my card and it isn't here yet. I need it ASAP. When can I expect to get it?,card_delivery_estimate
train-09594,"If I order a new card, how much will it be and how long will it take me to get it?",card_about_to_expire
train-07808,Am I gonna be charged for sending out more cards?,getting_spare_card
train-04695,There's an unauthorized direct debit in my app.,direct_debit_payment_not_recognised
train-05787,Why hasn't my refund appeared on my statement?,Refund_not_showing_up
train-04562,What kind of ATMs would this card be accepted at?,atm_support
train-05534,Can I get a refund?,request_refund
train-05820,"I am waiting on this refund, hurry up.",Refund_not_showing_up
train-03085,I heard you have virtual cards. How do I get one?,getting_virtual_card
train-03228,Why did you revert my top-up?,top_up_reverted
train-04612,Which ATMs accept this circuit board ?,atm_support
train-03818,do I need to verify my identity before I can use my card?,why_verify_identity
train-09512,Why was I charged a fee for withdrawing money?,cash_withdrawal_charge
train-03764,How can I change my account details?,edit_personal_details
train-01899,Will I be charged for receiving the money?,top_up_by_bank_transfer_charge
train-04315,Can friends I have top-up my account?,topping_up_by_card
train-07654,Can I top-up my card using a bank transfer.,transfer_into_account
train-07800,What does top-up verification do?,verify_top_up
train-03614,I didn't do a payment and I have it now.,card_payment_not_recognised
train-04294,can other people use the app to add money to my account,topping_up_by_card
train-03951,What's wrong with my ID? I can't verify it.,unable_to_verify_identity
train-09824,"I was told to verify my identity, how do I do that?",verify_my_identity
train-03286,It appears my top-ups have been canceled.,top_up_reverted
train-09488,what is this extra charge for a withdrawal?,cash_withdrawal_charge
train-06100,"I double checked that I have the correct account details already, they're right for sure. Transfer is still pending since forever. It should not have been done so.",pending_transfer
train-03660,How can I change my address?,edit_personal_details
train-00476,Seems like the exchange rate for my payment last Saturday was wrong. I was charged extra.,card_payment_wrong_exchange_rate
train-01931,i put money on my card and i dont see it on the balance,pending_top_up
train-01114,What's the earliest time to receive my card?,card_delivery_estimate
train-08374,What are the disposable cards for?,get_disposable_virtual_card
train-04311,What information am I going to have to have in order to do a transfer with my card?,topping_up_by_card
train-02963,What other credit cards can I use?,supported_cards_and_currencies
train-09345,Is there an extra fee for using an ATM?,cash_withdrawal_charge
train-03171,Seems like my top-up has been cancelled,top_up_reverted
train-03471,Why hasn't my balance been updated? I've deposited a few cheques some days ago!,balance_not_updated_after_cheque_or_cash_deposit
train-02070,My top-up has not posted.,pending_top_up
train-01871,Is there a charge for getting my money?,top_up_by_bank_transfer_charge
train-01741,I forgot my pin and am blocked now. Can I reset it somewhere?,pin_blocked
train-05161,My card payment has been stuck on pending. What is the problem? It should have gone through by now.,pending_card_payment
train-09873,what documents do i need to verify who i am,verify_my_identity
train-04106,I'd prefer Mastercard.,visa_or_mastercard
train-05450,How do I begin the process of a refund?,request_refund
train-07857,Is there a charge for getting more cards?,getting_spare_card
train-04498,What should I do if someone else used my card?,compromised_card
train-09709,"I have received my American express in apple play, looks like top up has an issue, please help?",apple_pay_or_google_pay
train-02605,Why have I been charged a fee for card payment?,card_payment_fee_charged
train-02687,Is there an allowance on cards?,card_payment_fee_charged
train-04951,Can you tell me why I was declined from getting cash?,declined_cash_withdrawal
train-05287,"My phone was stolen, help!",lost_or_stolen_phone
train-01698,I need my PIN unlocked.,pin_blocked
train-01570,What about my children?,age_limit
train-03579,Is there any way to know how the transaction got on my account?,card_payment_not_recognised
train-02432,Why didn't I get the amount I requested at the ATM?,wrong_amount_of_cash_received
train-09680,How can I set up Google Pay on my device?,apple_pay_or_google_pay
train-01101,Will my card be here soon?,card_delivery_estimate
train-03393,Do you guys accept cash? Because i deposited some this morning and I can't see it in my account.,balance_not_updated_after_cheque_or_cash_deposit
train-04660,I was just going over my transactions for the past couple of months and noticed a large type charge that I know I did not make. Even though it's been a while can I please still dispute this?,direct_debit_payment_not_recognised
train-08153,How much is a physical card?,order_physical_card
train-00060,Was there a way for me to get tracking for that?,card_arrival
train-01220,Can I top-up automatically?,automatic_top_up
train-05703,I need my refund as soon as possible. What else do I have to do?,Refund_not_showing_up
train-04156,I prefer to get a Mastercard.,visa_or_mastercard
train-00001,What can I do if my card still hasn't arrived after 2 weeks?,card_arrival
train-01035,I'd like to have it delivered on Saturday.  Is that possible?,card_delivery_estimate
train-04987,My withdrawal from the ATM was cancelled.,declined_cash_withdrawal
train-01449,How can I change the currency I'm exchanging from AUD to GBP?,exchange_via_app
train-01631,Would I be able to open an account for my daughter?,age_limit
train-00063,Can I track the card you sent to me?,card_arrival
train-09598,"I want to get a new card before my current one expires, how much will it cost me and how long will it take to get here.",card_about_to_expire
train-07981,Where do I find how to top off with a check?,top_up_by_cash_or_cheque
train-08503,Why has my top up failed?,top_up_failed
train-04141,Can I choose whether I receive a Visa or a Mastercard card?,visa_or_mastercard
train-06120,"Hi, I'm trying to transfer money from one country to another, but it's taking a long time! All the account information is right, so why is it taking so long?",pending_transfer
train-08894,My account shows that I made a cash withdrawal but I cannot remember doing so!,cash_withdrawal_not_recognised
train-03826,Why do you need to know so much about me for my account?,why_verify_identity
train-02727,"how long does it take to transfer money, my retailer is waiting",transfer_not_received_by_recipient
train-03365,Why has my account balance not changed after depositing a cheque?,balance_not_updated_after_cheque_or_cash_deposit
train-00499,I have been charged way to much so something is apparently wrong with my exchange. I changed Russian Ruble into UK pounds.,card_payment_wrong_exchange_rate
train-08627,I've transferred money into my account but the balance is the same,balance_not_updated_after_bank_transfer
train-02552,I payed with the card and there was an extra fee?,card_payment_fee_charged
train-08064,How do I get a real card?,order_physical_card
train-08987,My currencies needed to be exchanged often and I was wondering if there were any discounts available for this?,exchange_charge
train-00365,Will I know which exchange rate I will get?,exchange_rate
train-05127,My card payment is showing pending however this transaction was a couple of days ago. Is there a reason why it it still pending?,pending_card_payment
train-09260,How long does it take to activate my card?,activate_my_card
train-02165,"I no longer want to transfer funds, can we cancel that transaction?",cancel_transfer
train-03754,How do I change my name?,edit_personal_details
train-02650,I see a fee that I think was charged because I paid by card.,card_payment_fee_charged
train-00814,Why is the pending status on my cash withdrawal taking so long?,pending_cash_withdrawal
train-01171,What are the auto-top up policies?,automatic_top_up
train-09268,How do I active this card?,activate_my_card
train-09438,"Do you charge for cash withdrawals?  I want to get my hands on my own money and you appear to be charging me for the pleasure! Why is this, you'd never get this with my high street bank!",cash_withdrawal_charge
train-09845,What documentation is needed for the identity check?,verify_my_identity
train-08748,I want to be sure that everything is okay here. I just made a transfer from a UK account and it is still not showing up. How long does this typically take?,balance_not_updated_after_bank_transfer
train-00290,"My new card isn't in my app, how do I get it in there?",card_linking
train-06670,I need to urgently transfer something from China. How long will it approximately take?,transfer_timing
train-01237,Can I auto top-up as much as I want?,automatic_top_up
train-08212,"When I got my cash, the amount was not what it should have been, based on the exchange rate.",wrong_exchange_rate_for_cash_withdrawal
train-00502,Please check the exchange rate for my payment last Saturday. I believe I have been overcharged.,card_payment_wrong_exchange_rate
train-01311,WHAT IS THE MAIN REASON OF THIS PROBLEM,card_not_working
train-07785,Where is the top-up verification code sent?,verify_top_up
train-05776,how does my statement get updated so i know when a refund will reflect on my balance,Refund_not_showing_up
train-03938,I cant prove who I am,unable_to_verify_identity
train-02152,Help me cancel a transaction.,cancel_transfer
train-02892,Which cards and currencies are supported?,supported_cards_and_currencies
train-05740,I'm supposed to have a refund but it isn't there,Refund_not_showing_up
train-03469,"I deposited a cheque with some money, but the balance hasn't changed.",balance_not_updated_after_cheque_or_cash_deposit
train-02644,Why is there a fee on a card payment?,card_payment_fee_charged
train-05364,Do I need to do anything? My phone was stolen yesterday.,lost_or_stolen_phone
train-03624,Why is there a payment I didn't do?,card_payment_not_recognised
train-05843,Tell me why my card payment has been declined.,declined_card_payment
train-04942,Could you tell me why my cash withdrawal was declined?,declined_cash_withdrawal
train-03543,There is a record of payment I never submitted on the app.,card_payment_not_recognised
train-08880,I did not make a cash withdrawal that is on my statement,cash_withdrawal_not_recognised
train-02579,I got a fee when paying with my card,card_payment_fee_charged
train-03633,There are a few payments in the app that I didn't make! Does someone else have my card?  What should I do?,card_payment_not_recognised
train-00883,Is the EUR accepted for exchanges?,fiat_currency_support
train-09043,how much is it to exchange currency,exchange_charge
train-07495,What do I need to do to correct this failed transfer?,failed_transfer
train-06895,How can I change my PIN without going to the bank?,change_pin
train-05858,How do I check to see why my card payment was declined?,declined_card_payment
train-02099,I want to revert a transaction I did,cancel_transfer
train-02711,I transferred money and it didn't get there.,transfer_not_received_by_recipient
train-02755,I am just waiting for the transaction to be completed.,transfer_not_received_by_recipient
train-06790,"I need help to resolve mix up on my card payment. My account shows the money was taken out and then put back in the account. Then I received a message from the seller, It said that they did not get my payment.",reverted_card_payment?
train-07114,Can you please explain why my beneficiary is not allowed?,beneficiary_not_allowed
train-08355,I tried to use the ATM with foreign currency. The conversion rate applied was wrong.,wrong_exchange_rate_for_cash_withdrawal
train-09979,Supported countries,country_support
train-07564,Why can't I complete the transfer?,failed_transfer
train-07995,I wish to be able to top up with cash.,top_up_by_cash_or_cheque
train-06321,"I was charged twice for a restaurant, can you take the second charge off?",transaction_charged_twice
train-02012,I do not think the pop up went through yet.,pending_top_up
train-03320,I did a cash deposit to my account but it doesn't show up,balance_not_updated_after_cheque_or_cash_deposit
train-09893,I live in the EU - can I get a card?,country_support
train-05421,Can I get an item refunded?,request_refund
train-08622,The transfer I made isn't reflected in my balance,balance_not_updated_after_bank_transfer
train-08232,When I made a cash transfer abroad the wrong exchange rate was applied,wrong_exchange_rate_for_cash_withdrawal
train-08930,I didn't withdraw cash but I see that transaction on my app,cash_withdrawal_not_recognised
train-02962,What currency is acceptable for a top up?,supported_cards_and_currencies
train-06861,Why was my card payment reversed?,reverted_card_payment?
train-04807,"I know this very late, but I just went through my statements from the last couple months and there's one quite large-ish payment that I definitely haven't made. Is it still possible to dispute it?",direct_debit_payment_not_recognised
train-03757,I need to update my phone number.,edit_personal_details
train-01144,Are there any limit on the auto top-up?,automatic_top_up
train-05129,Why is their a charge pending on my card still?,pending_card_payment
train-09740,"top up google pay, is it possible?",apple_pay_or_google_pay
train-09188,Is my card ready for use or does it need activated and if so how?,activate_my_card
train-06235,Delete my account please. Now!,terminate_account
train-02185,I goofed up and used the wrong account.  Please help.,cancel_transfer
train-08489,Why isn't my topup working?,top_up_failed
train-02219,I recently made a transfer that I would like to cancel,cancel_transfer
train-06119,"It seems like I have been waiting forever for this international transfer. Why is it taking so long? C'mon, it's 2018, things happen at a click of a button. All of the account information is correct, so how long will this take?",pending_transfer
train-02274,How many times can I make a top-up?,top_up_limits
train-04464,How do I stop fraud to my account?,compromised_card
train-00992,I need to know which flat currencies are supported by you.,fiat_currency_support
train-03786,Can I use my account before the identity verification is complete?,why_verify_identity
train-02709,The app isn't showing my transactions,transfer_not_received_by_recipient
train-04152,Does it matter if I use Visa or Mastercard?,visa_or_mastercard
train-08885,Why is there some cash that I did not deposit in my account?,cash_withdrawal_not_recognised
train-03509,There's a payment that isn't mine on my app,card_payment_not_recognised
train-06944,Is it possible to change my pin if i am out of the country?,change_pin
train-09866,How do you check my identity?,verify_my_identity
train-01900,"For SEPA transfers, what kind of charge will be applied?",top_up_by_bank_transfer_charge
train-02199,I made the incorrect payment for my rent yesterday and this needs to be fixed by no later than tomorrow. How can you help?,cancel_transfer
train-04941,I can't withdraw money,declined_cash_withdrawal
train-09267,My new card came in.  How do I activate?,activate_my_card
train-04852,My passcode was denied.,passcode_forgotten
train-09227,I need my card activated.,activate_my_card
train-01743,I am locked out from entering my pin.,pin_blocked
train-02638,"I see I was charged extra when I used the card.  I am not sure why, please tell me why.",card_payment_fee_charged
train-03741,How would I be able to make changes to my personal details?,edit_personal_details
train-02473,Where'd the rest of my cash go from the ATM,wrong_amount_of_cash_received
train-03855,Why is checking my identity important?,why_verify_identity
train-06209,Where do I go to terminate my account?,terminate_account
train-07406,Which foreign currencies can I get transferred into my account?,receiving_money
train-01925,What kind of fee is there to top-up my account?,top_up_by_bank_transfer_charge
train-00595,I had to pay a pound more than I anticipated!,extra_charge_on_statement
train-04741,I might have been charged on my debit statement by fraud.,direct_debit_payment_not_recognised
train-07513,"My transfer failed, why?",failed_transfer
train-00278,"I got a card, how do I get it in the app?",card_linking
train-01206,Do you have an option for auto top up?,automatic_top_up
train-00759,"If my cash withdrawal is still not showing, is something wrong?",pending_cash_withdrawal
train-09629,What happens when my card expires?,card_about_to_expire
train-07986,I wish to top up using a cheque.,top_up_by_cash_or_cheque
train-07084,"I normally have no issues making transfers, so why am I suddenly being told it is not possible?",beneficiary_not_allowed
train-09217,How do I turn on my new card?,activate_my_card
train-01370,I would like to exchange currencies on the app. How do I do this?,exchange_via_app
train-05060,Why was my atm withdrawl declined,declined_cash_withdrawal
train-08241,"I traded some of my money from my native country into an ATM to exchange for foreign currency, and the money I received was a different equating amount!",wrong_exchange_rate_for_cash_withdrawal
train-04618,Tell me what ATMs use this card.,atm_support
train-04238,I want to transfer money using my credit card.,topping_up_by_card
train-00873,When will the cash that I put in the ATM be cleared from pending status?,pending_cash_withdrawal
train-07295,"I was charged a transfer fee, why is that?",transfer_fee_charged
train-08689,I added money through a bank transfer and it is not showing in my balance.,balance_not_updated_after_bank_transfer
train-08079,Where do you deliver cards to?,order_physical_card
train-09402,Why was I charged for getting cash?,cash_withdrawal_charge
train-06347,"Looks like my card payment was made twice by mistake. I went to pay at the store earlier which rejected once, second time it worked. App is on pending for one of the payments. Can you please remove one of them as it's wrong and clearly was declined?",transaction_charged_twice
train-06346,Transaction showing up many times.,transaction_charged_twice
train-02320,Do you limit my top-ups?,top_up_limits
train-06245,What do I do if the ATM took my card?,card_swallowed
train-02254,Is there a limit for the amount I can top up?,top_up_limits
train-02944,I have an American Express that I'd like to add money to my account with.,supported_cards_and_currencies
train-09355,"I was charged extra when I made a cash withdraw, why?",cash_withdrawal_charge
train-02293,Can I create my own top-up limit?,top_up_limits
train-04769,Someone else made a Direct Debit transaction on my account,direct_debit_payment_not_recognised
train-06787,My card payments have stopped.,reverted_card_payment?
train-06721,Money transfer help? How long?,transfer_timing
train-05951,My payment was declined,declined_card_payment
train-02484,Why did I only get $20 when I asked for $100?,wrong_amount_of_cash_received
train-02753,Why is it taking so long for a transfer to complete!,transfer_not_received_by_recipient
train-04257,"I attempted to top up using my card, but now the money just disappeared?",topping_up_by_card
train-01918,How much does it cost to do a transfer?,top_up_by_bank_transfer_charge
train-07967,Can I cash deposit to top up my account,top_up_by_cash_or_cheque
train-01847,How much does a transfer cost?,top_up_by_bank_transfer_charge
train-07533,Why wouldn't a transfer go through?,failed_transfer
train-01316,Can you tell me whats going on with my card it seems to be not working?,card_not_working
train-01634,How old do my kids need to be to open an account?,age_limit
train-07899,What should I do if I want to get another card for someone in my family?,getting_spare_card
train-07929,I need another card for a member of my family. Is this possible? How soon can I get one?,getting_spare_card
train-07233,I was informed that transfers were free. I noticed I have a fee but why?,transfer_fee_charged
train-06403,I am concerned that I am being doubled charged for several items purchased in the past week.  Please review my statement and correct.,transaction_charged_twice
train-04260,How do I to up by card?,topping_up_by_card
train-00597,My statement contained a one pound extra fee,extra_charge_on_statement
train-09659,Why isn't my google top-up pay working?,apple_pay_or_google_pay
train-02929,Please let me know what currency I can use to top up my account?,supported_cards_and_currencies
train-02080,I made a mistake this morning when I did a transfer. How do I reverse it?,cancel_transfer
train-07561,I've tried completing a very standard transfer and have already attempted it 5 times. What's going on here? Is there a problem with your system?,failed_transfer
train-04118,I want to apply for a Visa card.,visa_or_mastercard
train-05466,It has been forever ago that I made an order online. The product simply is not coming. Just give me back my money because I'm not paying these people.,request_refund
train-07444,Did  my transfer fail?,failed_transfer
train-05494,"Give me back my money, I'm not paying the sellers. It has been a long time ago that I made an order and it just isn't coming.",request_refund
train-09806,What do I need in regards to identification?,verify_my_identity
train-01616,What is the youngest age for an account?,age_limit
train-08904,Someone else used my card to withdraw cash from an ATM,cash_withdrawal_not_recognised
train-04644,Is it possible to dispute a debit payment from a couple of months ago.,direct_debit_payment_not_recognised
train-01932,I have a top-up that's still pending and wanted to know about it.,pending_top_up
train-00598,I checked my account today and saw that I was charged an extra pound that I did not spend.,extra_charge_on_statement
train-00216,"I have found my lost or stolen card, would I still have to activate the new card that was sent to me through the mail in order to access my account?",card_linking
train-07256,Why was I charged a random fee for a transfer I made?,transfer_fee_charged
train-04180,What type of card can I get?,visa_or_mastercard
train-03490,"There are a couple payments with my card shown in the app that i really didn't make myself. What's going on with this, does someone has access to my card?!",card_payment_not_recognised
train-06731,My payment was terminated,reverted_card_payment?
train-06768,I had a payment reverted and would like to figure out why.,reverted_card_payment?
train-01876,Am I charged if I make a top-up?,top_up_by_bank_transfer_charge
train-08129,How to receive the actual card,order_physical_card
train-03467,Why hasn't my account updated?,balance_not_updated_after_cheque_or_cash_deposit
train-04437,Is there a limit to using a disposable virtual card?,disposable_card_limits
train-07473,Can you tell my why my funds transfer did not work properly?,failed_transfer
train-09387,"I just saw a charge for a cash withdrawal that I made! ATM withdrawals have always been free in the past, so why is there suddenly a charge? What is it going to cost me now?",cash_withdrawal_charge
train-04025,Where can I locate my PIN at?,get_physical_card
train-02594,Explain the extra fee on my card when paying.,card_payment_fee_charged
train-01042,How long is delivery to the US?,card_delivery_estimate
train-02454,Why did I not get the amount I specified at the ATM?,wrong_amount_of_cash_received
train-08786,"I saw on the app that a cash withdrawal was completed on my account; however, I did not complete it.",cash_withdrawal_not_recognised
train-02959,What kinds of cards can I use to top up?,supported_cards_and_currencies
train-07162,"There is a fee for a transfer, please explain that to me.",transfer_fee_charged
train-02872,Am I able to add money into my account using my American Express?,supported_cards_and_currencies
train-06295,My card was eaten by the cash machine what do I do?,card_swallowed
train-04918,Can someone help with my passcode?,passcode_forgotten
train-04956,i tried to withdraw money but was told i didn't have funds,declined_cash_withdrawal
train-06586,What do I do to verify my source of funds?,verify_source_of_funds
train-06201,What do I do to close my account?,terminate_account
train-04415,I must make several disposable cards every day.,disposable_card_limits
train-04034,I am yet to receive my pin.,get_physical_card
train-03671,I need to change details about my personal account.,edit_personal_details
train-05615,I got a message that my transfer was declined.,declined_transfer
train-05427,I didn't enjoy my tutor session and want a refund back. How do I go about doing this?,request_refund
train-06680,How long does it take transfers from Europe to complete?,transfer_timing
train-02716,Where is my last money transaction,transfer_not_received_by_recipient
train-08863,I am confused why there is cash I did not accept in my account,cash_withdrawal_not_recognised
train-06306,A transaction shows duplicate times.,transaction_charged_twice
train-00389,How is the current exchange rate?,exchange_rate
train-06153,I want to shut down my account as soon as possible.,terminate_account
train-09333,What do I need to do in order to use my card I just got?,activate_my_card
train-09490,"Hello, I have noticed a problem on my recent withdrawal at the banks atm machine.  I made a transaction and upon receiving my funds from the machine, a fee was assessed to my withdrawal.  Are these types of transactions free of charge?",cash_withdrawal_charge
train-09564,"The expiration date on my card is very soon, and I need to get a new one.  What are the price and delivery options for my replacement card?",card_about_to_expire
train-03495,I do not recognize the card payment.,card_payment_not_recognised
train-03606,A random charge got added to my card,card_payment_not_recognised
train-03445,I am still awaiting the money I put into my account this morning.,balance_not_updated_after_cheque_or_cash_deposit
train-04756,"On my app I can see that a direct debit payment that I didn't do, appears.",direct_debit_payment_not_recognised
train-01621,Is there a limit for age?,age_limit
train-08752,Why is my transfer not showing,balance_not_updated_after_bank_transfer
train-08105,Can I get a card in person?,order_physical_card
train-08069,Can I order a card please?,order_physical_card
train-05691,I keep checking my statements but nothing shows up. I requested a refund a long time ago but seems it's not reaching my account for some reason. Would you please help me get the money back from the seller.,Refund_not_showing_up
train-05305,My phone has been lost or stolen,lost_or_stolen_phone
train-00832,Why would a cash withdrawal still be pending?,pending_cash_withdrawal
train-07530,Why was I not able to complete my transfer?,failed_transfer
train-09683,Does Google Pay offer a top up option?,apple_pay_or_google_pay
train-02486,How can I get my money that I didn't get from the ATM?,wrong_amount_of_cash_received
train-01993,How long will my top-up be pending?,pending_top_up
train-04739,I need to dispute a direct debit.,direct_debit_payment_not_recognised
train-03590,"One of my card payments, I don't recognise the name of the merchant.",card_payment_not_recognised
train-09126,how much do you charge to top up US cards?,top_up_by_card_charge
train-06381,I was charged more than once in a single transaction,transaction_charged_twice
train-05125,Why is my payment still pending?,pending_card_payment
train-06362,Why was I double charged?,transaction_charged_twice
train-07413,How can my friend pay me?,receiving_money
train-04499,What steps can I take if someone else is using my card?,compromised_card
train-09808,What forms of ID do you need for identity verification?,verify_my_identity
train-08909,There's a cash withdrawal on my account that I didn't make,cash_withdrawal_not_recognised
train-07263,Why was there an extra charge when I transferred money?,transfer_fee_charged
train-01521,Who can I speak with regarding a lost card?,lost_or_stolen_card
train-07229,"I transferred 7,000 to a receiver outside the EU and they received a lesser amount than what I sent, Unfortunately, now I must send an additional transfer to the receiver so that they can receive the full amount I initially sent.  I'm not sure why they received a lesser amount than what I initially sen, but can you please look into this and let me know what happened?",transfer_fee_charged
train-00530,I bought an item at the wrong exchange rate.,card_payment_wrong_exchange_rate
train-03093,Please tell me how I can get a virtual card.,getting_virtual_card
train-05067,My card wont work at an ATM,declined_cash_withdrawal
train-00227,I would like to link my card to my account.,card_linking
train-00087,Where is my card?,card_arrival
train-02413,I am so angry right now!  I went to the ATM and did not get the correct amount of money I chose to withdraw.  How could this happen?  I need my money and want to know how I can get it ASAP!,wrong_amount_of_cash_received
train-04834,I happened to forget my password,passcode_forgotten
train-01588,Is there an age limit for opening an account?,age_limit
train-05924,Could you explain why my card payment did not work?,declined_card_payment
train-00760,I noticed on my online statement that an ATM withdrawal I made early is still pending.  Is this accurate?,pending_cash_withdrawal
train-06758,I made a payment but the app cancelled it.,reverted_card_payment?
train-08646,Is there a longer processing time for international bank transfers?,balance_not_updated_after_bank_transfer
train-05456,I bought something online a week ago and i never got it in the mail.Can I just get my money back now I don't want to keep waiting on something that isn't going to show up.,request_refund
train-09657,Can I use my apple watch to top-up?,apple_pay_or_google_pay
train-08999,What do you charge for an exchange fee?,exchange_charge
train-08819,THere is some cash that is showing up on my app.,cash_withdrawal_not_recognised
train-04636,There is a direct debit payment that I did not make.,direct_debit_payment_not_recognised
train-06469,I was charged too many times for one transaction.,transaction_charged_twice
train-08680,Why hasn't my money transfer shown up yet?,balance_not_updated_after_bank_transfer
train-06560,where is this money from,verify_source_of_funds
train-04424,What are the rules for using disposable virtual cards?,disposable_card_limits
train-09940,I would like to get your card in EU. Is that possible?,country_support
train-01753,I accidentally put in the wrong pin too many times and now I need to unblock it. Can you assist with this?,pin_blocked
train-09242,My card is not able to be activated how do I get it to work?,activate_my_card
train-05996,Why is a transfer I have still pending?,pending_transfer
train-08571,"My card keeps getting declined when I try to use it.  I would like to top-up, but it is not going though.",top_up_failed
train-00734,My statement is showing I was Charged a dollar and I am not sure why.,extra_charge_on_statement
train-05355,I can't use the app.  My phone is lost at the hotel.,lost_or_stolen_phone
train-02640,Why was I charged an extra fee when using the card?,card_payment_fee_charged
train-05671,How can I find a way to transfer money without it being rejected?,declined_transfer
train-08975,how much do I have to pay for exchange of currency?,exchange_charge
train-08397,What is the process to create a disposable virtual card?,get_disposable_virtual_card
train-09038,Are currency exchanges free?,exchange_charge
train-08587,What was the issue with my topping up?,top_up_failed
train-04703,What do I do if there is a direct debit on my account that shouldn't be there?,direct_debit_payment_not_recognised
train-04555,Do I have to use a bank approved ATM to withdraw money?,atm_support
train-00685,"In my statement, there was an extra €1 fee",extra_charge_on_statement
train-05286,Can someone else use my account if they have my phone?  I lost mine.,lost_or_stolen_phone
train-08783,What is the amount of time transfers usually take from the UK? I had just completed a transfer and nothing seems to be showing up so I need to be sure things are alright.,balance_not_updated_after_bank_transfer
train-05268,Can you tell me what i steps i should take since my card was stolen?,lost_or_stolen_phone
train-03918,I'm unable to verify my identity,unable_to_verify_identity
train-06402,I have been charged twice on my statement.,transaction_charged_twice
train-03018,Which part of the app do I order virtual cards from?,getting_virtual_card
train-06615,Where is my money transfer?,transfer_timing
train-01485,My card is missing.  Please help.,lost_or_stolen_card
train-07011,I got a message that my transfer is not possible.  What is happening?  I need this to go through please.,beneficiary_not_allowed
train-03326,I made a cash deposit and the balance wasn't updated.,balance_not_updated_after_cheque_or_cash_deposit
train-02026,"I think something is wrong with your top up.  I've been waiting a little over an hour for this to go through, can you send it through for me?",pending_top_up
train-08636,How soon will my balance be updated to reflect my transfer?,balance_not_updated_after_bank_transfer
train-02192,"I have arranged a transfer, but no longer need to send it. How do I stop the transfer?",cancel_transfer
train-03351,I've deposited a check but the cash isn't showing that it's there yet.,balance_not_updated_after_cheque_or_cash_deposit
train-00061,I am still waiting for my card.,card_arrival
train-00588,Can you tell me what this fee is on my statement?,extra_charge_on_statement
train-00904,Are all fiat currencies supported?,fiat_currency_support
train-07614,I would like to transfer money from my checking account to my savings account.,transfer_into_account
train-06761,I believe my card payment were reverted,reverted_card_payment?
train-02296,How many top-ups can be approved?,top_up_limits
train-04351,What number of transactions can i do with one disposable card?,disposable_card_limits
train-09849,"For the identity check, do I need any kind of documentation?",verify_my_identity
train-05136,Why haven't I gotten my payment yet?,pending_card_payment
train-06250,My card got stuck in an ATM.,card_swallowed
train-06010,Tell me why my transfer is pending.,pending_transfer
train-02262,Whats the limit on my top up,top_up_limits
train-05155,I need to find out why my pending payment hasn't gone through.,pending_card_payment
train-04967,A withdraw I tried to make at the ATM was declined I don't know why.,declined_cash_withdrawal
train-02598,tell me why I was charged more with my card?,card_payment_fee_charged
train-07179,"I made a transfer and the receiver said an amount was received, but not exactly the same as the right amount. I now have to transfer more to get the remainder to the receiver. Can you alert me about this. What's been happening?",transfer_fee_charged
train-06829,I received a returned payment that I made.,reverted_card_payment?
train-02371,I tried taking out 30 pounds from the ATM just now and it only gave me 10. Why would it do that? I need the 30 pounds now!,wrong_amount_of_cash_received
train-03103,What businesses accept this card?,card_acceptance
train-05073,I could not get money from an ATM,declined_cash_withdrawal
train-05116,Is there a reason my payments are pending?,pending_card_payment
train-02904,Can I use American Express?,supported_cards_and_currencies
train-03424,How long should a cheque deposit take to show? My account hasn't updated and I want to make sure everything is okay.,balance_not_updated_after_cheque_or_cash_deposit
train-04694,"In my app, a direct debit payment that I didn't do shows up.",direct_debit_payment_not_recognised
train-00921,What types of fiduciary currencies are supported for tenure and exchange?,fiat_currency_support
train-06522,help me find where this money came from,verify_source_of_funds
train-04435,Can I do more than 10 transactions with a disposable card?,disposable_card_limits
train-09384,How much money can I withdraw before fees? I noticed a fee on my card but I didn't think I had hit the limit of how much I could withdraw in a month.,cash_withdrawal_charge
train-02176,I wish to cancel a transfer,cancel_transfer
train-08119,How can I order my card?,order_physical_card
train-02813,My cash transaction isn't showing on my receipt,transfer_not_received_by_recipient
train-08579,The top-up did not go through.,top_up_failed
train-09302,Help me activate my card.,activate_my_card
train-06572,Where can I find out where my funds came from?,verify_source_of_funds
train-03158,For what reason did my top-up get cancelled?,top_up_reverted
train-06399,Why am i being double charged for something?,transaction_charged_twice
train-02102,I did a transaction this morning and now I want to cancel it.,cancel_transfer
train-02844,"I have done a transfer within the country the day before yesterday, but it's still not there yet. Can you please check what's going on with that, the account number definitely is the right one, I've checked that several times already.",transfer_not_received_by_recipient
train-07665,I would like to move money from one account to another to top off my account. Can you explain how I can do that?,transfer_into_account
train-09135,Is there a fee for topping off a US card?,top_up_by_card_charge
train-00496,the exchange rate is wrong from something I got in another country,card_payment_wrong_exchange_rate
train-03343,I deposited a cheque but the cash hasn't arrived yet,balance_not_updated_after_cheque_or_cash_deposit
train-08620,Why is my balance the same after a transfer?,balance_not_updated_after_bank_transfer
train-09604,How do I go about ordering a new bank card?,card_about_to_expire
train-05966,My card payment has failed.,declined_card_payment
train-00021,What is the status of my card's delivery?,card_arrival
train-01725,I managed to drunken block my card :(( Help!,pin_blocked
train-03444,When will my deposit be processed?,balance_not_updated_after_cheque_or_cash_deposit
train-00835,"My cash withdrawal is showing as pending, why?",pending_cash_withdrawal
train-00858,Why is my withdrawal from the ATM still showing as pending?,pending_cash_withdrawal
train-04264,Can i top up by card?,topping_up_by_card
train-09372,"I am not supposed to be charged a cash withdrawal fee, but I was.",cash_withdrawal_charge
train-00646,What is this extra €1 fee about?,extra_charge_on_statement
train-03061,Where can I order my virtual card?,getting_virtual_card
train-05860,The payment for the card did not go through,declined_card_payment
train-09966,Can someone in the US have a card?,country_support
train-00411,my exchange rate looks wrong for my last payment,card_payment_wrong_exchange_rate
train-04450,What is the limits on the number of disposable cards I can have?,disposable_card_limits
train-06659,How long do European transfers take?,transfer_timing
train-01729,"My card got blocked, how do I reset?",pin_blocked
train-09176,What are the fees for using a European bank card?,top_up_by_card_charge
train-08248,Can i get money in my home currency at some ATM ? As I am on holiday and bit concerned because i do not have any cash with me . Is it possible to withdraw without any additional cost.,wrong_exchange_rate_for_cash_withdrawal
train-03899,I need help verifying my identity.,unable_to_verify_identity
train-03256,What if my top up is reverted?,top_up_reverted
train-09367,Why was i charged for making a withdrawal? After i went grocery shopping i withdrew some money from my account and now there is another charge.,cash_withdrawal_charge
train-00818,I'm concerned because my cash withdrawal is pending.,pending_cash_withdrawal
train-09433,Make me understand why I am charged an extra fee when I use the ATM.,cash_withdrawal_charge
train-09667,"In regards to top-ups, can I do them via Google Pay?",apple_pay_or_google_pay
train-05962,I keep trying to use my card to buy some things and you keep declining it. Why? I've tried multiple times to make it go through but it won't.,declined_card_payment
train-01936,"Sort your top up out please! It's been pending since an hour already, can you please make this go through asap I really need the money",pending_top_up
train-04243,Can my friends top up my account?,topping_up_by_card
train-06164,i'm not satisfied with the services and no longer want to be a customer,terminate_account
train-07220,I was under the impression that transfers were going to be free and here I was charged for something I bought overseas!  I don't think this fee is right,transfer_fee_charged
train-02708,why hasn't a transaction to a friend cleared yet?,transfer_not_received_by_recipient
train-08705,I am wondering if International Transfers take longer. I a made a transfer from France two days ago and believed it would be here already. Please let me know when I will get it!,balance_not_updated_after_bank_transfer
train-03289,"My money has gone missing. I had recently added money in, and saw it was there and went through. Now it's missing. What is happening?",top_up_reverted
train-04261,How do I add money to my card?,topping_up_by_card
train-00817,How long will it take for my cash withdrawal to stop pending,pending_cash_withdrawal
train-08194,I can't do any business with this virtual card.,virtual_card_not_working
train-02368,It kept my cash,wrong_amount_of_cash_received
train-05846,What are the reasons why a card payment would be declined?,declined_card_payment
train-07656,"I want to top up by transfering accounts, What do I do?",transfer_into_account
train-09023,What is the rate for exchange fees?,exchange_charge
train-00152,My card never arrived.,card_arrival
train-08292,My rate is not right when I used my card in a different country's money.,wrong_exchange_rate_for_cash_withdrawal
train-00356,What will my exchange rate be?,exchange_rate
train-06812,Why did my payment not go through why did it cancel?,reverted_card_payment?
train-04080,do i need to wait for my card before i get pin,get_physical_card
train-08402,What can I do with a disposable virtual card?,get_disposable_virtual_card
train-09986,I am not in the UK can i get a card?,country_support
train-06785,I just found out from the seller that my money didn't go through. I checked my account and it was deducted at first but now it's back in my account. Can you  please fix this for me quickly?,reverted_card_payment?
train-00603,Why is there an extra pound charge that is pending?,extra_charge_on_statement
train-06038,My money transfer hasn't appeared yet.,pending_transfer
train-02831,"I performed a transfer within the country the day before yesterday, but it has not gone through? Can you check on that? The account number is definitely correct, as I've checked.",transfer_not_received_by_recipient
train-05856,"Apparently, I went out today to use my new card and was informed my payment was decline. This is really embarrassing, what happen?",declined_card_payment
train-04792,There is a payment I don't recognise!,direct_debit_payment_not_recognised
train-00879,why isnt my cash withdrawal showing,pending_cash_withdrawal
train-09151,Will you charge an extra fee for top ups?,top_up_by_card_charge
train-01177,Is auto top up a provided service?,automatic_top_up
train-00162,How do I make my card show up in the app?,card_linking
train-06973,Changing my PIN,change_pin
train-03681,I would like to change my address.,edit_personal_details
train-08543,Why are you keeping my money from me by declining my card? What is going on?,top_up_failed
train-04236,i can not see my top up,topping_up_by_card
train-03507,I have a charge for something I didn't buy.,card_payment_not_recognised
train-02018,I have been waiting for my top-up to complete and it still hasn't gone through.,pending_top_up
train-00279,I received my new card.  Where is it in the app?,card_linking
train-01435,Does this app exchange currencies?,exchange_via_app
train-00747,My account shows up as pending after I received cash from the ATM earlier.  How can this be still pending? I've got the cash already.,pending_cash_withdrawal
train-01186,"What are my options for topping up, automatic and/or manual?",automatic_top_up
train-07481,I attemped a transfer and it didn't go through.,failed_transfer
train-00758,Why is my cash withdrawal still pending?,pending_cash_withdrawal
train-00787,Can you explain to me why a cash withdrawal shows up as pending?,pending_cash_withdrawal
train-03324,"I can't figure out why I haven't gotten my cash, when I already put the check in the bank.",balance_not_updated_after_cheque_or_cash_deposit
train-06859,How can I tell if my card payment is reverted?,reverted_card_payment?
train-04691,My statement shows a strange direct debit.,direct_debit_payment_not_recognised
train-01271,My card was declined at a restaurant today and I don't know what the problem is.,card_not_working
train-01196,How do i access the auto top-up option?,automatic_top_up
train-02324,what are limits to top up,top_up_limits
train-02028,I tried topping up for the first time today since I am a new customer. It doesn't appear that it's working. It has been pending for at least half an hour. Please take care of this.,pending_top_up
train-04410,how many transactions can go on a disposable card?,disposable_card_limits
train-04536,What should I do if I think that someone might be using me card?,compromised_card
train-00412,The exchange rate you are using is bad.This can't be the official interbank exchange rate.,card_payment_wrong_exchange_rate
train-01479,How do I replace a stolen card?,lost_or_stolen_card
train-03709,"Change of location, need to change details",edit_personal_details
train-01912,Can third party fees affect a transfer?,top_up_by_bank_transfer_charge
train-02767,I set up a payment to a new payee and sent some money but the person I'm sending it to has not received it.  Can you check where the money is?,transfer_not_received_by_recipient
train-07943,Is there anyway to use a cheque to top up?,top_up_by_cash_or_cheque
train-07457,Can you explain why my transfer was unsuccessful?,failed_transfer
train-05451,I bought something and want the money refunded can I get some help with that?,request_refund
train-09688,I want to top up my account. Can I do it with Google Pay?,apple_pay_or_google_pay
train-04382,Am I limited on the amount of disposable cards I can possess?,disposable_card_limits
train-06632,How long until the transfer is reflected on my account balance?,transfer_timing
train-03446,Why am I still not able to see the money I deposited a week ago? This is urgent!!,balance_not_updated_after_cheque_or_cash_deposit
train-08766,"I did a transfer to my account, but it hasn't shown up",balance_not_updated_after_bank_transfer
train-00608,Why have I been charged an extra pound?,extra_charge_on_statement
train-06947,Are there cash machines where I can change my PIN?,change_pin
train-08092,Help me order my card.,order_physical_card
train-00149,My card hasn't arrived yet. What do I do?,card_arrival
train-06325,How do I get my money back for a duplicated charge?,transaction_charged_twice
train-02239,Would I be able to top up as much as I can?,top_up_limits
train-02062,What is wrong with my top-up?,pending_top_up
train-04541,My card data has been exposed.,compromised_card
train-04785,"I have not used my card all day, however, there is an unusual payment showing in my app.  I would like to have that amount reimbursed.",direct_debit_payment_not_recognised
train-02357,I was only given $20 after trying to withdraw $100,wrong_amount_of_cash_received
train-09220,I tried activating my card and it doesn't work how do I solve this problem?,activate_my_card
train-09362,Why did using an ATM cause me to have an extra fee charged?,cash_withdrawal_charge
train-08315,I tried withdrawing money in another country and the exchange rate was wrong.,wrong_exchange_rate_for_cash_withdrawal
train-08116,Card delivery services? Where?,order_physical_card
train-04969,Why can't I take money from my account?,declined_cash_withdrawal
train-01167,"I'm going to travel, can I have it add money automatically in certain intervals?",automatic_top_up
train-02228,I need to cancel my recent transfer. I made a mistake. Please help quickly before the transfer goes through.,cancel_transfer
train-07298,Hey there's a fee for a transfer on my account.  Why?!,transfer_fee_charged
train-01463,How do I start an exchange between GBP and AUD?,exchange_via_app
train-07804,Are extra charges added for sending out additional cards?,getting_spare_card
train-06953,Your ATM pin can be changed at any VISA or MasterCard ATM with PIN services. Certain countries don't support ATM pin changes.,change_pin
train-02775,my friend has not got the money I sent last week.,transfer_not_received_by_recipient
train-05501,I need to cancel a payment. Something i purchased a while ago still has not arrived and i'm not going to pay them if they won't send me what I purchased.,request_refund
train-05190,How long does it actually take my card payment to make it to the account? I've made a payment a couple of days ago but it hasn't moved since.,pending_card_payment
train-02629,I paid with card and I was charged a fee,card_payment_fee_charged
train-03361,Where is my cash deposit in my balance?,balance_not_updated_after_cheque_or_cash_deposit
train-01499,I think my card is stolen!,lost_or_stolen_card
train-01767,"I am blocked now because I entered the wrong pin, need help.",pin_blocked
train-03427,"My friend deposited $100 into my account, but it is not showing up!",balance_not_updated_after_cheque_or_cash_deposit
train-09987,Which countries do you currently support?,country_support
train-07167,I shouldn't be charged any fee for transferring .,transfer_fee_charged
train-04463,I just got an email in confirming my purchase with my card. I login to the mobile app on the card and found out there are several purchase were made without me aware of it. Evidently someone had stole my card information and made these fraudulent purchase. I need the transaction to be reverse and have my card suspended.,compromised_card
train-08242,what are the exchange rates for getting cash,wrong_exchange_rate_for_cash_withdrawal
train-09712,Can apple pay handle top up exchanges?,apple_pay_or_google_pay
train-03076,"I have lost my card, but need to place an online order! How do I get a virtual card instantly?",getting_virtual_card
train-08633,I just made a transfer from France 2 days ago. It has not yet reached my bank. Is it possible it takes longer because it was an international transfer?,balance_not_updated_after_bank_transfer
train-02448,"I got some cash at an ATM earlier, but now app is showing that I withdrew more than I did.  Help!",wrong_amount_of_cash_received
train-08971,Is there a pay structure for currency exchanges?,exchange_charge
train-09095,Will I be charged a fee to top up using a debit or credit card?,top_up_by_card_charge
train-03987,I'm having difficulty verifying my identity.,unable_to_verify_identity
train-02050,Can you look into why my most recent top-up is showing as pending? I thought it was supposed to be instantaneous.,pending_top_up
train-07479,Is there a reason my transfer failed?,failed_transfer
train-07144,Why cant I send money to a beneficiary?,beneficiary_not_allowed
train-04627,How do I know it is a Mastercard ATM?,atm_support
train-07594,How does it work when I transfer money into my account?,transfer_into_account
train-07289,"After reviewing my charges, I see I was charged a fee for a transfer I did, why?",transfer_fee_charged
train-04171,Does it matter which card I use,visa_or_mastercard
train-08464,What are the benefits of a disposable card?,get_disposable_virtual_card
train-09221,Can I activate my card with the app?,activate_my_card
train-02007,i have a pending top-up,pending_top_up
train-08629,I made a transfer from France two days ago now but there hasn't made it there yet. Do international transfers take longer?,balance_not_updated_after_bank_transfer
train-06299,The ATM ate my card; how do I get a new one?,card_swallowed
train-02513,Why am I being a charged for using my card?,card_payment_fee_charged
train-06742,I made a payment with my card that was cancelled?,reverted_card_payment?
train-03350,I need my account checked because it appears there is a problem. I attempted to update my balance yesterday using cheque but it doesn't seem to have worked.  Should this not be faster than this?,balance_not_updated_after_cheque_or_cash_deposit
train-08035,Can I top up my balance with a cheque?,top_up_by_cash_or_cheque
train-02128,"who do I talk to, to cancel a transfer?",cancel_transfer
train-06257,The ATM stole my card!,card_swallowed
train-07223,Are money transfers free?,transfer_fee_charged
train-02576,Can you explain why I am now getting charged a fee for using my card?,card_payment_fee_charged
train-04686,Can you help me figure out what is going on with a debit payment that is showing up on my account I am not sure is suppose to be there.,direct_debit_payment_not_recognised
train-08765,How long does it take for money to reach my account?,balance_not_updated_after_bank_transfer
train-07460,My transfer failed to process correctly. Is there a reason this would happen?,failed_transfer
train-03459,I made a cash deposit to my account but i don't see it,balance_not_updated_after_cheque_or_cash_deposit
train-02149,I just realised I made the wrong payment yesterday. Can you please change it to the right account? It's my rent payment and really really needs to be in the right account by tomorrow,cancel_transfer
train-05308,My phone has been stolen.  How can I make sure no one uses my account from it?,lost_or_stolen_phone
train-05832,"I made a big purchase that I regretted and cancelled, the merchant said that my refund was submitted. Can you confirm to me that all of my money was truly returned to me?",Refund_not_showing_up
train-09583,want a new card what are the fees,card_about_to_expire
train-00276,Can I link your physical card,card_linking
train-01719,My account is locked because I used the wrong pin too many times.  Please help.p,pin_blocked
train-05742,No refund showing in my statement.,Refund_not_showing_up
train-08660,I am still waiting for a transfer I did,balance_not_updated_after_bank_transfer
train-07116,The app won't let me transfer money to a beneficiary,beneficiary_not_allowed
train-06233,Please delete my account and personal information.,terminate_account
train-07741,Where is my top-up verification code?,verify_top_up
train-04334,How do I use my card to top up?,topping_up_by_card
train-01153,Can I set up to my account to automatically top up?,automatic_top_up
train-04421,How many payments can I make using a virtual card?,disposable_card_limits
train-05799,I am missing my refund.,Refund_not_showing_up
train-06508,Who is giving me my money?,verify_source_of_funds
train-08112,Where can I get a physical card?,order_physical_card
train-09098,Do you charge extra for topping up with a debit or credit card?,top_up_by_card_charge
train-06824,I see a reverted payment on my account. Why has this happened?,reverted_card_payment?
train-08390,Please tell me how disposable virtual cards work?,get_disposable_virtual_card
train-00053,why hasnt my card come in yet?,card_arrival
train-09016,I have foreign currency i would like to change how much will it cost me?,exchange_charge
train-02480,ATM only gave me $20 instead of $100,wrong_amount_of_cash_received
train-05311,How do I protect my phone from someone using it after I lost it.,lost_or_stolen_phone
train-00548,My payment had a wrong exchange rate.,card_payment_wrong_exchange_rate
train-07961,How do I top up by cheque?,top_up_by_cash_or_cheque
train-04770,How can I dispute a direct debit charge on my account?,direct_debit_payment_not_recognised
train-04608,Can this card be used at all ATMs?,atm_support
train-06342,I think I got charged twice for the same thing,transaction_charged_twice
train-08281,I wasn't applied the correct exchange rate when getting cash,wrong_exchange_rate_for_cash_withdrawal
train-03059,How do I go about getting a virtual card?,getting_virtual_card
train-09383,"Hello, I wanted to get some more information about ATM Withdraw Fee. I have been withdrawing money for years and notice this charge on my account. I always thought it was no fee since its you guys ATM company that I am withdrawing. Can you please explain?",cash_withdrawal_charge
train-07882,Do you charge extra for duplicate cards?,getting_spare_card
train-00263,How do I get my card into the app?,card_linking
train-03610,I have just read my statement and there is a payment I don't recognise.,card_payment_not_recognised
train-07139,"Hi,  Is there any problem with app? As i am facing some issues with the exchange of crypto currency. I am extremely interested in buying.",beneficiary_not_allowed
train-04002,Where is my card PIN?,get_physical_card
train-06151,How do I shut down my account and get out of this company?,terminate_account
train-06730,How come the money from the merchant appeared back into my account?,reverted_card_payment?
train-09948,I live in the EU.  Can I order one of your cards?,country_support
train-09428,Is there a charge for cash withdrawals? I always thought it was free.,cash_withdrawal_charge
train-02292,Is there a topping up limit?,top_up_limits
train-02159,I need urgent help. I realize I sent my payment to the wrong account number. I made a typo. Please cancel the transfer now. There isn't an option from the app.,cancel_transfer
train-02249,Tell me if there is a limit to top-up.,top_up_limits
train-00712,I  see an extra 1£ charge on my app. Why did It charge me extra?,extra_charge_on_statement
train-09527,My card is about to expire.  How do I get a new card?,card_about_to_expire
train-08066,Please tell me how I can receive a physical card,order_physical_card
train-08983,Do you charge extra for exchanging currencies?,exchange_charge
train-06736,Why would my payment have been returned to my account?,reverted_card_payment?
train-03257,I need to know what's going on. I was under the impression you offered cryto top up which doesn't seem to be working and money has just vanished from my account.,top_up_reverted
train-02330,What's the top-up limit?,top_up_limits
train-00342,How are your exchange rates calculated?,exchange_rate
train-07503,"After I attempted a transfer, it failed.",failed_transfer
train-00274,Where in the app do I link a new card?,card_linking
train-07384,Can I transfer money using a different currency?,receiving_money
train-09218,Please assist me in activating the card.,activate_my_card
train-04850,I can't find my code,passcode_forgotten
train-00434,I bought an item and the exchange rate was wrong.,card_payment_wrong_exchange_rate
train-08506,I need to top-up my card today urgently but my card keeps getting declined!! Can you please resolve this problem or let me know if you have any alternatives,top_up_failed
train-06711,How long does it take for a transfer to reach my account?,transfer_timing
train-01508,What can I do if I lost my card?,lost_or_stolen_card
train-04760,People are using my debit card - help!,direct_debit_payment_not_recognised
train-03082,I need my virtual card,getting_virtual_card
train-03981,"The app isn't letting me log in, but my info is correct.",unable_to_verify_identity
train-09501,Why was there an extra charge with the withdrawal of my money?,cash_withdrawal_charge
train-06849,I notice that I have a card payment that's been cancelled.,reverted_card_payment?
train-00292,What is my money worth in other countries?,exchange_rate
train-01232,Will the system automatically update once there is no more money left?,automatic_top_up
train-08209,I got less cash because of the exchange rate.,wrong_exchange_rate_for_cash_withdrawal
train-08945,Are there any hidden extra fees for currency exchanges?,exchange_charge
train-05106,"I put in a payment a while ago and it has still not cleared and is showing up as ""pending"", how long does it take to clear?",pending_card_payment
train-01697,I tried entering my pin several times incorrectly. Why isn't my pin working?,pin_blocked
train-00458,The currency exchange rate was wrong for a purchase I made.,card_payment_wrong_exchange_rate
train-08018,Where would I find top up by cash deposit?,top_up_by_cash_or_cheque
train-06265,What should I do since my card is trapped in the ATM?,card_swallowed
train-04111,Is it possible to get a Visa and Mastercard from you?,visa_or_mastercard
train-08310,"While abroad I got cash, and a wrong exchange rate was applied.",wrong_exchange_rate_for_cash_withdrawal
train-08679,Can you check if my money has reached my account since it is not showing up yet?,balance_not_updated_after_bank_transfer
train-09970,What are your supported countries?,country_support
train-05495,"I ordered something, and now I have buyer's remorse. Since what I ordered hasn't come yet, can you just cancel the payment since I already know I want a refund for it?",request_refund
train-01135,Do I need to set a limit on auto top-up?,automatic_top_up
train-01224,how can i get it to add money automatically while travelling,automatic_top_up
train-01828,Am I going to see a charge for a SEPA transfer?,top_up_by_bank_transfer_charge
train-06014,Why is it taking so long for my pending transaction to post as cleared?,pending_transfer
train-01091,i need to add express delivery if that's an option,card_delivery_estimate
train-03691,I want to change my account details.,edit_personal_details
train-06650,I need to transfer something to China. It is urgent. How many days will it take to get there?,transfer_timing
train-07591,How can I move money from my account at a different bank to the account I have at this bank.,transfer_into_account
train-09939,Can I get a card? I live in the US.,country_support
train-04722,I see a direct debit transaction in my app that I didn't make.,direct_debit_payment_not_recognised
train-09423,Is there a fee for a cash withdrawal?,cash_withdrawal_charge
train-09952,How many countries do you work in?,country_support
train-04420,How many transactions can I do with a disposable card?,disposable_card_limits
train-02353,The amount of cash I received did not match the amount I requested,wrong_amount_of_cash_received
train-03654,I would like to change my adress,edit_personal_details
train-09497,Why am I charged whenever I withdraw cash?,cash_withdrawal_charge
train-00209,How do I add the card I just received to show up in the app?,card_linking
train-02179,"Hey i need help urgently. I just realised I sent my payment to the wrong account number, there is a typo! Please cancel it immediately, I can't do it anymore from the app",cancel_transfer
train-00148,I haven't gotten my credit card in the mail.,card_arrival
train-07286,A receiver made me aware that they did not receive the full transfer that I made. The amount was showing to be a bit less. I now have to make a second transfer just to make up the difference. Can you reach out and let me know what's going on?,transfer_fee_charged
train-07941,where can i deposit a check,top_up_by_cash_or_cheque
train-09164,Are there fees for adding money with an International card?,top_up_by_card_charge
train-08800,I just lost my wallet and I think someone is using my card to withdraw my money. Can you please cancel or freeze my card?!!,cash_withdrawal_not_recognised
train-04625,Where can I find an ATM?,atm_support
train-01958,My top up did not complete.,pending_top_up
train-07913,What is the charge for sending out more cards?,getting_spare_card
train-06261,How do I get my card back quickly from a bank machine that it?,card_swallowed
train-04591,Can I use my card in another institutions ATM?,atm_support
train-06672,How long will it take for the money to reach my account?,transfer_timing
train-07467,Why won't my transfer go through?,failed_transfer
train-04326,How does someone else top up my account,topping_up_by_card
train-08031,How do I add cash to my account?,top_up_by_cash_or_cheque
train-06757,"I would like to make a purchase, however my card has been declined. I would like to ask the reason for this. The past two weeks, the card has been working fine.",reverted_card_payment?
train-08251,"Hello,  In my most recent ATM transaction, I didn't receive nearly as much cash as I thought I would - what is your exchange rate policy?",wrong_exchange_rate_for_cash_withdrawal
train-05558,Why did you decline my transfer?,declined_transfer
train-02198,I made a transaction this morning but I need to revert it now.,cancel_transfer
train-01373,Can turn my money into another currency?,exchange_via_app
train-02596,I have a fee and I don't know why,card_payment_fee_charged
train-01400,Can I convert currency with the app?,exchange_via_app
train-03875,Why do you need to verify my identity?,why_verify_identity
train-00352,How's the exchange rate looking right now?,exchange_rate
train-00281,"I just received a new card, where do I go to link it to my account?",card_linking
train-01556,Could you assist me in finding my lost card?,lost_or_stolen_card
train-07408,What methods are available for my friend to send me money?,receiving_money
train-03364,How long does it take for a cheque to post to your account?,balance_not_updated_after_cheque_or_cash_deposit
train-00804,When will my cash withdrawal show/,pending_cash_withdrawal
train-09547,How do I order a new card when my old one is ready to expire?,card_about_to_expire
train-03642,I have a charge I did not make.,card_payment_not_recognised
train-01470,Can this app exchange American and English currency?,exchange_via_app
train-08022,Do you accept cash?,top_up_by_cash_or_cheque
train-07361,Can i receive transfers from my employer this way?,receiving_money
train-07616,What transfer methods do you accept?,transfer_into_account
train-04797,I do not recognize a direct debit payment that I see on my app,direct_debit_payment_not_recognised
train-04601,Is there a Mastercard ATM nearby?,atm_support
train-01086,How will I get my card?,card_delivery_estimate
train-01787,I'm confused. My contactless is suddenly not working anywhere that I try to use it. How do I fix it?,contactless_not_working
train-08494,I got my card a few days ago but am unable to top up. I'm thinking about closing my account because of this. What is going on?,top_up_failed
train-07485,"Why can't I transfer my money into someone else's account? I should be able to do so right? Why does it keep rejecting my transfer? There's no reason, all my info is correct and the money is there.",failed_transfer
train-06634,When can I use money sent to my account?,transfer_timing
train-07676,where do i go to transfer money from one account to this one,transfer_into_account
train-00783,What does pending mean on a cash withdrawal?,pending_cash_withdrawal
train-08870,"There are incorrect charges on my account, there was a WD that was made by someone else.  I still have my card though.",cash_withdrawal_not_recognised
train-06116,How much longer do I have to wait until my transaction is complete? I transferred money to another country many hours ago and the transaction is still pending.,pending_transfer
train-02683,Hello! I randomly got charged an extra fee today as i was shopping online and i have no idea why! Are there extra fees for card payments? Or am i missing something here?,card_payment_fee_charged
train-06537,Where can I see where my funds came from?,verify_source_of_funds
train-01658,My daughter needs an acount.,age_limit
train-07789,What can I do to verify my card?,verify_top_up
train-09155,Is there a charge for top-ups?,top_up_by_card_charge
train-00405,"Hi, I am disappointed to see such a bad exchange rate and hope you can assist me. Would you be able to confirm the official interbank exchange rate for me?",card_payment_wrong_exchange_rate
train-01136,can you top up your account automatically,automatic_top_up
train-09538,How do I get a new card sent to China?,card_about_to_expire
train-03693,Need to report a change of address.,edit_personal_details
train-05785,I contacted the seller for a direct refund last week but he still hasn't give me my money. What should I do?,Refund_not_showing_up
train-07593,Where can I find out how to transfer money into my account.,transfer_into_account
train-00049,How can I check on the status of my new card?,card_arrival
train-02913,"I am adding money, what currencies do you accept to do this?",supported_cards_and_currencies
train-09013,Do you offer a discount for those who perform frequent currency exchanges?,exchange_charge
train-03506,I'm checking the app and I see a payment that's not mine.,card_payment_not_recognised
train-06584,Where can I check to see where the money in my account came from?,verify_source_of_funds
train-09614,My card is due to expire soon.,card_about_to_expire
train-02724,I sent a payment but it isn't showing up in the app,transfer_not_received_by_recipient
train-03409,"My mother deposited a cheque into my account last week, why is it still not showing up?",balance_not_updated_after_cheque_or_cash_deposit
train-04597,need to know places i can withdraw money,atm_support
train-01198,"If my funds are running low, will the app top up automatically?",automatic_top_up
train-01235,auto-top up option can be found where?,automatic_top_up
train-09678,Can I use Apple Pay to top-up?,apple_pay_or_google_pay
train-04445,Is there a limit on disposable cards?,disposable_card_limits
train-00472,Does the fee for exchange change?,card_payment_wrong_exchange_rate
train-08324,When I received my cash; they had my exchange rate incorrect.,wrong_exchange_rate_for_cash_withdrawal
train-04268,Why was my card charged when topping off my balance but it's not showing up in my wallet balance?,topping_up_by_card
train-04451,what is the amount of disposable cards I can have?,disposable_card_limits
train-06735,The app reverted the payment I made.,reverted_card_payment?
train-08572,"I just topped up, and the app denied it.",top_up_failed
train-04088,Is my PIN the same thing as my passcode?,get_physical_card
train-08658,"For you, how long do transfers normally take from a UK account? I completed one just now but nothing appears. I just need to be sure everything is okay.",balance_not_updated_after_bank_transfer
train-09720,Can I use American express with apple pay? Why does it make my top up not work?,apple_pay_or_google_pay
train-03529,"Hello, i just checked my statement and there seems to be a payment from my card that I have never seen before.",card_payment_not_recognised
train-06946,"I think someone saw my PIN and I am on vacation in Spain, can I change it locally at an ATM?",change_pin
train-03622,There's a card payment with a name I don't recognize,card_payment_not_recognised
train-00546,The exchange rate is incorrect on an item I recently purchased in a foreign country.,card_payment_wrong_exchange_rate
train-04038,How do I request the PIN?,get_physical_card
train-00449,You did not give me the correct exchange rate for an item that I bought.,card_payment_wrong_exchange_rate
train-04027,I do not have my pin yet,get_physical_card
train-07157,I am having trouble transferring money to a beneficiery.,beneficiary_not_allowed
train-02858,Why isn't the transfer I made to a friend showing?,transfer_not_received_by_recipient
train-06272,Why did the ATM eat my card?,card_swallowed
train-02041,I added money to the card but the transaction didn't go through,pending_top_up
train-08714,My transfer to my account is missing.,balance_not_updated_after_bank_transfer
train-03052,How long will it take to receive a virtual card?,getting_virtual_card
train-04786,I don't know what this Direct Debit payment on my account is for.,direct_debit_payment_not_recognised
train-01399,Is exchanging currencies one of your app services?,exchange_via_app
train-07973,Can I use a cheque to top up my account,top_up_by_cash_or_cheque
train-06011,How long will my transfer be pending for?,pending_transfer
train-07596,How can I add money to my account from another account I have?,transfer_into_account
train-06631,what is the average wait for transfers,transfer_timing
train-04747,There was a strange transaction made on my account a couple weeks ago by a seller I don't recognize. May you please check on this transaction for me.,direct_debit_payment_not_recognised
train-04571,Where are the ATMs that accept this card?,atm_support
train-09800,What is the identity verification process?,verify_my_identity
train-09223,What is the process to activate a card,activate_my_card
train-08169,Why won't my virtual card work?,virtual_card_not_working
train-07047,Why can't a beneficiary receive a money transfer from me?,beneficiary_not_allowed
train-05730,"I received a refund, however I cannot see it in my account",Refund_not_showing_up
train-03466,What is going on with my cash deposit. I'm looking at my account balance and it is not there. It has been almost a week. Someone better get back to me asap.,balance_not_updated_after_cheque_or_cash_deposit
train-03019,Where do I have access to a virtual card?,getting_virtual_card
train-01121,I can't find the auto-top up option.,automatic_top_up
train-01703,What is the process for unlocking the pin?,pin_blocked
train-01469,what currencies can i exchange between on your app?,exchange_via_app
train-05250,How long will my payment be pending?,pending_card_payment
train-05263,I need help- I got mugged yesterday and they took everything so I can't use the app.,lost_or_stolen_phone
train-08151,Where are cards available to order?,order_physical_card
train-06867,"I cannot seem to buy something online with my card? the payment comes back, what's going on?",reverted_card_payment?
train-05160,When will the transaction go through?,pending_card_payment
train-00255,can I link a card of yours I already have?,card_linking
train-05262,my phone was lost,lost_or_stolen_phone
train-01251,I cannot seem to use my card.,card_not_working
train-02111,I've made a horrible mistake!  I transferred money to the wrong account by accident!  I entered one of the digits wrong.  I need this cancelled immediately please.,cancel_transfer
train-04372,Could you tell me about the restrictions that are on the disposable cards?,disposable_card_limits
train-00617,Why did you charge me extra?,extra_charge_on_statement
train-08958,What's the exchange fee?,exchange_charge
train-02851,"I just transferred my friend money, but she hasn't received it yet, and it's been a few hours. Can you tell me when to expect it to go through?",transfer_not_received_by_recipient
train-05465,I did not get the item I ordered.  How should I go about this?  Should I just cancel my order or my payment?  Please help me.,request_refund
train-06021,How long is the wait for a money transfer to show up?,pending_transfer
train-06507,Where can I see where funds came from?,verify_source_of_funds
train-01270,"My Netflix subscription says that there is an issue with my card information, but I thought everything was fine. Why would it be declined?",card_not_working
train-01514,Help!  My card is stolen.,lost_or_stolen_card
train-05057,"I tried to withdraw cash, but got declined!",declined_cash_withdrawal
train-03287,"Do you not accept crypto transfers from certain places? Because when I tried to do a top up the money just disappeared. Im not sure what to do or what I'm doing wrong, please help.",top_up_reverted
train-04586,What ATMs use this card?,atm_support
train-01081,When are cards shipped?,card_delivery_estimate
train-07582,How do I use bank transfer to top up my account?,transfer_into_account
train-00247,How do I link a new payment card?,card_linking
train-02559,"Why, when paying with the card, was I charged an extra fee?",card_payment_fee_charged
train-04518,What do I do if I think someone has used my card?,compromised_card
train-03025,Where's my virtual card,getting_virtual_card
train-05757,Why is the refund not on my statement?,Refund_not_showing_up
train-04693,"I just noticed that I supposedly made a payment to a seller a while back. The problem is, I don't recognize the seller. There must be a way to see who it is or track the payment. Can you do that, because I don't remember this transaction?",direct_debit_payment_not_recognised
train-02573,"Hi, I am new to this. Are there any additional fees or charges that I should be aware of? I was looking through the app and I thought I saw something in regards to fee-free allowances.",card_payment_fee_charged
train-09246,how long should i wait ti activate my card,activate_my_card
train-02581,"When using my card I was charged a fee for doing so, why?",card_payment_fee_charged
train-08253,You've incorrectly calculated the exchange rate for my cash withdrawal,wrong_exchange_rate_for_cash_withdrawal
train-01758,"Would you please unblock my pin? I don't know why, but it's blocked.",pin_blocked
train-04902,I need to reset my passcode. Where do I go to do that?,passcode_forgotten
train-05041,I couldn't get money from the ATM,declined_cash_withdrawal
train-09401,Tell me why there is a charge on my cash withdrawl.,cash_withdrawal_charge
train-09506,Why did withdrawing money cost me extra?,cash_withdrawal_charge
train-05604,I am unable to transfer money. I believe it is not working because it states it was declined.,declined_transfer
train-07534,Can you please tell me why my transfer failed?,failed_transfer
train-06870,A seller is stating that they haven't received money yet when the money has already deducted from my account.,reverted_card_payment?
train-09498,Why did you charge me extra when I withdrew cash?,cash_withdrawal_charge
train-09078,"I need to top up, but I have to use an international card.  Is there a cost for that?",top_up_by_card_charge
train-03125,Is there a list of where I can use my card?,card_acceptance
train-01674,"After inputting the wrong pin too many times, can you now help me unblock my pin?",pin_blocked
train-09582,"My card expires soon, will you send me one automatically?",card_about_to_expire
train-09889,From what countries can I use an account?,country_support
train-02051,I just made a top-up but it shows as pending! I use your service all the time and have never had a problem before. Why does it keep showing up as pending?,pending_top_up
train-03397,"After I deposited my cash, I still don't see it in my account.",balance_not_updated_after_cheque_or_cash_deposit
train-02387,Why did I get less from the ATM?,wrong_amount_of_cash_received
train-07119,"I was trying to make a transfer and got an error message telling me it was not possible to make the transfer. This has never happened before, what happened?",beneficiary_not_allowed
train-05001,Why was my cash withdrawal declined by the ATM?,declined_cash_withdrawal
train-02565,What is this fee for card payment?,card_payment_fee_charged
train-01343,Please help me!  My physical card isn't working right.,card_not_working
train-06678,What is the estimated wait time on a US transfer into my account?,transfer_timing
train-08372,How do I get a disposable virtual card as well?,get_disposable_virtual_card
train-02114,I want to cancel the transaction I made earlier,cancel_transfer
train-03923,It won't let me verify my identity.,unable_to_verify_identity
train-05458,I think I deserve a refunded on a certain item.,request_refund
train-05907,A shop I go to didn't let me pay.,declined_card_payment
train-05040,I was declined when I tried to withdraw cash!,declined_cash_withdrawal
train-00353,Please explain the exchange rates.,exchange_rate
train-05405,Please could you give me a refund,request_refund
train-07711,Do I need to verify my top-up?,verify_top_up
train-02200,I recently made a transfer but I need to cancel it as soon as possible.  Please let me know when this happens.,cancel_transfer
train-02471,I wanted $100 but only got $20,wrong_amount_of_cash_received
train-09157,I am worried about fees for top up cards?,top_up_by_card_charge
train-01837,Will I be charged any fee for receiving money?,top_up_by_bank_transfer_charge
train-05651,My transfer was declined. Why did this happen?,declined_transfer
train-07615,I want to transfer money into my account,transfer_into_account
train-01845,What are the fees associated with top up via transfer?,top_up_by_bank_transfer_charge
train-06504,what is source of my money,verify_source_of_funds
train-01420,Is it possible to change from USD to GBP with your App?,exchange_via_app
train-02705,I sent money to a person and they haven't received the payment yet.,transfer_not_received_by_recipient
train-00565,The exchange rate that was applied for an international purchase was wrong.,card_payment_wrong_exchange_rate
train-03629,I don't recognize this payment,card_payment_not_recognised
train-06311,How do I query a payment on my card? It looks like I have paid for the same thing twice.,transaction_charged_twice
train-00462,Can you change the rate for the item I bought in a different currency as it is wrong?,card_payment_wrong_exchange_rate
train-06688,How long will it take to transfer something from China?,transfer_timing
train-02379,What do I need to do to get cash back? The ATM gave me the wrong amount that I requested but the app is showing the amount to be correct.,wrong_amount_of_cash_received
train-01126,Is there an automatic top up feature?,automatic_top_up
train-01518,What do I do if my card has been lost or stolen?,lost_or_stolen_card
train-02812,"Hi, I sent my landlord my rent money a few days ago and while everything seems good on my end he says that he never got the money. I double checked the account number and it's correct. Can you help me figure this out?",transfer_not_received_by_recipient
train-00368,How do you do exchanges?,exchange_rate
train-02654,Please tell my why I was charged a fee for using my card?,card_payment_fee_charged
train-08594,I can't access my money. Is it because somethings wrong with the top-up? I set it up correctly.,top_up_failed
train-05048,Is there a problem with my account? When I tried to withdraw cash at an ATM I was denied.,declined_cash_withdrawal
train-08482,"I've been trying to transfer funds to top-up my card, but the transaction is not going through.  Is there something I'm doing wrong?",top_up_failed
train-05596,"Transfer was declined, could not complete request.",declined_transfer
train-08985,What's the cost for exchanges?,exchange_charge
train-02323,What's my limit for topping up?,top_up_limits
train-00994,Do you have support for flat currencies?,fiat_currency_support
train-09563,Is there a way to order a new card while in China?,card_about_to_expire
train-00932,Will you be able to exchange to EUR?,fiat_currency_support
train-07971,What are the steps for depositing cash into my account?,top_up_by_cash_or_cheque
train-00467,I noticed that the exchange rate applied to a recent purchase I made abroad was incorrect.,card_payment_wrong_exchange_rate
train-02269,What are the rules for a top-up?,top_up_limits
train-01047,How long should I wait for the card to arrive?,card_delivery_estimate
train-08406,"I would like a disposable virtual card, could I get one?",get_disposable_virtual_card
train-09269,what are the steps to activate my card?,activate_my_card
train-03374,My balance was not updated with my checque or cash deposit.,balance_not_updated_after_cheque_or_cash_deposit
train-03793,Can I use my account although my identity verification has yet to pass?,why_verify_identity
train-09396,Is there a reason I was charged an extra fee for using the ATM?,cash_withdrawal_charge
train-00707,Why i'm I being charged an extra pound,extra_charge_on_statement
train-01857,Do I get charged if I get money?,top_up_by_bank_transfer_charge
train-06941,I really need to know how to change my pin.,change_pin
train-00291,Help me access the card I already got so I can information from it.,card_linking
train-06428,I have a transaction showing up multiple times.,transaction_charged_twice
train-00020,"On the card that is coming, what's the tracking info?",card_arrival
train-03448,I made a check and cash deposit that wasn't credited to my account.,balance_not_updated_after_cheque_or_cash_deposit
train-09124,Is topping up free?,top_up_by_card_charge
train-06237,How do I delete an account?,terminate_account
train-07245,I was under the impression I can make transfers for free. I made an online purchase for something that was obroad and there's some additional strange fee. I've never seen this before and this isn't fair.,transfer_fee_charged
train-00487,My client was converting their Russian ruble into UK pound currency when they noticed their bill was much too high for the exchange. What happened?,card_payment_wrong_exchange_rate
train-03837,Why do you need me to verify who I am?,why_verify_identity
train-02257,Do top-ups have limits?,top_up_limits
train-08416,How can disposable cards be used?,get_disposable_virtual_card
train-01182,Is there a way to top-up when it reaches a certain balance?,automatic_top_up
train-06604,Will I see the transfer in my account within the week?,transfer_timing
train-03307,"Hi, I want to inquire about my balance. Some cash was deposited and it hasn't updated yet.",balance_not_updated_after_cheque_or_cash_deposit
train-09918,I would like to know the countries you are offer services in?,country_support
train-05282,I don't have the device I used to log onto the platform so I can't access it.,lost_or_stolen_phone
train-07629,How do I go forth on transferring a sum of money from one account to another?,transfer_into_account
train-01026,can the delivery be specific to my needs?,card_delivery_estimate
train-04177,"I prefer Visa, can I get that instead?",visa_or_mastercard
train-07178,Can you please tell me why I was charged an extra fee on my transfer?,transfer_fee_charged
train-00262,How do I link my card in the app.,card_linking
train-07763,Please tell me how to verify my top up card.,verify_top_up
train-05284,What should I do if my smart phone is lost or stolen?,lost_or_stolen_phone
train-02807,Why didn't my transfer get to the recipient?,transfer_not_received_by_recipient
train-09726,Can you explain why my Google Pay Top isn't working?,apple_pay_or_google_pay
train-01969,My account is  new  why can I  not top up,pending_top_up
train-03309,"I made a deposit a couple of days back it's, as of yet, not gone in! It would be ideal if you assist me with this",balance_not_updated_after_cheque_or_cash_deposit
train-08528,How do I know if my top up worked?,top_up_failed
train-04913,I forgot the code I need to get into the app.,passcode_forgotten
train-00742,What does it mean if my cash withdrawal does not show up properly?,pending_cash_withdrawal
train-09072,How much are the fees for adding funds using an international card?,top_up_by_card_charge
train-00441,Please check my payment from last Saturday as I feel I have been overcharged on the exchange rate.  Thank you.,card_payment_wrong_exchange_rate
train-01088,How long until the card arrives?,card_delivery_estimate
train-00967,Are you able to make exchanges to EUR?,fiat_currency_support
train-03047,Do I get to have one of those virtual cards I've heard about?,getting_virtual_card
train-01962,My top-up didn't go through; it still says pending. What's up with that?,pending_top_up
train-07069,My transfer to a beneficiary did not go through.  Why?,beneficiary_not_allowed
train-09437,Are there ATM fees?,cash_withdrawal_charge
train-07666,Can I withdraw money from another bank and transfer it into my empty account?,transfer_into_account
train-01129,How do I access the option to top up?,automatic_top_up
train-09035,What are the charges if I exchange foreign currency?,exchange_charge
train-08475,Why won't my top up work,top_up_failed
train-06753,Why would my card payment be cancelled?,reverted_card_payment?
train-01734,"I blocked my card by mistake, how do I unblock it?",pin_blocked
train-05156,I am waiting for a payment to be processed,pending_card_payment
train-07576,Can I use my bank account to send me more money?,transfer_into_account
train-09422,I used an ATM and wanted to know why I was charged an extra fee.,cash_withdrawal_charge
train-00643,When did I get a $1 extra fee on my statement?,extra_charge_on_statement
train-05659,I have double-checked all of my recipient details but for some reason all of my transfers keep getting declined. I have no clue as to why.,declined_transfer
train-01707,I entered in the wrong PIN.  Please help me unlock my account.,pin_blocked
train-09912,Is it possible for a person who lives in the US to get a card?,country_support
train-09956,Please tell me how to get a card if I reside in the US.,country_support
train-06627,"My Bank is in Europe, how long will the transfer take?",transfer_timing
train-04041,How is the PIN delivered?,get_physical_card
train-04915,How can i reset my passcode ?,passcode_forgotten
train-08933,"Please help me, its urgent. Someone has withdrawn money from my account as few hours before my wallet has been. Now i want to stop withdrawal of more money.",cash_withdrawal_not_recognised
train-09736,Can I use my Apple watch to fill my gas tank?,apple_pay_or_google_pay
train-02209,There's been a transaction to the wrong account.,cancel_transfer
train-00240,Can I add a card back to the app?,card_linking
train-02829,"The day before yesterday, I performed a transfer within the country. It still has not completed. Can you check on that? The account number is definitely correct, as I've checked.",transfer_not_received_by_recipient
train-00399,What is the source of your exchange rates?,exchange_rate
train-08912,Help! I think someone has made a cash withdrawal with my card!,cash_withdrawal_not_recognised
train-08487,I tried using my credit card with top up but it didn't work! I thought it was supposed to?,top_up_failed
train-07027,My beneficiary didn't receive my transfer,beneficiary_not_allowed
train-08759,How long do I have to wait for my bank transfer to appear in my account?,balance_not_updated_after_bank_transfer
train-07118,why wasn't a transfer to account approved,beneficiary_not_allowed
train-08478,"Hi, My card is getting declined continuously when i am trying to top-up. Request you to look into this issue or tell me any other alternatives.",top_up_failed
train-03608,I see a strange payment in my account.,card_payment_not_recognised
train-00816,The cash I got at the ATM is still in my account.,pending_cash_withdrawal
train-03046,I'd like more info on getting a virtual card.,getting_virtual_card
train-05044,"I tried to get money out of the Notting Hill ATM earlier, but I wasn't able to get anything out. Is there a problem with my card? It's the first time I tried using it.",declined_cash_withdrawal
train-04186,"Which card would I get, Visa or Mastercard?",visa_or_mastercard
train-03931,The app does not recognize who I am.,unable_to_verify_identity
train-07684,How can I verify my top-up card?,verify_top_up
train-07805,I'd like to order an additional card,getting_spare_card
train-04434,Do the disposable cards have restrictions?,disposable_card_limits
train-01275,My card isn't working at all. What happened?,card_not_working
train-04132,Can I choose from either Visa or Mastercard?,visa_or_mastercard
train-00937,Is EUR one of the currencies you deal with?,fiat_currency_support
train-01215,Can I get an auto Top-up?,automatic_top_up
train-02503,I couldn't get the money I needed.,wrong_amount_of_cash_received
train-08330,Please tell me how the exchange rate is determined. I was expecting more money for the transaction.,wrong_exchange_rate_for_cash_withdrawal
train-05589,Why are my transfers getting declined?,declined_transfer
train-06242,I need to close my account as soon as possible.,terminate_account
train-08962,Do I pay extra for exchange?,exchange_charge
train-04825,I can't remember my passcode.,passcode_forgotten
train-00417,The exchange rate was incorrect for an item I bought.,card_payment_wrong_exchange_rate
train-03312,"my balance has not changed, despite depositing a cheque",balance_not_updated_after_cheque_or_cash_deposit
train-05548,why was a transfer declined,declined_transfer
train-09425,"I received a fee for obtaining cash, is this correct?",cash_withdrawal_charge
train-01346,I need clarity on why my card is not working.,card_not_working
train-04888,I can't access my account.,passcode_forgotten
train-07712,Why do we need to verify a top-up card?,verify_top_up
train-05916,My card failed to work when I was shopping in a store,declined_card_payment
train-07709,Please help me find my top-up verification code,verify_top_up
train-08117,Can I get an actual card,order_physical_card
train-01950,My top-up is taking a while to process!,pending_top_up
train-01390,I want to exchange USD and GBP with the app,exchange_via_app
train-09770,What do you require for identity verification?,verify_my_identity
train-00846,My account says a withdrawal is pending - why can't I take cash out of the ATM?,pending_cash_withdrawal
train-04599,What's the closest place to withdraw money?,atm_support
train-07579,How simple is it to transfer money into my account?,transfer_into_account
train-04279,Top up not available in my wallet.,topping_up_by_card
train-06244,"I no longer want this account, what should I do?",terminate_account
train-03976,I can't verify my ID. Why?,unable_to_verify_identity
train-04839,How do I reset my passcode?,passcode_forgotten
train-05708,I can not find my refund.,Refund_not_showing_up
train-02855,I just sent money but the person I sent it to doesn't see it. What happened?,transfer_not_received_by_recipient
train-09572,"My card will expire next month, will I need to order a new one?",card_about_to_expire
train-09812,What do you require to verify someone's identity?,verify_my_identity
train-02358,I received less cash than the amount I specified in the ATM.,wrong_amount_of_cash_received
train-03890,Can i make transactions before identity verification?,why_verify_identity
train-00298,I would like to know how exchange rates are calculated when transferring funds.,exchange_rate
train-06069,I have a transfer that is pending.,pending_transfer
train-01821,Will I be charged a fee for a SEPA transfer?,top_up_by_bank_transfer_charge
train-08647,Balance hasn't been updated following a bank transfer,balance_not_updated_after_bank_transfer
train-00235,Can I link my card I previously received?,card_linking
train-07009,A transfer to my account was denied.,beneficiary_not_allowed
train-09080,Will I be charged for topping up?,top_up_by_card_charge
train-01963,I can't find the money I just added to my account.,pending_top_up
train-06674,"I transferred money from the US, How long does it take?",transfer_timing
train-04880,"I need to reset my passcode, this one isn't working",passcode_forgotten
train-06294,how to get new card after atm eats it,card_swallowed
train-03146,Can I pay with my card anywhere?,card_acceptance
train-06557,How can I prove the source of my funds?,verify_source_of_funds
train-05258,"My bag was stolen from me yesterday, so I can't use any apps or anything. I need some help.",lost_or_stolen_phone
train-06050,A transfer is pending.,pending_transfer
train-07098,"I have to transfer money over to my mother, and I have tried numerous times and all that keeps happening is error messages.",beneficiary_not_allowed
train-00357,how do you get exchange rates,exchange_rate
train-08814,What should I do if I see an unauthorized withdrawal on my statement?,cash_withdrawal_not_recognised
train-03716,Is it possible to change my address?,edit_personal_details
train-04373,Do the disposable cards have any restrictions?,disposable_card_limits
train-00767,How long does it take for a cash withdrawal to show?,pending_cash_withdrawal
train-02194,"Please help me, there is a transaction in the incorrect account.",cancel_transfer
train-07080,Just received a message that my transfer is not possible??  What is going on.  I have done this before with no issues.,beneficiary_not_allowed
train-05862,I use this card all the time so why did it get declined at the store today?,declined_card_payment
train-08231,The exchange rate for the money I took out in a foreign country is wrong.,wrong_exchange_rate_for_cash_withdrawal
train-09377,Am I charged more for using the ATM?,cash_withdrawal_charge
train-05523,Is it possible to refund an item?,request_refund
train-04805,"There is a direct debit that I didn't set up, what should I do?",direct_debit_payment_not_recognised
train-09443,Why did I get a fee for getting cash?,cash_withdrawal_charge
train-03043,"how many virtual cards can i have, i want 8",getting_virtual_card
train-05801,"Three months ago I bought a new house for my cat, fluffy.  Unfortunately Fluffy was not a fan of the house and it had to be returned to Pet Smart last week.  They said they have sent a refund but it's not there, can you tell me where it is?",Refund_not_showing_up
train-05857,I NEED HELP WITH MY CARD!!!!! please. It keeps getting declined when I try to use it. I have tried a few times to use it and it keeps getting rejected. I have no idea why.,declined_card_payment
train-02953,Will you accept my credit card?,supported_cards_and_currencies
train-02765,I'm still waiting for my transaction.,transfer_not_received_by_recipient
train-03641,There's a payment in the app that I didn't authorize.,card_payment_not_recognised
train-02002,Has my top up gone through?,pending_top_up
train-03433,How long does it take to show a deposit I made to my balance?,balance_not_updated_after_cheque_or_cash_deposit
train-04023,My card arrived but I don't know how to get my PIN.,get_physical_card
train-03360,Why isn't my deposit in my account?,balance_not_updated_after_cheque_or_cash_deposit
train-05943,My card payment doesn't work.,declined_card_payment
train-04819,Need a new passcode.,passcode_forgotten
train-07635,I have zero dollars in my account. Can I submit additional funds via bank transfer?,transfer_into_account
train-07318,I was charged a fee for a transfer. Where did it come from?,transfer_fee_charged
train-03584,There is a payment in the app I did not make,card_payment_not_recognised
train-01706,"My PIN is locked, how do I unlock it?",pin_blocked
train-02608,Am I getting charged for making a payment?,card_payment_fee_charged
train-05541,"Transfer unable to be completed, states 'declined'",declined_transfer
train-07360,Can I transfer my payroll to the bank?,receiving_money
train-04117,"I have a Visa and Mastercard, can I use these?",visa_or_mastercard
train-00704,Why was I charged extra on my app?,extra_charge_on_statement
train-06352,There are two of the same charges on my account.,transaction_charged_twice
train-00829,How long will a cash withdrawal be pending?,pending_cash_withdrawal
train-07355,What do I need to do to get my salary through this?,receiving_money
train-01592,How old do you have to be to open an account?,age_limit
train-03122,Which establishments will accept my card?,card_acceptance
train-08198,Can I use my virtual card for recurring monthly payments?,virtual_card_not_working
train-09256,My card activation is failing.,activate_my_card
train-03974,My identity can't be verified.,unable_to_verify_identity
train-01064,How soon will I get my card?,card_delivery_estimate
train-06873,My card payment might have been reverted.,reverted_card_payment?
train-03516,There is payment showing that I didn't do.,card_payment_not_recognised
train-06705,Estimated time arrival for transfers?,transfer_timing
train-03073,"I haven't received my virtual card yet, do yo know why?",getting_virtual_card
train-08109,Can I receive my card anywhere?,order_physical_card
train-01728,My PIN has been blocked.,pin_blocked
train-03038,What is the best way to get my virtual card?,getting_virtual_card
train-08467,The disposable cards - what are they for?,get_disposable_virtual_card
train-09112,What do you charge to top up US cards?,top_up_by_card_charge
train-03481,"I deposited some money, but the balance has not changed.",balance_not_updated_after_cheque_or_cash_deposit
train-06199,Help me delete my account.  I am not satisfied with the service.,terminate_account
train-09389,What's up with the fee for getting cash?,cash_withdrawal_charge
train-04400,What is the max amount of disposable cards I'm allowed.,disposable_card_limits
train-07006,What are the reasons for my beneficiary not being allowed?,beneficiary_not_allowed
train-00815,There is a pending transaction on my account for when I tried to get money from the ATM earlier and it did not work. Can you fix this?,pending_cash_withdrawal
train-00310,How are exchange rates calculated at this bank?,exchange_rate
train-08023,May I transfer a cheque into my account?,top_up_by_cash_or_cheque
train-08886,There's an unauthorized cash withdraw,cash_withdrawal_not_recognised
train-02645,I was unaware of the additional charge that was added onto my previous payment. A notification of extra charges would be appreciated in the future.,card_payment_fee_charged
train-08360,The exchange rate was wrong in the foreign country I got cash in.,wrong_exchange_rate_for_cash_withdrawal
train-04391,What are the details of disposable card limitations?,disposable_card_limits
train-07775,My top up card needs verification and I don't know how to do it,verify_top_up
train-09197,Activate my card,activate_my_card
train-02583,What is this extra fee?,card_payment_fee_charged
train-05152,My purchases from this morning are showing up as payment pending. Can you tell me why?,pending_card_payment
train-08957,Exchange fee help?,exchange_charge
train-08237,"After I got my cash, I found out my exchange rate was wrong.",wrong_exchange_rate_for_cash_withdrawal
train-06843,"I seem to have a problem here, I bought something about a 2 weeks ago and just now received the payment back into my account and I've already received the item. Can you tell me what is going on here?",reverted_card_payment?
train-07296,I have a fee listed for a transfer.,transfer_fee_charged
train-02938,Can I top up my card with other cards?,supported_cards_and_currencies
train-08548,My top up doesn't work,top_up_failed
train-06909,Can I change my PIN?,change_pin
train-05217,The payment on my card shows as pending.,pending_card_payment
train-01254,What do I do if i accidentally broke my card?,card_not_working
train-02592,I paid with my card and was charged extra,card_payment_fee_charged
train-02965,how can i add money from my amex card,supported_cards_and_currencies
train-00797,My account says I have money but I withdrew it in cash.,pending_cash_withdrawal
train-05747,I cannot find my refund on my statement.,Refund_not_showing_up
train-00109,When will my new card be delivered?,card_arrival
train-08897,"Some cash was withdrawn in the app, but I did not do it.",cash_withdrawal_not_recognised
train-05120,How come my card payment is still pending?,pending_card_payment
train-02297,What is the top-up limit?,top_up_limits
train-04934,Why can't I get cash out?,declined_cash_withdrawal
train-06056,I recently purchased something and the seller says my money has not arrived yet. It was in EU's. How long does this take?,pending_transfer
train-08557,I requested for a top-up but it has not reflected,top_up_failed
train-08708,I can still see money in my account after making a payment,balance_not_updated_after_bank_transfer
train-05760,Where is my refund? it appears to be missing.,Refund_not_showing_up
train-05677,I requested a refund but am unable to see it in my account. Why is that?,Refund_not_showing_up
train-09415,How come my cash withdrawal came with an unnecessary fee?!,cash_withdrawal_charge
train-02889,Will my other US credit card be accepted?,supported_cards_and_currencies
train-02326,How much is the limit for top-ups?,top_up_limits
train-04540,The card has suffered a security breach.,compromised_card
train-05573,Why am I getting declines when trying to make a purchase online?,declined_transfer
train-02434,I received the wrong amount of cash.,wrong_amount_of_cash_received
train-08094,"Can I get a physical card for free, or is there a charge?",order_physical_card
train-00662,"Hello, there seems to be a billing mistake associated with my account.  My app was charged $1 more than it should have.  Could you please explain why this may have happened?",extra_charge_on_statement
train-02061,What's taking my top-up so long?,pending_top_up
train-00875,I pulled cash from the ATM earlier. Why is it still pending if I already have the cash?,pending_cash_withdrawal
train-04521,My card information seems to have been stolen! I don't know where these transactions came from and I've never even been to the city where they were made. I need my card blocked ASAP so this person can't keep using my card.,compromised_card
train-04711,There's a direct debit payment that I don't recognize.,direct_debit_payment_not_recognised
train-04128,I am interested in a Visa or Mastercard. Do you offer them?,visa_or_mastercard
train-00531,I think the exchange rate on my card payment is incorrect.,card_payment_wrong_exchange_rate
train-09288,"I just got a new card, and I want to know how to activate.",activate_my_card
train-05226,What is the meaning of a pending payment?,pending_card_payment
train-06255,"The ATM at Metro bank on High St. Kensington didn't return my card, and the bank is now closed. How do I get back a card swallowed by an ATM?",card_swallowed
train-07705,"I'm trying to verify my top-up card, but I can't find the code...?",verify_top_up
train-04139,What card types can I choose from?,visa_or_mastercard
train-05824,Where is the refund on my statement?,Refund_not_showing_up
train-02909,Is American Express supported for adding funds?,supported_cards_and_currencies
train-06173,I want to stop my account,terminate_account
train-06995,Which atms allow me to change my pin?,change_pin
train-02607,Why is there a charged fee for debit or credit card payment?,card_payment_fee_charged
train-09926,What countries do your services support?,country_support
train-06094,"How long do EU transfers take? I bought something online a couple of days ago , sent the money immediately online but the seller says it is still not there yet.",pending_transfer
train-09249,My card needs to be activated asap,activate_my_card
train-07660,My account is depleted. Can I transfer funds from another bank?,transfer_into_account
train-07560,why do i have a failed transfer,failed_transfer
train-04020,The card PIN is not visible anywhere?,get_physical_card
train-04483,There is unusual activity on my account and I believe someone took my card.,compromised_card
train-08460,I'm interested in learning more about disposable virtual cards.,get_disposable_virtual_card
train-03904,Why is my identity not being verified?,unable_to_verify_identity
train-09454,Why am I being charged for getting cash?,cash_withdrawal_charge
train-05498,How do I cancel a purchase?,request_refund
train-08856,I am seeing inside the App a some cash withdrawal that is not mine,cash_withdrawal_not_recognised
train-07373,Can my friend send me money?,receiving_money
train-07918,How do I get extra cards?,getting_spare_card
train-04184,I need a Visa card,visa_or_mastercard
train-06335,Why have I been charged twice?,transaction_charged_twice
train-03868,Is there anyway to bypass identity verification?,why_verify_identity
train-09145,Are there any charges for top ups?,top_up_by_card_charge
train-02419,The app is showing that I received alot more money than I actually received from the ATM. This occurred earlier today.,wrong_amount_of_cash_received
train-06543,My funds must be verified,verify_source_of_funds
train-08672,I did a transfer but the balance is the same.,balance_not_updated_after_bank_transfer
train-07939,Can I use a check to get gas?,top_up_by_cash_or_cheque
train-05300,I left my phone at the hotel I was staying at so I can't use the app!,lost_or_stolen_phone
train-07506,I've already tried 5 times to complete a transfer that's just standard. What's the deal? Is your system down at this time?,failed_transfer
train-01916,Is there a top up fee?,top_up_by_bank_transfer_charge
train-04050,When do I set up my card PIN?,get_physical_card
train-01576,Would it be possible to open up an account for children?,age_limit
train-09605,"I have a card that expires in the coming month, do I have to specifically ask for the updated card?",card_about_to_expire
train-08303,I found the exchange rate for my cash withdrawal is wrong,wrong_exchange_rate_for_cash_withdrawal
train-09464,"It seems I've suddenly been charged for my recent ATM cash withdrawal. What's up with that? I though withdrawals are free, you never charged me so far!",cash_withdrawal_charge
train-04749,I have a direct debit I didn't set up,direct_debit_payment_not_recognised
train-06756,why did my payment revert,reverted_card_payment?
train-06763,Under what condition will my payment revert?,reverted_card_payment?
train-06744,My payment didn't work and the money is in back in my account.,reverted_card_payment?
train-01680,"My pin needs unblocking, unblock it please?",pin_blocked
train-01865,How much does it cost to top up by transfer?,top_up_by_bank_transfer_charge
train-06032,The transfer was accepted but now it's stuck on pending. When will it go through?,pending_transfer
train-06501,Is there a way to view the history on where my funds came from?,verify_source_of_funds
train-02196,How do I cancel a recent transfer?,cancel_transfer
train-00551,Why didn't I receive the correct exchange rate for an item that I purchased?,card_payment_wrong_exchange_rate
train-01598,What would the age limit be?,age_limit
train-01309,My card doesn't seem to work.,card_not_working
train-03417,Why did the cash deposit not show up in my account?,balance_not_updated_after_cheque_or_cash_deposit
train-03568,I saw a payment come out of my account for a merchant I don't remember.,card_payment_not_recognised
train-04946,I was not able to use the ATM to get cash,declined_cash_withdrawal
train-07608,How does a bank transfer for topping my account work?,transfer_into_account
train-04772,I have an unauthorized charge.,direct_debit_payment_not_recognised
train-01134,"If there isn't much money left over, will it top-up automatically?",automatic_top_up
train-09560,Is ordering a new card from China available?,card_about_to_expire
train-08758,How long does it take for money to transfer as my balance hasn't been updated,balance_not_updated_after_bank_transfer
train-06376,I was charged twice for the same purchase!,transaction_charged_twice
train-02308,Do top-ups have a limit?,top_up_limits
train-04202,I need mastercard as well as visa,visa_or_mastercard
train-06424,There is a duplicate payment on my card. Why?,transaction_charged_twice
train-10002,Which countries are represented?,country_support
train-09731,Can you help me get Top Up to work in the Apple Pay function?,apple_pay_or_google_pay
train-06338,Who do I talk to for transactions debited twice?,transaction_charged_twice
train-03483,My statement indicates I made a payment to an unfamiliar merchant.,card_payment_not_recognised
train-07207,Why has transferring money resulted in a charge?,transfer_fee_charged
train-07681,Tell me about verifying top-up,verify_top_up
train-09082,"I am wanting to refill my card, is there a charge?",top_up_by_card_charge
train-06890,If I want to can I set up a new PIN?,change_pin
train-03057,How come I didn't get a virtual card yet?,getting_virtual_card
train-05323,I don't know where my phone is.,lost_or_stolen_phone
train-00533,I am not receiving the correct exchange rate on my card.,card_payment_wrong_exchange_rate
train-04392,I need to make multiple disposable cards in a day.,disposable_card_limits
train-08939,A cash withdrawal that I didn't authorize is shown on my account - can you please cancel my card as soon as possible?,cash_withdrawal_not_recognised
train-01410,How do I exchange USD to GBP?,exchange_via_app
train-04740,My account shows a direct debit charge that I have never seen before,direct_debit_payment_not_recognised
train-01246,I can't seem to be able to use my card,card_not_working
train-08379,Can you tell me about these disposable virtual cards?,get_disposable_virtual_card
train-04551,Will this card work at any ATM?,atm_support
train-02736,"I have moved to a new house and set up a rent payment to my landlord, it was supposed to be in her account a few days ago but it hasn't arrived.  I definitely sent it to the right place, can you confirm where the money is?",transfer_not_received_by_recipient
train-05218,I have a payment that is still pending,pending_card_payment
train-04328,I have a new card. How do i top it up?,topping_up_by_card
train-04331,What steps do I do to transfer money using my credit card?,topping_up_by_card
train-03799,Why does it matter that I prove my identity?,why_verify_identity
train-03616,There is a payment in the app that I did not approve,card_payment_not_recognised
train-05977,How come my card payment has been declined?,declined_card_payment
train-07001,At what ATM can I change my PIN?,change_pin
train-02037,"Is there something wrong with my top up I did an hour ago? it's still pending. I need that money, i cant afford to wait or have it come back to me.",pending_top_up
train-02967,Is American Express accepted?,supported_cards_and_currencies
train-01398,Where can I get my currencies exchanged?,exchange_via_app
train-01491,My card has been stolen what do I do?,lost_or_stolen_card
train-07235,what is this fee for transfering,transfer_fee_charged
train-04314,I don't see my top up in my wallet.,topping_up_by_card
train-02848,Could you please help me?  I made my rent payment and have double checked that I sent it to the right account.  The person receiving it says he has not received it but it shows complete on my side.,transfer_not_received_by_recipient
train-03503,I don't recognize what this payment on my statement would be for.,card_payment_not_recognised
train-09843,What do you demand for identity verification?,verify_my_identity
train-04158,What do I have to do to get a Visa card?,visa_or_mastercard
train-01628,What is your age limit?,age_limit
train-06998,Can I change my PIN on holiday?,change_pin
train-05817,How long does it take for a refund to appear?,Refund_not_showing_up
train-01751,How many times can I enter a wrong PIN before it is blocked?,pin_blocked
train-05686,"I requested a refund from a merchant a while ago, and upon repeatedly checking my statement, the merchant has yet to refund me my money.  I don't know what's going on, or why the money is getting into my account--could you please help?",Refund_not_showing_up
train-01260,Why won't my card work.,card_not_working
train-08417,Please explain how I use the disposable cards?,get_disposable_virtual_card
train-06174,Please delete my account immediately.,terminate_account
train-09473,What was the extra charge for withdrawing money?,cash_withdrawal_charge
train-05056,I can't get any money from my account.,declined_cash_withdrawal
train-09404,I should not have been charged a fee for cash withdrawal.,cash_withdrawal_charge
train-03766,I need to change my address,edit_personal_details
train-09502,Why did you charge a fee when I withdrew from an ATM?,cash_withdrawal_charge
train-01602,Is there an age limit to get an account?,age_limit
train-03773,Why on earth do you need so much personal id info from me?,why_verify_identity
train-04129,is it ok if i use both visa and mastercard,visa_or_mastercard
train-00805,"Hello, I'm having trouble with my card, I don't understand what's happening, I tried using the ATM machine earlier but it wasn't working but seems like the transactions is still in progress, can you cancel it for me?",pending_cash_withdrawal
train-00393,Tell me your opinion on the exchange rate.,exchange_rate
train-00051,Is there a way I can get my card expedited?,card_arrival
train-01944,why isn't my top-up going through?,pending_top_up
train-04428,"i am not a premium customer but i want a virtual card, how do i get it",disposable_card_limits
train-05918,My card did not work at store.,declined_card_payment
train-07019,My beneficiary is not allowed?  Why?,beneficiary_not_allowed
train-07088,Why is allowance not being given to my beneficiary?,beneficiary_not_allowed
train-04991,Why couldn't I get cash from an ATM?,declined_cash_withdrawal
train-01975,Yesterday I topped up my card. Why didn't it complete as it still pending?,pending_top_up
train-01794,I can't get a contactless payment to work.,contactless_not_working
train-01360,Does the app allowing exchanges between USD and GBP,exchange_via_app
train-07216,Why am I being charged for transfers? Are they not free?,transfer_fee_charged
train-02649,Why am I getting charged more for using my card?,card_payment_fee_charged
train-07583,How do I top up?,transfer_into_account
train-08910,Why is there a cash withdrawal I didn't make?,cash_withdrawal_not_recognised
train-01199,Can I set it up to add money every few days automatically while I am traveling?,automatic_top_up
train-01096,I need my card delivered as soon as possible.,card_delivery_estimate
train-06107,My transfer's stuck on pending.,pending_transfer
train-09147,Would I be charged any fees if I added money to my account using an international card?,top_up_by_card_charge
train-07659,How do I deposit through bank transfer?,transfer_into_account
train-07910,Is there a fee for sending additional cards?,getting_spare_card
train-06887,I need to make my card PIN a different number,change_pin
train-00798,How do I get my cash withdrawal to show?,pending_cash_withdrawal
train-01596,Could my daughter open an account?,age_limit
train-07900,How do I order another card?,getting_spare_card
train-03021,Where do I get a virtual card?,getting_virtual_card
train-05840,I could not use my card in a store.,declined_card_payment
train-02896,why don't you accept american express for adding money to my account,supported_cards_and_currencies
train-08717,I'm wondering how long it takes for my money to get to me after a bank transfer.,balance_not_updated_after_bank_transfer
train-05166,"I made a payment a while ago and it is still showing as ""pending"" in the account. How long will this payment take to complete?",pending_card_payment
train-01006,Can it specifically be delivered on a certain date?,card_delivery_estimate
train-00452,"In regards to my card payment, the exchange rate is incorrect.",card_payment_wrong_exchange_rate
train-01747,Where do I go to unblock my PIN?,pin_blocked
train-02968,Which currencies do you work with?,supported_cards_and_currencies
train-07089,I have been trying to exchange this for crypto but the app won't work could you please help me?,beneficiary_not_allowed
train-05108,Card payment still pending.,pending_card_payment
train-08240,Why did you give me so little currency?,wrong_exchange_rate_for_cash_withdrawal
train-01010,Can I get my card fast tracked?,card_delivery_estimate
train-03628,Why is there an unknown card payment?,card_payment_not_recognised
train-00126,How much longer until I get my new card?,card_arrival
train-03199,I did a topup successfully but its not showing in balance. I think there is some problem in system.,top_up_reverted
train-08918,"Someone has access to my card info.  I still have the card, but someone just withdrew cash.  How do I get this corrected/stopped?!",cash_withdrawal_not_recognised
train-07542,"Hi, can you tell me why my transfer keeps being rejected? I've been trying to send money to my friends this morning but failed every time and I have no idea why?",failed_transfer
train-01236,Do I have to manually top-up my account each time or will it do it on its own?,automatic_top_up
train-03425,i used a check check yesterday to balance my account and it isn't showing up?,balance_not_updated_after_cheque_or_cash_deposit
train-07878,I need more physical cards than I have right now!,getting_spare_card
train-02440,My cash withdrawal was short.,wrong_amount_of_cash_received
train-06354,"I'm really concerned because I only made one transaction, but it's appearing multiple times.",transaction_charged_twice
train-04903,How can I reset my passcode?,passcode_forgotten
train-00772,I got some cash in the ATM but its still pending,pending_cash_withdrawal
train-01964,What does it mean if my top-up has not gone through?,pending_top_up
train-02828,Why is the transaction to my friend still pending?,transfer_not_received_by_recipient
train-07379,What can I use to receive my salary?,receiving_money
train-05797,My refund isn't showing up on my statement.,Refund_not_showing_up
train-05071,Why am I having trouble withdrawing cash?,declined_cash_withdrawal
train-03777,Is getting my identity verified required before I can use my account?,why_verify_identity
train-05984,"I was out today looking forward to paying with my new card, turns out the payment kept getting declined. This is really sad, what's going on?",declined_card_payment
train-06609,I am waiting for the money to enter my account. How long does it take?,transfer_timing
train-02242,How many top-ups am I allowed to do?,top_up_limits
train-02318,How often can I top up my account?,top_up_limits
train-03124,Any place that takes Mastercard would be fine.,card_acceptance
train-05653,"please help me with this transfer, for some reason i can't transfer to a cryptocurency account",declined_transfer
train-07337,How can my friend give me money?,receiving_money
train-03210,Why does my top-up get cancelled?,top_up_reverted
train-07991,i would like to top up with check,top_up_by_cash_or_cheque
train-03401,I still do not see the cash deposit in my account from last week. Why?,balance_not_updated_after_cheque_or_cash_deposit
train-01317,How do I check security settings using the app?,card_not_working
train-09297,I can't activate my card?,activate_my_card
train-00269,How can I add a new card?,card_linking
train-01809,How do I troubleshoot when contactless doesn't work?,contactless_not_working
train-08456,Can you tell me how to get a disposable virtual card?,get_disposable_virtual_card
train-05838,Do you know why my card payment has been declined?,declined_card_payment
train-06355,"Hello,  I am a college student who I recently attended my high school reunion at a local restaurant. I paid with my credit card and now my transaction history reflects a second charge of the seemingly same payment. What could be the reason for this?  Is there any way to have the fraudulent  payment credited back onto my card?",transaction_charged_twice
train-07284,Why is there an extra fee on a transfer?,transfer_fee_charged
train-00668,"There seems to be an additional charge of £1 on my statement, what is the reason for this?",extra_charge_on_statement
train-09232,Instructions for activating card,activate_my_card
train-06603,How long will this transfer from europe take?,transfer_timing
train-05312,My phone was left behind.  Can I still use my card?,lost_or_stolen_phone
train-04783,There is a direct debit set up that I didn't create.,direct_debit_payment_not_recognised
train-03517,Payment I didn't do.,card_payment_not_recognised
train-05285,"If I lost my phone, what steps do I need to take to stop someone from using my account?",lost_or_stolen_phone
train-08184,How do I get this damn virtual card to work?,virtual_card_not_working
train-02467,I could not get the cash I wanted,wrong_amount_of_cash_received
train-06208,I am trying to delete my account.,terminate_account
train-08820,My wallet was just stolen and I see my account already has a withdrawal. Can you please help me.,cash_withdrawal_not_recognised
train-07330,Im not sure why Im being charged an extra fee just for purchasing an item from another country? I paid for the item and the shipping why am I getting charged extra?,transfer_fee_charged
train-08599,"Um, my top up didn't work",top_up_failed
train-09481,"Why did I get charged a fee, I thought it was free?",cash_withdrawal_charge
train-06611,How long do transfers from Europe take?,transfer_timing
train-02425,I selected to withdrawal 30 pounds but only received 10. I'm still standing in front of the ATM. The app shows i took out 30 pounds also. How do i fix this?,wrong_amount_of_cash_received
train-04204,I would like to get a Visa card,visa_or_mastercard
train-04603,how do I know where I can get money withdrawn?,atm_support
train-09788,what steps do you take to check identity,verify_my_identity
train-07799,I need help finding the verification code on the top up card.,verify_top_up
train-06832,It looks like my card payment was sent back.,reverted_card_payment?
train-03977,"My identity isn't being accepted, what should I do?",unable_to_verify_identity
train-09391,Why are fees charged for cash withdrawals? I went to withdraw some money earlier today after shopping. There's a new fee that there.,cash_withdrawal_charge
train-08045,Can I top up my account with a check?,top_up_by_cash_or_cheque
train-05197,I made a purchase earlier today but it is still listed as pending- when will it go through?,pending_card_payment
train-02701,"How long does it typically take a transfer to go through?  I sent some money to a friend earlier today, and she really needs it.  It still is a pending transfer, even though I sent it a few hours ago.",transfer_not_received_by_recipient
train-04964,The ATM machines keep declining my card and I don't know why. I thought I had money in my account. Why is this happening?,declined_cash_withdrawal
train-05718,I've been waiting for a refund to show up and I don't see it on my statement yet.,Refund_not_showing_up
train-09896,How does a US resident go about acquiring a new card?,country_support
train-04622,Where is a Mastercard ATM?,atm_support
train-09465,I believe i was charged for making a withdrawal after i went grocery shopping. Are you guys charging for this now?,cash_withdrawal_charge
train-04995,Why can't I withdraw cash from this ATM?,declined_cash_withdrawal
train-03551,I see an unfamiliar payment on my statement.,card_payment_not_recognised
train-05000,My card rejected a cash withdrawal. Why?,declined_cash_withdrawal
train-06079,How long will my transfer be pending?,pending_transfer
train-09838,What are the steps of verifying an identity?,verify_my_identity
train-06548,Can I see my available money?,verify_source_of_funds
train-02902,I have another card from the U.S. Will you be able to accept that one?,supported_cards_and_currencies
train-09011,Are there discounts for frequent currency exchanges?,exchange_charge
train-06112,When will my transfer move out of pending stage?,pending_transfer
train-04292,I was attempting to top up with my card but the money has vanished!,topping_up_by_card
train-07037,Are there restrictions to transfers to certain accounts?,beneficiary_not_allowed
train-01921,Are there any fees associated with receiving money?,top_up_by_bank_transfer_charge
train-06505,How can I look at where my available cash is coming from?,verify_source_of_funds
train-04136,Is it possible to get both a Visa and a Mastercard?,visa_or_mastercard
train-00133,I need to track the card sent to me.,card_arrival
train-05754,Why is my refund missing in my statement?,Refund_not_showing_up
train-07603,"I want to do a bank transfer to this bank, from an account at another bank.",transfer_into_account
train-00884,Is it okay to hold money in multiple currencies?,fiat_currency_support
train-09304,"You can do that in just a few seconds. Go to account, hit activate, and follow the directions from there.",activate_my_card
train-08432,Can I order a disposable virtual card?,get_disposable_virtual_card
train-06708,what is the time frame for transfers,transfer_timing
train-06253,My card is stuck in the ATM?,card_swallowed
train-04517,"I froze my account, but how do I order a replacement card?",compromised_card
train-09831,What has to be done to verify my identity?,verify_my_identity
train-06344,"I had a duplicate card and bought something and it showed up twice. I canceled my card, how do I get my money back?",transaction_charged_twice
train-05426,Can you please assist on my item that needs to be refunded?,request_refund
train-01713,I accidentally exceeded my PIN tries.  Please advise.,pin_blocked
train-06892,Can I change my PIN at my local bank?,change_pin
train-08176,My disposable virtual card wouldn't process my payment?,virtual_card_not_working
train-02508,"I got less than what i asked for in the ATM, why?",wrong_amount_of_cash_received
train-00936,Can you make exchanges with the EUR?,fiat_currency_support
train-04500,Someone might have had access to my card.,compromised_card
train-09022,Will you charge me for exchanging foreign currencies?,exchange_charge
train-03891,I am afraid to give you all my identify details.,why_verify_identity
train-07836,I'd like to order another card,getting_spare_card
train-03744,How can I update my personal information after moving?,edit_personal_details
train-02720,A transaction to a friend still hasn't shown up.,transfer_not_received_by_recipient
train-00069,How can I check on the delivery status of my card?,card_arrival
train-07773,Tell me how I can verify a card top-up.,verify_top_up
train-04159,I would like to get both a Visa and MasterCard?,visa_or_mastercard
train-07280,Is there a fee for transferring money,transfer_fee_charged
train-09690,"I received my American Express in Apple Pay, is there a reason why top up is not functioning properly?",apple_pay_or_google_pay
train-03932,"If you are waiting for verification, it can take 10 minutes to 60 minutes to get results.You will hear from us once we have it.  Please make sure your images are clear and photos of documents are readable. you have to be at least 18 years old and live withing the Economic Area of Europe or in Switzerland in order to open an account.",unable_to_verify_identity
train-08979,How much do I have to pay to accept an international transfer?,exchange_charge
train-07176,"A transfer I sent was received in less than the full amount I originally sent, and now I have to send additional funds to cover the full amount. What happened?",transfer_fee_charged
train-04904,How do I get the passcode reset?,passcode_forgotten
train-07723,Verifying the top-up seems like a hassle.,verify_top_up
train-05118,"Card payment is still pending, why is that the case?",pending_card_payment
train-07781,why do you verify the top up,verify_top_up
train-02827,"|I moved out of my old house two weeks ago and cancelled my direct debit to my old landlord, this direct debit was working fine.  Now I've moved in to a new place and set up a transfer to a new landlord but it's not reached her yet, can you check it please?",transfer_not_received_by_recipient
train-07783,"I just want to top-up, why do I need to verify anything?",verify_top_up
train-06962,"I'm in Austria right now, but I really need to change my PIN right now. Can I do this even though I'm in another country?",change_pin
train-01269,What do I do?  My card is broken.,card_not_working
train-09798,What steps do I need to take for the identity checking process?,verify_my_identity
train-04650,Please tell me what this direct debit in my statement is,direct_debit_payment_not_recognised
train-02370,"Hi, I draw out some money from the ATM today. The ATM has given me wrong amount and the application is displaying more amount than i withdraw.",wrong_amount_of_cash_received
train-00372,How are the exchange rates determined?,exchange_rate
train-00376,How much are the rates of exchange?,exchange_rate
train-01772,"I was blocked by using the wrong pin too many times, can you help me?",pin_blocked
train-05388,"Hey I want to get a refund on something I bought, but not sure how to go about it. Can you please just cancel the payment, I have not received the item yet.",request_refund
train-09617,Are new cards available from China?,card_about_to_expire
train-06493,Can you tell me where my readily available cash has come from?,verify_source_of_funds
train-02485,The amount of cash i have received is not correct.,wrong_amount_of_cash_received
train-06606,When will my transfer post to my account?,transfer_timing
train-02930,Do you accept all cards and currencies?,supported_cards_and_currencies
train-03502,my statement contains an unknown payment,card_payment_not_recognised
train-04369,How many disposable virtual cards can you have?,disposable_card_limits
train-03594,There are a couple payments with my card shown that I'm not responsible for. What is going on? Maybe someone has access to my account.,card_payment_not_recognised
train-04882,What do I do if I have forgotten my passcode?,passcode_forgotten
train-06179,"your company is awful, i would like to delete my account please",terminate_account
train-08179,Help me get the virtual card working.,virtual_card_not_working
train-00297,How is the exchange rate doing?,exchange_rate
train-02034,why is top up pending,pending_top_up
train-04138,My preference is Mastercard.,visa_or_mastercard
train-07750,I don't see the verification code for my card transfer.,verify_top_up
train-01143,Can i set up an auto top-up?,automatic_top_up
train-06192,How to I close my account?,terminate_account
train-02560,I have never been charged a card payment fee before. Why did this change?,card_payment_fee_charged
train-04126,What credit cards do you carry,visa_or_mastercard
train-07950,Where's the button to top up with a cheque?,top_up_by_cash_or_cheque
train-07806,I want some extra physical cards.,getting_spare_card
train-00843,How long will my ATM withdrawal be pending?,pending_cash_withdrawal
train-07793,What is the verification process for my card?,verify_top_up
train-02713,I don't see the transaction I made to a friend on my account.,transfer_not_received_by_recipient
train-06203,How can I close my account?,terminate_account
train-01228,Is there a way to set up an auto top-up?,automatic_top_up
train-05522,Can you help me process a refund?,request_refund
train-02910,Do you accept credit cards from the US,supported_cards_and_currencies
train-00335,What value can I get for my currency?,exchange_rate
train-00524,I made a purchase and was charged at the wrong foreign exchange rate.,card_payment_wrong_exchange_rate
train-05971,Why would my card payment not work?,declined_card_payment
train-06706,What are the time frames for the money to be available in my account?,transfer_timing
train-03396,My balance is not right. It has not been updated for the cash or cheque deposit.,balance_not_updated_after_cheque_or_cash_deposit
train-09895,How do I get a card in the EU?,country_support
train-03611,There's a card payment I didn't make,card_payment_not_recognised
train-02057,How do I know if my top-up went through?,pending_top_up
train-06984,"
Which cash machines will allow me to change my PIN?",change_pin
train-08148,I still don't have a card. How do I get one?,order_physical_card
train-05264,I can't find my phone and I'm worried someone is going to use it,lost_or_stolen_phone
train-08760,How long does a transfer from the United Kingdom take? I haven't seen it show up yet in my bank account and want to make sure I get the transfer.,balance_not_updated_after_bank_transfer
train-08071,Does it cost anyting to get my own card?,order_physical_card
train-09385,"This is not right, I was told I could take out cash at the ATM for free?",cash_withdrawal_charge
train-08631,I am wondering about a transfer from a different country that doesn't show up yet?,balance_not_updated_after_bank_transfer
train-01939,My top up did not go through yet.,pending_top_up
train-04656,My account shows I made a debit payment to someone that I can't recall and would like to find out who the payment was made to.,direct_debit_payment_not_recognised
train-03665,Am I able to modify my account details?,edit_personal_details
train-02869,How do I use American express to top up my account?,supported_cards_and_currencies
train-04621,Can you tell me the ATMs I can use with my card?,atm_support
train-07399,My salary comes in GBP can I change my options somewhere?,receiving_money
train-00015,Will I be able to track the card that was sent to me?,card_arrival
train-04594,Where can I withdraw money from?,atm_support
train-08751,"How long do tranfers from a UK account usuallt take for you? I just made a transfer and nothing shows up, so just wondering if things went ok",balance_not_updated_after_bank_transfer
train-06222,I am looking to delete my account. I'm not happy with the service provided by you.,terminate_account
train-05852,"May monthly payment to Apple has been declined but I don't know why, they are going to re-try the payment and it must go through, can you tell me what is going on please?",declined_card_payment
train-09414,Why was I charged a fee when I withdrew money?,cash_withdrawal_charge
train-03721,How to modify my details.,edit_personal_details
train-03791,Can I still use my account without verifying my identity?,why_verify_identity
train-00852,"My withdrawal is pending, why?",pending_cash_withdrawal
train-06006,What am I supposed to do if the funds haven't show up from a transfer completed this morning?,pending_transfer
train-03128,Where can I use my card to pay?,card_acceptance
train-00322,I'm interested in what your exchange rates are based on.,exchange_rate
train-01587,are there age requirements,age_limit
train-02342,I didn't get the correct amount of money from the ATM machine,wrong_amount_of_cash_received
train-00250,Can I re-link a lost card with the app?,card_linking
train-00345,What is the exchange rate for EUR?,exchange_rate
train-05020,I tried to get cash but it was declined!,declined_cash_withdrawal
train-06799,Why is a payment I made reverted back to my account?,reverted_card_payment?
train-09658,Is top-up possible with Apple Pay?,apple_pay_or_google_pay
train-06388,"I was charged twice, when I didn't purchase anything twice.",transaction_charged_twice
train-00283,How do I see my card in the app?,card_linking
train-09816,why do I have to show my ID,verify_my_identity
train-01664,What's the youngest I can be to open an account?,age_limit
train-05956,What is going on with it saying my card payment was declined?,declined_card_payment
train-05544,I tried to buy something online yesterday and got a message saying declined. I tried again today and got the same message. What's the problem?,declined_transfer
train-06274,The ATM didnt return my card!,card_swallowed
train-01004,Which flat currencies do you support for holding and exchange?,fiat_currency_support
train-00023,My card isn't here yet.,card_arrival
train-02024,When will my top-up be completed?,pending_top_up
train-00878,Why has my deposit in the ATM not cleared yet?,pending_cash_withdrawal
train-00745,Is the cash withdrawal going to show?,pending_cash_withdrawal
train-07387,Can this app take my salary?,receiving_money
train-00503,Why was I charged extra on my last UK pound to Russian ruble exchange?,card_payment_wrong_exchange_rate
train-05069,i entered my pin in wrong and got it frozen. how many tries do i have,declined_cash_withdrawal
train-05745,A while ago i requested a refund from a seller. I keep checking my statement but I have not been refunded yet. I'm confused why i haven't gotten my money back yet but I need your help getting it please.,Refund_not_showing_up
train-02549,Why is this fee being charged to me after using my card?,card_payment_fee_charged
train-06361,I have noticed that my account was double charged for a couple of items this week. Please review and refund the double charged items back.,transaction_charged_twice
train-04481,What should I do if I think someone is using my card without my permission?,compromised_card
train-07275,Why was I charged a fee to transfer money?,transfer_fee_charged
train-06559,How can I receive verification for the source of my funds?,verify_source_of_funds
train-07056,Why can't my beneficiary get access?,beneficiary_not_allowed
train-03652,I'd like to make some changes to my personal information.,edit_personal_details
train-08823,I saw there is a cash withdrawal from my account via the app which I did not complete.,cash_withdrawal_not_recognised
train-04235,My money I had was gone and I could not get gas!,topping_up_by_card
train-08902,I have my card here with me and someone has just made a withdrawal for 500. Please help!,cash_withdrawal_not_recognised
train-06292,How do I get a new card as your machine swallowed mine!,card_swallowed
train-05953,I made a card payment but it didn't work. Why not?,declined_card_payment
train-01477,I'm panicking!  I lost my card!  Help!,lost_or_stolen_card
train-03048,where can i have a virtual card,getting_virtual_card
train-06423,Hi. Please can you help me fix a double charge on my card? I'm looking at my transactions and this restaurant I went to earlier in the week has charged me twice! Please remove the additional charge for me.,transaction_charged_twice
train-09515,Are there any express fees if i want my new card faster?,card_about_to_expire
train-07437,Is there a problem with your system being down or something? I have already tried 5 times to issue a standard transfer but I'm getting nowhere.,failed_transfer
train-04528,How do I report fraud on my card?,compromised_card
train-09905,Is this open to residents of all countries?,country_support
train-05864,Why are all my card payments being declined?,declined_card_payment
train-04282,How do I top up on my card?,topping_up_by_card
train-07345,How do I transfer funds if I am paid in GBP?,receiving_money
train-04442,let me know how many disposable cards I can have?,disposable_card_limits
train-01151,Can I set automatic top ups?,automatic_top_up
train-04082,I can't find the card PIN.,get_physical_card
train-09936,"If I don't live in the UK, can I get a card?",country_support
train-04040,"I signed up, but don't have a PIN. Where can I find it?",get_physical_card
train-04830,Can you lookup my password?,passcode_forgotten
train-09283,Do you know the process how to activate my card?,activate_my_card
train-01636,Is there an age limit to when my child can use these services?,age_limit
train-05842,I'm not sure why the card payment didn't work.,declined_card_payment
train-06251,Your machine took my card. How do I get it back?,card_swallowed
train-07825,Do you charge for sending out more cards?,getting_spare_card
train-01908,what is the fee for a transfer into my account,top_up_by_bank_transfer_charge
train-02757,I did a money transaction and the recipient doesn't see it,transfer_not_received_by_recipient
train-06024,How long until transfers complete?,pending_transfer
train-01736,How come I got blocked for entering wrong pins?,pin_blocked
train-05140,Why hasn't my card payment cleared yet?,pending_card_payment
train-01344,My card stopped working. How do I check if there is a freeze on it?,card_not_working
train-05428,I would like to cancel my previous purchase.,request_refund
train-08062,how do i get a new card,order_physical_card
train-01140,Tell me where I can find the auto top up feature and a little bit about it please.,automatic_top_up
train-00070,"My card has not been delivered yet and its been a week since I ordered it, please help",card_arrival
train-00949,I need a list of currencies you accept for exchange.,fiat_currency_support
train-09280,Can you tell me how I go about activating a new card?,activate_my_card
train-06377,I was charged multiple times for one transaction.,transaction_charged_twice
train-04173,Can I get a Visa or does it have to be something else.,visa_or_mastercard
train-05963,The card payment I made didn't work.,declined_card_payment
train-03404,After depositing a cheque my balance did not change.,balance_not_updated_after_cheque_or_cash_deposit
train-09921,I don't live in the UK. Can I still get a card?,country_support
train-09317,Can I use my new card?,activate_my_card
train-01416,Can I exchange from USD to GBP?,exchange_via_app
train-05291,"phone is gone, dont want others to access account information",lost_or_stolen_phone
train-03276,What's the deal? Money has just disappeared out of my account. I thought you offered crypto top up and it doesn't seem to working.,top_up_reverted
train-08133,How do I order my card?,order_physical_card
train-07401,How can I receive my salary in another currency?,receiving_money
train-07822,Please tell me if I'm going to be charged for sending out more cards?,getting_spare_card
train-03382,"I deposited a cheque, why isn't my balance showing that I did?",balance_not_updated_after_cheque_or_cash_deposit
train-06975,Please let me know how to change my PIN?,change_pin
train-05727,Why isn't my refund shown on my statement?,Refund_not_showing_up
train-09036,Do I get any sort of discount on volume for a lot fo currency exchanges?,exchange_charge
train-04016,Where can I locate my card PIN?,get_physical_card
train-08221,I think the exchange rate for my for my cash withdrawal is wrong,wrong_exchange_rate_for_cash_withdrawal
train-09723,Is there a way to top up using my Apple Watch?,apple_pay_or_google_pay
train-05260,"I forgot my phone at the hotel, so I can't access the app.",lost_or_stolen_phone
train-02494,I only got some of the cash I requested from the ATM,wrong_amount_of_cash_received
train-08914,I need your help immediately.  There is a 500£ cash withdrawal that I know nothing about.  I think my account has become compromised.,cash_withdrawal_not_recognised
train-06528,I need to verify the source of funds.,verify_source_of_funds
train-07322,Why do I get a fee every time I transfer?,transfer_fee_charged
train-06282,The bank machine didn't give my card back how do I get a new one fast?,card_swallowed
train-02369,I only got $20 of the $100 that I attempted to withdraw.,wrong_amount_of_cash_received
train-06800,My payment has been returned.,reverted_card_payment?
train-03816,I don't want to use this method to identify myself.,why_verify_identity
train-05173,I don't know what pending transaction means.,pending_card_payment
train-01214,Will the system automatically top up itself?,automatic_top_up
train-03781,Is the identity check part of bank policy?,why_verify_identity
train-07921,Do you charge for sending more cards?,getting_spare_card
train-05255,I think I lost my phone.  Is there a way to prevent anyone from getting into my account on it?,lost_or_stolen_phone
train-00558,There's an error in regards to the exchange rate for an item I bought.,card_payment_wrong_exchange_rate
train-02614,Why does it cost more to pay with my card?,card_payment_fee_charged
train-05112,Why is my purchase showing as pending?,pending_card_payment
train-01989,How long does it take for my top up to clear?,pending_top_up
train-06927,I'm travelling abroad but I've run into a situation where I need to change my PIN immediately. Can I do this from here?,change_pin
train-03555,why do I have an unknown payment?,card_payment_not_recognised
train-00123,Why hasn't my card arrived yet?,card_arrival
train-05769,I contacted a seller about a refund last week but he still hasn't returned my money. I am frustrated and need these funds. Please help me get my money back.,Refund_not_showing_up
train-06847,"I purchased something and the seller hasn't received the money yet, but it has been deducted from my account.",reverted_card_payment?
train-08004,Is there an option to top up with a cheque?,top_up_by_cash_or_cheque
train-01506,Could you please freeze my card immediately?,lost_or_stolen_card
train-03162,I didn't cancel my top-up.,top_up_reverted
train-04340,A friend was telling me about her disposable cards. What would I have to do to be able to get that feature?,disposable_card_limits
train-06624,How long do I have to wait for a US transfer?,transfer_timing
train-08500,"I did a bank transfer to top up, but the money is not available.",top_up_failed
train-02083,How do I revert a transaction?,cancel_transfer
train-05914,My card was refused,declined_card_payment
train-04736,Why is there a direct debit set up in my name?,direct_debit_payment_not_recognised
train-08827,I see non-received cash in my app.,cash_withdrawal_not_recognised
train-03887,why and how soon do I have to have proof of identity to you?,why_verify_identity
train-02073,I have a new card and I can't add money to it.  I tried about 30 minutes ago and it is still pending.  What do I do?,pending_top_up
train-06545,What is the source of funds for my money?,verify_source_of_funds
train-04374,I need several cards per day. And I need to be able to throw away all of the cards I make.,disposable_card_limits
train-01715,"While I was drunk, I goofed my PIN number and your machine ate my card. How can I get it back?",pin_blocked
train-09972,Do you support countries other than mine?,country_support
train-04044,Where's my card PIN?,get_physical_card
train-01170,How will I know when I can use the auto top-up feature?,automatic_top_up
train-01092,I need my card right away.,card_delivery_estimate
train-06968,Set a new PIN please.,change_pin
train-07905,Is it possible to purchase more physical cards with my account?,getting_spare_card
train-01507,"i need help, i lost my card",lost_or_stolen_card
train-06415,I made a payment and it appears it is showing twice,transaction_charged_twice
train-02571,"I am tired of getting charged fees, and I have no idea why, please let me know what/when you charge fees for.",card_payment_fee_charged
train-01959,Why hasnt my top up gone through yet?? I thought it was suppose to be instant? Am I wrong? Why is it still pending?,pending_top_up
train-00460,Your exchange rate was off.  I was charged extra on my payment that I made last Saturday.,card_payment_wrong_exchange_rate
train-04098,is my pin the same as my passcode,get_physical_card
train-00973,Will you work with any fiat currencies?,fiat_currency_support
train-01418,What currences are available for exchange?,exchange_via_app
train-08997,Is there an additional cost to exchange currencies?,exchange_charge
train-08948,What are the currency exchange fees?,exchange_charge
train-04699,There is a direct debit payment on my account that I didn't authorize.,direct_debit_payment_not_recognised
train-04529,How do I report possible fraudulent activity on my account?,compromised_card
train-01579,Could I open an account for children?,age_limit
train-06662,How long does it take for a transfer to be in my account?,transfer_timing
train-01292,Help.  My card is broken.,card_not_working
train-09156,How much does it cost to us US cards?,top_up_by_card_charge
train-08729,My account balance has not updated to reflect my recent transfer.,balance_not_updated_after_bank_transfer
train-07631,How can I transfer money between accounts?,transfer_into_account
train-05192,Why would my payment for my card show as pending?,pending_card_payment
train-05066,I entered the correct pin but I still couldnt get funds.,declined_cash_withdrawal
train-07340,I received a transfer in GBP how do I change it to a different currency?,receiving_money
train-05408,I want to cancel a purchase,request_refund
train-09137,Do you have any card fees if I want to add money using an international card?,top_up_by_card_charge
train-05808,I'm due a refund and it is not on my statement.,Refund_not_showing_up
train-08568,The top up failed,top_up_failed
train-06723,"I tried to use my debit card, but the payment did not work.",reverted_card_payment?
train-01406,How to exchange my currency,exchange_via_app
train-00754,Should my cash withdrawal still be pending?,pending_cash_withdrawal
train-04520,"There are transactions that I don't remember making, i think someone might have gotten my card details and is now using it.",compromised_card
train-01820,Is there a charge for SEPA transfers?,top_up_by_bank_transfer_charge
train-01307,Please help.  The card won't work.,card_not_working
train-00351,How are foreign exchange rates determined?,exchange_rate
train-05749,What is taking so long with my refund?,Refund_not_showing_up
train-05102,I made a payment with my card and it hasn't changed. How long do you think this will take?,pending_card_payment
train-07558,"When I tried to transfer funds to my friend today I was unable to do so, why?",failed_transfer
train-08684,Why isn't my balance reflecting a transfer I did?,balance_not_updated_after_bank_transfer
train-03751,how do i get into my account and edit my details,edit_personal_details
train-01107,When can I expect my new card to get here?,card_delivery_estimate
train-04386,What are the restrictions on the virtual cards?,disposable_card_limits
train-09081,Do you have any fees if I want to add money using an international card.,top_up_by_card_charge
train-00616,I am seeing and extra 1$ charged to my account and wanted to know about it.,extra_charge_on_statement
train-06733,I made a payment and it was reverted and wanted to know why?,reverted_card_payment?
train-04239,"I tried topping up using my card, but the money is gone?",topping_up_by_card
train-08964,How much to exchange currencies?,exchange_charge
train-00976,Which fiat currencies do you currently support? Will this change in this future?,fiat_currency_support
train-02501,I tried to withdraw 50 pounds but it only gave me 30. Where is the rest of my money?,wrong_amount_of_cash_received
train-06910,Do I need to go to a physical bank to change my PIN?,change_pin
train-05512,I want to talk about an order that I placed a long time ago and have yet to receive. I demand a refund due to lack of delivery of the product!  I refuse to pay for something I never got.,request_refund
train-08342,The exchange rate for my cash withdrawal was incorrect,wrong_exchange_rate_for_cash_withdrawal
train-02033,Is there a reason that my top-up is still pending?,pending_top_up
train-04859,I don't remember my password,passcode_forgotten
train-08026,How can I fill up my gas tank using a check?,top_up_by_cash_or_cheque
train-00383,Can you explain your exchange rates basis?,exchange_rate
train-07004,Can I change my pin number at a cash machine?,change_pin
train-08665,How long do transfers take to show up in my account?,balance_not_updated_after_bank_transfer
train-03920,I'm not able to verify my identity.,unable_to_verify_identity
train-08216,Why did my exchange rate change?,wrong_exchange_rate_for_cash_withdrawal
train-01276,Today I was out eating and my card was declined. Why's that?,card_not_working
train-02476,My cash withdrawal was not entirely complete,wrong_amount_of_cash_received
train-08725,"Transferred to account is not successful, help please?",balance_not_updated_after_bank_transfer
train-06498,What information do I need to see my source of money?,verify_source_of_funds
train-02507,The amount of money I pushed at the atm machine did not come out of the machine.,wrong_amount_of_cash_received
train-07021,What is the reason I couldn't do a transfer to a beneficiary?,beneficiary_not_allowed
train-00583,I have no idea why there is a dollar that has been charged to my account.,extra_charge_on_statement
train-05452,What is your refund policy for products I have purchased?,request_refund
train-04780,In the app I see a direct debit that I don't recognize.,direct_debit_payment_not_recognised
train-09010,How much does it cost to exchange my balance into a foreign currency?,exchange_charge
train-00788,The machine didn't work earlier when I went to get money out and now my account says transaction in progress.Why?,pending_cash_withdrawal
train-01443,How do I make a currency exchange?,exchange_via_app
train-01947,"My top up has been pending for an hour already, and I really need this to go through as soon as possible.  Can you help?",pending_top_up
train-04798,My account was charged a debit payment I don't recognize.,direct_debit_payment_not_recognised
train-04669,I see a direct debit transaction that I didn't make.,direct_debit_payment_not_recognised
train-02418,Got only $20 when I tried to withdraw $100.,wrong_amount_of_cash_received
train-08796,My wallet was taken and I see that someone is using my card!   Please help me!,cash_withdrawal_not_recognised
train-03240,"Hi there, I came across a problem with my top up and my money is missing, was there a system error?",top_up_reverted
train-03044,How do I get a virtual card on my device?,getting_virtual_card
train-08916,How can I verify if a cash withdrawal was made from my account? I still have my card with me but I did not authorize the withdrawal that just occurred.,cash_withdrawal_not_recognised
train-09201,Can I call to get my card activated?,activate_my_card
train-06888,Can I change my PIN abroad?,change_pin
train-02949,"I have a US credit card, will you accept it?",supported_cards_and_currencies
train-08195,"I received my Virtual card information, but was unable to use it to make a purchase. Why did this happen and what can I do?",virtual_card_not_working
train-01546,I think my wallet fell out on the Tube today! I realized as soon as I got to my desk. How do I cut off the card?,lost_or_stolen_card
train-01854,Will I be fined for topping up by transfer?,top_up_by_bank_transfer_charge
train-06005,Why does my transfer say it is pending?,pending_transfer
train-02097,How do I cancel a transaction?,cancel_transfer
train-03045,How do I access the virtual card?,getting_virtual_card
train-02835,How long will it be  before the person I sent money to is able to see it?,transfer_not_received_by_recipient
train-00251,What do I do to link my new card?,card_linking
train-09499,I used an ATM and there was an extra charge.,cash_withdrawal_charge
train-04396,Are there any limits if I use these virtual cards?,disposable_card_limits
train-05616,My transfer was declined. What might the reason be?,declined_transfer
train-05950,I was just needing to know why my card got declined,declined_card_payment
train-02974,"I would like to top up via credit card, which credit cards do you support?",supported_cards_and_currencies
train-06618,How long will a transfer from Europe take?,transfer_timing
train-09071,how much does it cost to add money to my card,top_up_by_card_charge
train-01278,Currently my card is broken.,card_not_working
train-01322,Today I used my card at a restaurant and it was declined. Why?,card_not_working
train-07710,Where can I find the verification code for the card top-up?,verify_top_up
train-02670,Why was an extra charge added when I used my card?,card_payment_fee_charged
train-00286,"I received my card, how do I get it to work in the app?",card_linking
train-03447,I deposited a check a few days ago and it's still not gone in! Please help me with this,balance_not_updated_after_cheque_or_cash_deposit
train-04581,Where can I get money from my card?,atm_support
train-07970,I would like to use this cheque to top up.  Can you tell me how to do that?,top_up_by_cash_or_cheque
train-04731,"I saw money was taken out of my account by a seller a while back. I do not recognize the seller, but I'm pretty certain I didn't make that payment. Can you track who the seller is?",direct_debit_payment_not_recognised
train-04914,"I don't know what my passcode is, can you help?",passcode_forgotten
train-05372,How long does it take to get a refund on something I bought?,request_refund
train-09382,Is there a cash withdrawal fee? Because I just got charged?,cash_withdrawal_charge
train-02001,My top-up hasn't happened yet.,pending_top_up
train-05850,"I was out today looking forward to paying with my new card, but the payment just kept getting declined. This is really sad, what's going on?",declined_card_payment
train-03829,What happens if I use my account and my identity verification hasn't finished?,why_verify_identity
train-06760,Why would my card payment get reverted?,reverted_card_payment?
train-00267,"I thought I lost my card but I found it today, so I would like to reactivate it.",card_linking
train-07000,Please tell me how to change my pin.,change_pin
train-09640,Can I get a new card even though I am in China?,card_about_to_expire
train-02167,I need to cancel my recent transfer as soon as possible. I made an error there. Please help before it goes through.,cancel_transfer
train-08498,I don't think that my top-up worked.,top_up_failed
train-06093,"The transfer finally worked, but how long does it stay pending?",pending_transfer
train-05149,"Hi, status of one of my card payment is still pending from a while. Please let e know how much time it will take to complete.",pending_card_payment
train-03487,there is a charge i dont recognize,card_payment_not_recognised
train-02331,Why did I only receive a partial amount of what I tried to withdraw?,wrong_amount_of_cash_received
train-07165,When I made a transfer I was charged extra.,transfer_fee_charged
train-09967,Can I have a card even if I am not living in the UK?,country_support
train-05340,I accidentally left my phone at the hotel so now I'm not able to use the app.,lost_or_stolen_phone
train-06279,I cannot get my card out of the ATM.,card_swallowed
train-06966,May I change my PIN?,change_pin
train-05744,"I'm expecting a large refund from a store I returned merchandise to recently.  They say they have sent the money but I don't see it in my account, can you help.",Refund_not_showing_up
train-03077,I've got to have one of those virtual cards.,getting_virtual_card
train-00947,How do I go forth on holding money in multiple currencies?,fiat_currency_support
train-08731,"Bank transfer to account did not show up, please help?",balance_not_updated_after_bank_transfer
train-03271,Why did you revert my top up?,top_up_reverted
train-09650,"I need to top up, can I use google pay?",apple_pay_or_google_pay
train-05307,What should I do if someone stole my phone?,lost_or_stolen_phone
train-04248,My wallet doesn't show my recent top up.,topping_up_by_card
train-06823,"There's a problem - I bought something about a week or two ago but just today the payment somehow came back into my account! I already received the item though, what's going on here?",reverted_card_payment?
train-01957,Should my top-up be completed by now?,pending_top_up
train-05680,I need my refund,Refund_not_showing_up
train-09565,If my card is about to expire how long would it take to receive a new one and how much would that cost me?,card_about_to_expire
train-08690,when will the balance on my account change form a transfer,balance_not_updated_after_bank_transfer
train-09308,"I want to activate my card, how do I do it?",activate_my_card
train-07675,I am looking to transfer some money from my other bank account into this one.,transfer_into_account
train-08369,Why was my cash withdrawal given the wrong exchange rate?,wrong_exchange_rate_for_cash_withdrawal
train-08553,I need help reapplying my top-up. It seems it isn't working.,top_up_failed
train-04616,Are there only certain ATM machines where I can use this card?,atm_support
train-02651,What are the fees imposed when I make a transaction?,card_payment_fee_charged
train-08852,"There was money taken out of my account, and I'm pretty sure I didn't do it.",cash_withdrawal_not_recognised
train-01183,Can I set the account to auto top-up?,automatic_top_up
train-02046,How long does it take for a top up to be approved?,pending_top_up
train-07672,I am out of money in my account and I was wondering if I could do a bank transfer is put more in it?,transfer_into_account
train-09279,I need more assistance with how to activate my card.,activate_my_card
train-05329,"I have lost my phone, what steps can I take to prevent someone using my account?",lost_or_stolen_phone
train-04505,think someone is using my card with permission,compromised_card
train-02109,"My transfer was wrong, are you able to stop it before it goes through please?",cancel_transfer
train-09459,Why was I charged an extra fee from the ATM?,cash_withdrawal_charge
train-08736,I transferred some money but it hasn't arrived yet,balance_not_updated_after_bank_transfer
train-06844,Why has my money been returned back to my card.,reverted_card_payment?
train-09718,Does google play offer the service to Top up?,apple_pay_or_google_pay
train-02795,How long should it take for a transfer to go through? I have been waiting a while.,transfer_not_received_by_recipient
train-09571,Do I need to order a new card if mine is expiring?,card_about_to_expire
train-07217,Why was I charged this extra fee while doing a transfer?,transfer_fee_charged
train-05386,I want to know about your refund policy.,request_refund
train-10001,Are cards available in the EU?,country_support
train-05279,"stolen phone, what should i do",lost_or_stolen_phone
train-09044,Do I have to pay more for exchanges?,exchange_charge
train-06417,I noticed that my card was charged more than once for one thing.,transaction_charged_twice
train-02611,I paid with my card and I was charged a fee,card_payment_fee_charged
train-02321,is there a limit on top ups,top_up_limits
train-06280,An ATM machine didn't return my card.,card_swallowed
train-01557,I want to open an account for my children,age_limit
train-01073,How long is US delivery?,card_delivery_estimate
train-06492,What source do my fund come from?,verify_source_of_funds
train-03593,I have a card payment that I don't recognize. What should I do?,card_payment_not_recognised
train-02302,Will you set a limit to my top-up?,top_up_limits
train-03108,What kind of businesses will take my card?,card_acceptance
train-08753,Why didn't the money I transferred into my account get added to my balance?,balance_not_updated_after_bank_transfer
train-09776,why must I prove ID,verify_my_identity
train-07643,I want to transfer a sum of money from another bank account I have into this one,transfer_into_account
train-02094,I made a mistake and performed a transaction on the wrong account!,cancel_transfer
train-03535,I did not do this payment,card_payment_not_recognised
train-06749,Why has my payment been reversed?,reverted_card_payment?
train-07420,Do I need to add my salary?,receiving_money
train-03398,I made a cash deposit going to my account but it is not there,balance_not_updated_after_cheque_or_cash_deposit
train-02397,"I think something went wrong, I didn't get the right amount.",wrong_amount_of_cash_received
train-08919,Why is my app showing me taking money that I did not take out?,cash_withdrawal_not_recognised
train-00329,How do you calculate exchange rates?,exchange_rate
train-06154,cancel my account,terminate_account
train-04368,What is the number of transactions I get with a disposable card?,disposable_card_limits
train-02886,How can I fund another account with my American Express?,supported_cards_and_currencies
train-03965,I'm not sure how to provide my identity.,unable_to_verify_identity
train-04480,"I can't be sure, but I think that someone may be using my card.",compromised_card
train-08566,What if my top up didn't work?,top_up_failed
train-02365,I didn't receive the amount of cash I requested for the ATM.,wrong_amount_of_cash_received
train-01816,"What is the reason when I tried to pay contactless at the bus, it didnt work?",contactless_not_working
train-01265,My card gets rejected when I try to use it,card_not_working
train-02994,"Top up my card please, which y'all support?",supported_cards_and_currencies
train-09535,Will I be sent a new card before mine expires?,card_about_to_expire
train-02729,"How long does it take for transfers to process?  I sent funds to a friend, and she says that she has not yet received anything.",transfer_not_received_by_recipient
train-02447,i asked for 100 only got 80,wrong_amount_of_cash_received
train-01972,"I'm waiting on a top-up, its still pending",pending_top_up
train-06214,"how to delete account, not happy",terminate_account
train-02248,What is the greatest number of times that I can top-up?,top_up_limits
train-01873,What does it cost to receive a SEPA transfer?,top_up_by_bank_transfer_charge
train-03520,A payment I didn't do shows in my app,card_payment_not_recognised
train-04718,"Hi, i was checking my old statements and found a discrepancy with a large amount transaction. I am sure it was not done by me. Please let me know if i could raise a dispute as its very late.",direct_debit_payment_not_recognised
train-02768,My new landlord says he hasn't received the rent payment that I transferred a couple days ago. I've already checked the account numbers and they are correct. Can you tell me what's going on with this transaction that the transfer isn't showing up on my landlord's end?,transfer_not_received_by_recipient
train-03704,Can I change my details because I moved?,edit_personal_details
train-01553,I lost my card. Can you help me?,lost_or_stolen_card
train-04389,Can i make several disposable cardsper day?,disposable_card_limits
train-09597,How do I order a new card if my current one is about to expire?,card_about_to_expire
train-08100,can i get a physical card online,order_physical_card
train-06341,I got charged twice for the same payment. Please removed the pending payment. Thank you.,transaction_charged_twice
train-02668,Please tell me why I would have to pay a fee for a recent payment. Thanks.,card_payment_fee_charged
train-03167,Why did my top up get reverted?,top_up_reverted
train-08267,Is it possible to use an ATM when I am not in the country and make a withdraw with out extra fees?,wrong_exchange_rate_for_cash_withdrawal
train-07288,Why am I being charged for transferring money?,transfer_fee_charged
train-06271,How do I get my card out of the ATM?,card_swallowed
train-02499,I got some cash but it wasn't the right amount.,wrong_amount_of_cash_received
train-05404,I would like my money back for an item I purchased,request_refund
train-07898,How much does it cost for additional cards?,getting_spare_card
train-01665,Do you have an age requirement when opening an account with your service?,age_limit
train-07189,I did a transfer.  What is the extra fee?,transfer_fee_charged
train-01213,"If my account is low in funds, can I set an auto top-up?",automatic_top_up
train-03588,Have a payment that I haven't done.,card_payment_not_recognised
train-09813,What are the steps for identity checks?,verify_my_identity
train-01493,My card is lost!  Please help me!,lost_or_stolen_card
train-05396,I made a purchase recently but I have decided that I'm not buying it and I need to receive my money back. Can you please give me a refund ASAP. It's extremely urgent.,request_refund
train-05928,I don't understand why my payment was declined. I thought everything was ok.,declined_card_payment
train-09045,Can I be charged for exchanging foreign currency?,exchange_charge
train-03357,Why is the cash not showing in my account for the check I deposited?,balance_not_updated_after_cheque_or_cash_deposit
train-09411,Please help!  There was an extra fee when I got cash.,cash_withdrawal_charge
train-08461,How to a go about ordering a disposable virtual card?,get_disposable_virtual_card
train-03651,I am here to change my adress.,edit_personal_details
train-03015,Can i have a virtual card?,getting_virtual_card
train-09787,Hi! What documents can I use to verify my identity?,verify_my_identity
train-07277,"I was charged a fee when I transferred my funds, why?",transfer_fee_charged
train-05999,When will the transaction post to my account?,pending_transfer
train-09906,Is it possible to get one of your cards in the European Union?,country_support
train-05739,The refund on my account hasn't shown up,Refund_not_showing_up
train-07383,Can I use my salary for this?,receiving_money
train-08249,I used the ATM to get money out and did not realize I would be charged as much as I was or I would not have done that!,wrong_exchange_rate_for_cash_withdrawal
train-01841,Will I be charged for a top off transfer?,top_up_by_bank_transfer_charge
train-07415,Can I use a transfer to receive my transfer?,receiving_money
train-05024,why wouldnt the atm give me money,declined_cash_withdrawal
train-06576,How do I know where the funds come from?,verify_source_of_funds
train-03294,Why did my top up get pulled back out?,top_up_reverted
train-00971,Please tell me the types of currency I can hold.,fiat_currency_support
train-09785,What documents are required for proof of identity?,verify_my_identity
train-09799,What are the steps to verify identity?,verify_my_identity
train-00124,I thought I would have received my new card at this point.,card_arrival
train-00414,the exchange rate on my payment was wrong,card_payment_wrong_exchange_rate
train-03056,I want one of the virtual cards!,getting_virtual_card
train-02604,What are these fees i am paying?,card_payment_fee_charged
train-05215,"I have made a payment by my card, and its still pending since a long time. Could you please tell me when it will process.",pending_card_payment
train-02585,I want to see what this fee is on my card payment.,card_payment_fee_charged
train-04958,"Please double check my card - withdrawal was working fine so far, but this morning on the way to work it suddenly got declined!",declined_cash_withdrawal
train-04485,Should I order a new card before I freeze my original one?,compromised_card
train-05294,Is it possible to access my phone from the hotel/,lost_or_stolen_phone
train-00084,"If I ordered my new card last week, how much longer should I wait to receive it?",card_arrival
train-06356,I was charged twice for an in-store purchase that I thought was declined.  My App says that it's still pending for one of the payments. Please make sure one of the charges is removed.,transaction_charged_twice
train-01204,Can I auto top up multiple times?,automatic_top_up
train-04884,"I cannot remember my passcode, is there a way to retrieve it?",passcode_forgotten
train-00569,I made a purchase but the exchange rate is wrong?,card_payment_wrong_exchange_rate
train-05089,Why am I unable to withdraw money even though in the past I've done it just fine?,declined_cash_withdrawal
train-02898,Which foreign currencies do you accept for adding money?,supported_cards_and_currencies
train-09899,May I get one of your cards?  I live in the EU.,country_support
train-00525,I think that the exchange rate was wrong for the payment made last Saturday - I was charged extra.,card_payment_wrong_exchange_rate
train-02160,"I made a mistake and did a transaction to a wrong account, can I cancel?",cancel_transfer
train-00127,Am I able to track a card that has already been sent?,card_arrival
train-08091,Where will I get my card?,order_physical_card
train-00865,"Hello, I tried to take some cash out of the ATM but I looked at my statement and it still shows that it's pending. Is the machine broken? Will I receive my money back or will I be charged for this?",pending_cash_withdrawal
train-03949,The app can't verify my information for identity proofing purposes.,unable_to_verify_identity
train-03906,The app does not know it is me.,unable_to_verify_identity
train-09168,Will you charge me more if I top up with an international card?,top_up_by_card_charge
train-07840,My daughter would like a card from my account?  Can I do this?,getting_spare_card
train-06129,I have a transfer that was approved that I'm urgently waiting for. How long am I supposed to wait for it?,pending_transfer
train-02218,My transaction from earlier needs to be reversed.,cancel_transfer
train-07960,Can I top up with cash,top_up_by_cash_or_cheque
train-01537,I cant find my card.,lost_or_stolen_card
train-06640,Can you please tell me how long it takes for the transfer to be available.,transfer_timing
train-06554,Can you tell me where my funds come from?,verify_source_of_funds
train-02335,"I tried to withdraw $100, all it gave me was $20.",wrong_amount_of_cash_received
train-00359,How will I know what the exchange rate is?,exchange_rate
train-03281,I want to know why my top-up was reverted,top_up_reverted
train-05233,How long does it take for a payment to change from pending?,pending_card_payment
train-02031,Can you tell me what is wrong ? I top-up with you all the time but this time it just shows my top-up as pending. What is happening?,pending_top_up
train-01834,Do you accept SWIFT transfers?,top_up_by_bank_transfer_charge
train-00102,Is there a way I can check on the card on route to me?,card_arrival
train-00288,if i found a lost card can i put it back in app,card_linking
train-07446,I was unable to transfer money from my account.,failed_transfer
train-09259,I have my card now how do I activate it?,activate_my_card
train-09083,Is there a fee to add money to an international card?,top_up_by_card_charge
train-02784,I transferred money and it hasn't come yet,transfer_not_received_by_recipient
train-08565,It does not appear that my message went through.,top_up_failed
train-05805,"As advised by you, i requested seller to refund my money. A week has passed but i haven't got any update from seller. Please track the refund with the seller.",Refund_not_showing_up
train-01622,How can I open an account for my children?,age_limit
train-05169,"Hi,  One of payment is still coming as pending for which i have already paid by card. I guess it did not processed, could you please check and update me.",pending_card_payment
train-00872,how long until a cash withdrawal will show on my account,pending_cash_withdrawal
train-07881,"If I want to send out more cards, do you charge extra for that?",getting_spare_card
train-01693,Help me unblock my PIN.,pin_blocked
train-06515,Can I track history on funds?,verify_source_of_funds
train-02406,I tried withdrawing but my cash is not showing up?,wrong_amount_of_cash_received
train-09104,What is the charge for topping up a card?,top_up_by_card_charge
train-09728,What are the steps needed to top up with Apple Pay?,apple_pay_or_google_pay
train-06012,"I'm hoping you can answer my question about a pending transfer that I've had for a while now.  I know that all of the account details are correct, so why is it taking so long to go through?",pending_transfer
train-04665,How can I get my money back for a payment i didnt make,direct_debit_payment_not_recognised
train-03911,I can't upload my identification.,unable_to_verify_identity
train-05097,How long does it actually take for a card payment to go through? There's one stuck since a couple days already that doesn't seem to move,pending_card_payment
train-01797,My contactless stopped working today for no good reason. It's not working no matter where I try to use it. Can you please help me fix it?,contactless_not_working
train-06886,Can I change my PIN at any cash machines?,change_pin
train-09708,I can't use top up on Google Pay.,apple_pay_or_google_pay
train-00098,"I would like to track a card sent to me, how do I do that?",card_arrival
train-05987,My card payment was not successful.,declined_card_payment
train-02951,how do i add money from my amex card to top up,supported_cards_and_currencies
train-04062,How long do I wait for my PIN,get_physical_card
train-01888,Are you aware of any charges for receiving money?,top_up_by_bank_transfer_charge
train-07787,Tell me how to verify a top up.,verify_top_up
train-01520,Someone stole my wallet with my card in it while vacationing in Spain. I really need my card blocked and a new one ordered.,lost_or_stolen_card
train-04688,I found a charge on my debit that I did not make.,direct_debit_payment_not_recognised
train-04346,Is there a limit on the number of times I can use a disposable card?,disposable_card_limits
train-01823,Will you guys charge me for topping up by transfer?,top_up_by_bank_transfer_charge
train-07844,Can I have a duplicate second card?,getting_spare_card
train-03939,I am not recognized by the app.,unable_to_verify_identity
train-09742,how do i setup my apple pay,apple_pay_or_google_pay
train-07402,Are there ways for other people to send me money?,receiving_money
train-06585,How can I find out where the funds are flow?,verify_source_of_funds
train-05706,How can I check if I have received a refund if it is not yet on my statement?,Refund_not_showing_up
train-08279,The cash withdrawal I took seems to be off. The exchange rate is wrong.,wrong_exchange_rate_for_cash_withdrawal
train-01559,Whats the minimum age to have an account,age_limit
train-07371,Can I receive money in a different countries money?,receiving_money
train-09704,"Using Google Pay, can I top up?",apple_pay_or_google_pay
train-03249,I topped up but the app declined it,top_up_reverted
train-06648,When can I expect money to be transferred to my account?,transfer_timing
train-04872,Where do I go to reset my passcode?,passcode_forgotten
train-04245,Is my account able to be topped up by my friends?,topping_up_by_card
train-03168,What caused my top-up to be returned?,top_up_reverted
train-09910,What countries can I use my account in?,country_support
train-02016,Should my top up still be pending?,pending_top_up
train-08364,The rate of exchange for my cash withdrawal is wrong.,wrong_exchange_rate_for_cash_withdrawal
train-06656,"I need to transfer something from China, How long will it take?",transfer_timing
train-02749,Two days ago I did a transfer to another account within the country.  It doesn't appear the transfer went through.  I have verified the account number several times.  Could you please check on this for me?,transfer_not_received_by_recipient
train-05211,why do I have a pending payment?,pending_card_payment
train-08425,Please tell me about disposable cards.,get_disposable_virtual_card
train-00740,I tried to get cash out of the ATM but it is taking too long,pending_cash_withdrawal
train-02908,What currencies and methods can i use to top up my account?,supported_cards_and_currencies
train-07848,I was wondering if I could get a second card on this account? I would like my daughter to have one.,getting_spare_card
train-00192,"May I reactivate my card? I previously reported it lost, but have now found it safe and sound.",card_linking
train-06366,I have been charged two times for one transaction.,transaction_charged_twice
train-03696,How would I change my details?,edit_personal_details
train-00048,Can I track when my card will be delivered?,card_arrival
train-01585,How do I open an account for my children?,age_limit
train-02868,How long do transfers take? I sent money to a friend who needs it urgently. It's been hours and has not gone through.,transfer_not_received_by_recipient
train-00306,Your exchange rates come from where?,exchange_rate
train-03410,Why hasn't my balance been updated from the check deposit I made?,balance_not_updated_after_cheque_or_cash_deposit
train-08422,can i get a virtual card,get_disposable_virtual_card
train-00175,Can I reactivate a card?,card_linking
train-03298,"Hae, I already completed my 3D secure authentication when I tried the crypto top up but it's still not working for me. I also don't understand what happened to the money in my account",top_up_reverted
train-02664,I recently bought an item using my card and I was charged an extra fee why is this?,card_payment_fee_charged
train-08628,Money that I have transferred hasn't arrived yet,balance_not_updated_after_bank_transfer
train-08262,I don't think the exchange rate was right.,wrong_exchange_rate_for_cash_withdrawal
train-07936,Will a cheque suffice?,top_up_by_cash_or_cheque
train-08012,How do I use cash to top up my account?,top_up_by_cash_or_cheque
train-07866,Can another family member hold a card for this account in addition to mine?,getting_spare_card
train-09612,"Soon my card will expire, how do I get a new one?",card_about_to_expire
train-08331,the exchange rate was different than expected,wrong_exchange_rate_for_cash_withdrawal
train-00896,Can you convert to EUR?,fiat_currency_support
train-06676,How long will a transfer take from Europe?,transfer_timing
train-02511,There was a fee charged when I paid with my card.,card_payment_fee_charged
train-05310,I was mugged.  They took everything.  I can't use the app.  What do I do?,lost_or_stolen_phone
train-02089,I would like help to revert a transaction I did this morning,cancel_transfer
train-03869,Why do you need so much information about my identity?,why_verify_identity
train-05802,How do I find the refund on my statement?,Refund_not_showing_up
train-04796,I just found a payment from a while back in my account that I didn't make.  Can I still dispute it even though it was a couple of months ago?,direct_debit_payment_not_recognised
train-00741,Why is the cash withdrawal under pending?,pending_cash_withdrawal
train-07247,Why did you charge me a fee when I made a transfer?,transfer_fee_charged
train-07452,Why did my transfer not work?,failed_transfer
train-06852,I am not able to make a purchase because there is an issue with my card,reverted_card_payment?
train-03689,after i got married i need to change my name,edit_personal_details
train-01381,I am trying to find out how to exchange currency X with currency Y.,exchange_via_app
train-00103,When will my new card arrive?,card_arrival
train-05093,Could you please tell me why my purchases from this morning say payment is pending?,pending_card_payment
train-08437,What can you use the disposable cards for?,get_disposable_virtual_card
train-05379,I'm interested in learning more about product refunds.,request_refund
train-09868,What do I use to verify my identity?,verify_my_identity
train-00695,How come there is a $1 extra charge on my statement?,extra_charge_on_statement
train-06563,How do I see my source of funds?,verify_source_of_funds
train-01256,"For a week now, I have tried to use my card and it is still not working.",card_not_working
train-02079,"I needed to make a payment on my account, but I typed in the incorrect number.  The app won't allow me to cancel this transaction.  I need it cancelled ASAP!!",cancel_transfer
train-06141,please delete account,terminate_account
train-08655,How long to UK transfers usually take? I made a transfer but it didn't pop up in my history yet. I just want to make sure it went through.,balance_not_updated_after_bank_transfer
train-06814,What is the reason for my card payment to be reverted?,reverted_card_payment?
train-08096,Is a physical charge extra,order_physical_card
train-00626,What is the extra fee on my statement?,extra_charge_on_statement
train-01456,Can this convert money?,exchange_via_app
train-08365,"I have a question about ATM transactions. Can I take money out of an ATM when I'm traveling abroad? And, can I get the money in my home currancy?",wrong_exchange_rate_for_cash_withdrawal
train-08334,I'm upset because I got charged a ridiculous fee when making an ATM withdrawal over a holiday weekend.  It didn't notify me beforehand either or I wouldn't have ever done it.,wrong_exchange_rate_for_cash_withdrawal
train-07682,What is the verification code for my top up card?,verify_top_up
train-02169,A payment I made is for a wrong amount can you help me correct the mistake.,cancel_transfer
train-04011,"I don't know my PIN, how can I find that out?",get_physical_card
train-09870,"For the identity check, what kind of documents do I need to have?",verify_my_identity
train-01093,Can i choose a specific delivery date?,card_delivery_estimate
train-08641,It is common for an international transfer to take 2 days or longer? I made a transfer from France 2 days ago and I have not seen it yet.,balance_not_updated_after_bank_transfer
train-07719,Why do we need to verify top-up?,verify_top_up
train-02527,Why was I charged an extra fee when paying with card?,card_payment_fee_charged
train-05021,"Hi, I am unable to use my card in ATM. I had tried my card in two ATMs but both ATMs declined it. Could you please check my account?",declined_cash_withdrawal
train-03148,Where can I use this card?,card_acceptance
train-01367,Can i add a new currency to my account?,exchange_via_app
train-05297,Can my account me accessed by a thief?  I was mugged.,lost_or_stolen_phone
train-09326,I just got my new card.  How can I activate it?,activate_my_card
train-08811,I believe my card has been compromised as there's a cash withdrawal I don't recognize.,cash_withdrawal_not_recognised
train-06148,"I need to delete my account, please.",terminate_account
train-01321,I haven't been able to complete any transactions on my card today. Do you know what's wrong?,card_not_working
train-04418,How many disposable cards can you own?,disposable_card_limits
train-03094,"I did not get my virtual card yet, Why?",getting_virtual_card
train-02943,What currencies do you accept for adding money to my account?,supported_cards_and_currencies
train-06516,where can I see who sent me funds,verify_source_of_funds
train-06463,How do a reverse a duplicated charge?,transaction_charged_twice
train-09932,How do I sign up for a card if I'm in America?,country_support
train-00915,"I need to hold money, what currencies can I use?",fiat_currency_support
train-02234,What is the max amount of top-ups?,top_up_limits
train-02101,I need a transfer cancelled.,cancel_transfer
train-04808,I checked my account and see that funds were deducted from a seller I didn't approve of. Can you help me understand?,direct_debit_payment_not_recognised
train-02680,"There was an extra fee when I paid with my card, why was i charged this extra fee?",card_payment_fee_charged
train-00077,Does the card you sent have a tracking number?,card_arrival
train-07559,"I've tried to send money to my friends and I keep getting rejected. Can you please tell me why, I don't understand.",failed_transfer
train-06336,I have two of the same charges on my account!,transaction_charged_twice
train-09570,I will need a new card because mine is almost expired.  How fast do I get a replacement and what is the cost?,card_about_to_expire
train-00853,Why does my account show as pending a cash withdrawal from the ATM that I have already made?,pending_cash_withdrawal
train-06880,My payment did not go through because the app reverted it,reverted_card_payment?
train-06310,"My husband and I went out for our weekly ""dinner and a movie,"" and it was my turn to pick up the check. Now I see that my card was charged twice. Who should I contact about negating the second charge and getting my card credited?",transaction_charged_twice
train-03557,"I just saw some charges on my card from the past days that I dont recognize, I need to freeze the card asap! Will I be able to get my money back?",card_payment_not_recognised
train-09059,Is there an additional charge to exchange currencies?,exchange_charge
train-06681,I must make a transfer from China and it is urgent. How long before the transfer is complete?,transfer_timing
train-05082,How come the ATM won't give me my money?,declined_cash_withdrawal
train-09826,with what can I verify my identity?,verify_my_identity
train-07095,I was unable to transfer money to a beneficiary.,beneficiary_not_allowed
train-02732,I am just waiting on the completion of the transaction.,transfer_not_received_by_recipient
train-01184,Are there any hidden limit on the auto top-up?,automatic_top_up
train-02438,Earlier today I took money out the ATM. After checking the app the amount is so much higher than the amount I received.,wrong_amount_of_cash_received
train-01019,Can I choose when my card is delivered?,card_delivery_estimate
train-02760,Why didn't my friend's transaction arrive yet?,transfer_not_received_by_recipient
train-04254,Is it possible to top up by card?,topping_up_by_card
train-05389,I am quite aggravated that I ordered online almost a month ago and I never got my package and I paid for it. I would really appreciate it if I could get a full refund back now.,request_refund
train-05128,A card payment on my account is shown as pending.,pending_card_payment
train-01505,"My wallet was stolen, along with my cards. How do I put a freeze on my cards and order a new one?",lost_or_stolen_card
train-06864,Why wasn't my payment accepted by the app,reverted_card_payment?
train-00924,Is it possible to hold money in multiple currencies?,fiat_currency_support
train-07483,The transfer I tried to make failed.,failed_transfer
train-09861,What do you require for identification verification?,verify_my_identity
train-02258,Is there a limit to how much I can top up?,top_up_limits
train-01352,What's going on with my card? I've tried multiple times and it never goes through.,card_not_working
train-05692,Why is my refund not visible on my statement?,Refund_not_showing_up
train-05068,"Why does the ATM continually decline my card? I've tried multiple times on different machines with the same results. I thought I had enough funds for this, so please help me understand why this is happening.",declined_cash_withdrawal
train-04125,Are visa and mastercard accepted,visa_or_mastercard
train-07812,What's the limit on total number of cards I can have?,getting_spare_card
train-02060,"new customer and filling gas for the first time today, not working,",pending_top_up
train-05811,I was told I would be getting a refund but I have yet to see it,Refund_not_showing_up
train-05911,I could not get my card to work at a shop.,declined_card_payment
train-01755,How to unblock my PIN?,pin_blocked
train-04896,I've forgotten my app passcode completely.,passcode_forgotten
train-05699,i need a refund right away but the funds aren't available in my account,Refund_not_showing_up
train-07311,Will I get extra charges?,transfer_fee_charged
train-04589,Is the closest ATM to me within 2 miles?,atm_support
train-07016,My transfer to an account failed.,beneficiary_not_allowed
train-09760,"I got my American Express in Apple Pay, why is top up not working correctly?",apple_pay_or_google_pay
train-01770,My account is blocked because I entered the wrong pin too many times.  Help me unblock.,pin_blocked
train-06290,I have lost my credit card in the ATM!,card_swallowed
train-08593,I could not get the top-up to go through,top_up_failed
train-01429,Can I exchange currencies with the app?,exchange_via_app
train-02942,What US credit cards do you accept?,supported_cards_and_currencies
train-01774,How do I unlock my account after typing in the wrong PIN too many times?,pin_blocked
train-01851,What is the charge to make a transfer,top_up_by_bank_transfer_charge
train-05759,I requested a refund from Next because the dress I purchased had three arm holes. They said they sent the refund last Wednesday which is nearly a week ago and I still don't have it.  Why not?,Refund_not_showing_up
train-09914,Are cards issued to people living in the US?,country_support
train-01894,Does it cost me anything to top up my account via bank transfer?,top_up_by_bank_transfer_charge
train-01437,What's the process of changing from GBP to AUD?,exchange_via_app
train-08383,How can I create a disposable virtual card?,get_disposable_virtual_card
train-00119,How long does it take to recieve my new card?,card_arrival
train-06191,How do I terminate my account.,terminate_account
train-06337,Why am I being charged for the same thing twice?,transaction_charged_twice
train-00439,What if there is an error on the exchange rate?,card_payment_wrong_exchange_rate
train-07664,I want to transfer money from another account into this one.,transfer_into_account
train-00153,My card has been found. Is there any way for me to put it back into the app?,card_linking
train-09915,In which countries does your app work,country_support
train-04307,Can my account be topped up by my friends?,topping_up_by_card
train-01934,Why is my top up not completing?,pending_top_up
train-05025,"My cash withdrawal was declined, why?",declined_cash_withdrawal
train-07896,I would like to get a few more physical cards.,getting_spare_card
train-00222,How do I get my card on the app?,card_linking
train-01671,"I locked myself out of my account, how do I unblock my PIN?",pin_blocked
train-02301,Is there a maximum for top-ups?,top_up_limits
train-07218,why was i chargged,transfer_fee_charged
train-01968,I attempted to top up my account but it's been frozen in a pending state for well over an hour now! Is this normal? I'm a new customer and this is my first time doing this. I assumed it would be done quicker than this.,pending_top_up
train-06614,"In the US, how long is the wait for a transfer?",transfer_timing
train-00962,Can I exchange currency to Europe?,fiat_currency_support
train-05109,"My card payment is just showing up as pending since forever, what's going on with that, it should be going through at some point?",pending_card_payment
train-02023,I'm pretty sure my top up is still pending.,pending_top_up
train-04471,There are charges on my card that I haven't purchased.,compromised_card
train-03910,It can take between 10 minutes to an hour before you hear back from us about the verification result.  Please try again if your verification fails.  Make sure you double check that images are clear and all document photos are readable without blur or glare. You have to be 18 or older and live in the European Economic area or live in Switzerland to be able to open an account.,unable_to_verify_identity
train-08976,I need to exchange foreign currency will i be charged?,exchange_charge
train-09577,Can I order a new card by phone?,card_about_to_expire
train-08087,What does the bank charge for lost or stolen card replacements?,order_physical_card
train-03288,"I attempted to complete a topup, and I thought all was well, but now the money is gone again. Has there been a glitch?",top_up_reverted
train-07883,I would like to get additional physical cards at this time,getting_spare_card
train-01515,"My card was lost on vacation, I don't know where it is. Can you help me take care of this immediately?",lost_or_stolen_card
train-03317,Last week I put a cash deposit into my account and it is still isn't there.,balance_not_updated_after_cheque_or_cash_deposit
train-02315,What is the most I can top-up?,top_up_limits
train-05124,What does pending payment mean?,pending_card_payment
train-08382,How do I request a disposable virtual card?,get_disposable_virtual_card
train-03321,I can't see my cash deposit in my account.,balance_not_updated_after_cheque_or_cash_deposit
train-07731,The top-up verification code is not visible.,verify_top_up
train-08405,I want a virtual card that is disposable,get_disposable_virtual_card
train-09633,What is the process to get a new card when your old one expires?,card_about_to_expire
train-00665,What is this $1 charge on my account?,extra_charge_on_statement
train-06485,need to know where money comes from,verify_source_of_funds
train-09190,Do I need a photo ID to activate a my new card?,activate_my_card
train-09114,How much does it cost to top up a US-issued card?,top_up_by_card_charge
train-05482,I want my purchases cancelled.,request_refund
train-02591,"Unbeknownst to me, there was an additional charge on my prior transaction. A notification of sorts should be required and explained before future payments are made.",card_payment_fee_charged
train-04398,Where can I find a list of descriptions the disposable cards have?,disposable_card_limits
train-03217,I thought crypto top up with something you offer. This is not working. The money has been deducted from my account. Can you find out what's going on?,top_up_reverted
train-01547,My card is missing.,lost_or_stolen_card
train-09097,Will I see fees from adding money with an international card?,top_up_by_card_charge
train-02276,What is the maximum top up?,top_up_limits
train-03381,Why isn't my cash deposit showing up in my account? I deposited it this morning.,balance_not_updated_after_cheque_or_cash_deposit
train-05662,"i have tried everything to complete a transfer but can't, what should i do next",declined_transfer
train-00083,Can I track the card that was just sent to me?,card_arrival
train-04708,"Am I able to look back at a transaction to see who with drawled some money from my account? I don't remember authorizing this a few weeks ago, but wanted to double check who took the money.",direct_debit_payment_not_recognised
train-00667,Why did a transaction I made charge me $1?,extra_charge_on_statement
train-08784,I looked on the app and it says I withdrew cash.  I didn't!,cash_withdrawal_not_recognised
train-09110,How much is the charge to top up via credit card?,top_up_by_card_charge
train-09054,What is the fee for a foreign currency exchange?,exchange_charge
train-03673,How can I change my name in my profile?,edit_personal_details
train-04325,My money disappeared right when I tried to top up,topping_up_by_card
train-08746,Good afternoon. I made a transfer from my UK bank account.  I haven't seen anything on the account in the pass few hours. Please check the account to make sure everything is fine.,balance_not_updated_after_bank_transfer
train-08764,I transferred some money a couple days ago but haven't received it yet. How long should I expect to wait?,balance_not_updated_after_bank_transfer
train-01172,Can I auto-top up?  How do I do it?,automatic_top_up
train-02177,I want to take back my transaction,cancel_transfer
train-07798,How can I verify my top up?,verify_top_up
train-09592,How do I replace my card before it expires?,card_about_to_expire
train-06136,"Pending still shows on this transfer, why?",pending_transfer
train-06224,Close down my account.  I don't like your service.,terminate_account
train-03973,Why am I unable verify my id?,unable_to_verify_identity
train-06638,"I'm waiting for a transfer from the US, how much longer?",transfer_timing
train-09410,I got cash and was charged a fee that shouldn't be there!,cash_withdrawal_charge
train-00107,I haven't received my card.,card_arrival
train-04070,do i need to wait to get my card before getting a pin,get_physical_card
train-06535,Can I see where my money is being transferred from?,verify_source_of_funds
train-08893,I think somebody made an unauthorized copy of my card.  My account has a cash withdrawal for 500£ that I did not make.  Please help.,cash_withdrawal_not_recognised
train-05778,"I was suppose to be getting a refund for something I purchased a while ago, but It still hasnt been applied to my account. When will I get my money back?",Refund_not_showing_up
train-07756,How do I verify the top up?,verify_top_up
train-01862,Can I transfer money using the SWIFT service?,top_up_by_bank_transfer_charge
train-07007,Is there something wrong with the transferring functions? I keep trying to transfer funds and only get an error message.,beneficiary_not_allowed
train-06262,The ATM sucked my card in.,card_swallowed
train-00957,Do you provide currency exchange to Euros?,fiat_currency_support
train-07219,Is there a money transfer fee?,transfer_fee_charged
train-09803,Please tell me how I verify my identity.,verify_my_identity
train-06889,Do I have to go to the bank to change my PIN?,change_pin
train-09491,I have a strange transaction on my account which appears to pertain to a cash withdrawal I made outside Nandos in Leeds.  What is that for?  Is it fraud?,cash_withdrawal_charge
train-01657,How old does one need to be?,age_limit
train-02568,"i have used my card online before and wasn't charged, why am i charged now",card_payment_fee_charged
train-02667,"Is there a fee for making a payment? If so, let me know why.",card_payment_fee_charged
train-01205,I want to use auto top-up. Is there a limit?,automatic_top_up
train-08234,I believe I got a wrong exchange rate when I got cash.,wrong_exchange_rate_for_cash_withdrawal
train-02220,"Yesterday, I made an incorrect payment to the wrong account for my rent payment. I need this addressed as soon as possible and the funds transferred to the correct account by no later than tomorrow.",cancel_transfer
train-06607,How long does a European transfer take?,transfer_timing
train-05418,Is it possible to get a refund?,request_refund
train-00620,Why do I see an extra fee on my statement?,extra_charge_on_statement
train-04952,Why couldn't I make a withdrawal from the ATM?,declined_cash_withdrawal
train-05280,Help me.  My phone has been lost or stolen!,lost_or_stolen_phone
train-09609,Do I need to re-apply to order a new card when my old one's about to expire?,card_about_to_expire
train-00167,I finally got my card.  Now I want to link it.  Is that something you have to do or can I do that?,card_linking
train-08547,Fix my top up,top_up_failed
train-03761,What should I do after I've moved and need to update my personal details?,edit_personal_details
train-05251,"My phone was stolen, what should I do first?",lost_or_stolen_phone
train-07920,Are extra cards free?,getting_spare_card
train-00651,I was charged extra or a hidden fee when I purchased something from you. What's the deal? I didn't authorize that charge.,extra_charge_on_statement
train-03798,What's the reason for needing to verify my identity?,why_verify_identity
train-01003,Which fiat currencies are supported?,fiat_currency_support
train-02666,I wanted to know why i got an additional fee when i use my card.,card_payment_fee_charged
train-07366,What are the steps for my friend to send me money?,receiving_money
train-06578,Where is my top-up generated from?,verify_source_of_funds
train-08125,Is it possible to get a real card?,order_physical_card
train-07687,I can't find the top-up card verification code.,verify_top_up
train-08755,"I recently transferred some cash, but the balance has not changed.",balance_not_updated_after_bank_transfer
train-01687,What's the web address to unblock my pin?,pin_blocked
train-05394,"I decided I no long want something that I ordered, and want a refund. How do I go about doing that?",request_refund
train-01776,Can you unblock my pin because I put the wrong one too many times.,pin_blocked
train-04287,Is it possible for friends to top up my account?,topping_up_by_card
train-09278,Show me how to activate my card,activate_my_card
train-02857,Why hasn't the transaction I did arrive yet?,transfer_not_received_by_recipient
train-03212,I was checking my statement and my top-up has been reverted,top_up_reverted
train-04565,Do I have to use bank approved ATM's,atm_support
train-09962,"If I don't live in the UK, can I still get a card?",country_support
train-07573,I want to op up my account by using bank transfer. How do I go about it?,transfer_into_account
train-07554,Why did the bank reject my transfer?,failed_transfer
train-02769,"I can't see if the transfer I did a couple days ago is in my account yet. I double checked my info before sending, too. Can you check this?",transfer_not_received_by_recipient
train-09869,What is needed for the identity verification?,verify_my_identity
train-08394,Why would I need a disposable card?,get_disposable_virtual_card
train-07282,"I made a transfer and according to the receiver ""they haven't received the right amount"" Its lesser than it should be.Now I have to transfer more money to make up for the missing amount . Can you please help me about this, what should be done ?",transfer_fee_charged
train-01166,Where can I located the auto-top up option?,automatic_top_up
train-01200,I want to add money automatically when I travel.,automatic_top_up
train-03999,"I have my card, when whill my PIN be available?",get_physical_card
train-01549,Is there any way for you to find my card?,lost_or_stolen_card
train-06307,There is a repeat charge for the same item,transaction_charged_twice
train-08775,I made a bank transfer and the balance hasn't updated yet.,balance_not_updated_after_bank_transfer
train-04513,What do I do if someone used my card without my permission?,compromised_card
train-01339,What do I do if my card gets broken?,card_not_working
train-00170,I found my lost card in my jacket pocket this morning so I'd like to reactivate it please.,card_linking
train-08290,The exchange rate was wrong?,wrong_exchange_rate_for_cash_withdrawal
train-02055,Is there a reason my top-up has not gone through?,pending_top_up
train-05216,I completed a payment with my card a while ago. It's still showing up as pending. What time frame does this normally take? It doesn't appear to have worked.,pending_card_payment
train-04550,Do all ATMs accept this card?,atm_support
train-00974,Which flat currencies can I use from you?,fiat_currency_support
train-00978,Is it possible to hold money in different currencies?,fiat_currency_support
train-03192,"Did you lose my money? I had added funds through top-up not long ago and I know they were in my account, but they seem to have disappeared. What happened?",top_up_reverted
train-05479,How do I request a refund?,request_refund
train-00117,Is my new bank card on the way and is there a way to track it?,card_arrival
train-08286,what is going on with my cash withdrawal? the exchange rate is wrong,wrong_exchange_rate_for_cash_withdrawal
train-03369,Why isn't my balance updating after depositing cheques and cash.,balance_not_updated_after_cheque_or_cash_deposit
train-07697,How is top-up verified?,verify_top_up
train-06695,"I'm having money transferred from Europe, how long will this take?",transfer_timing
train-04979,"When I tried to access my cash, I wasn't allowed!",declined_cash_withdrawal
train-09053,Is there an extra fee to exchange currencies?,exchange_charge
train-09122,Will I be charged any fees if I want to add money with an international card?,top_up_by_card_charge
train-06270,What are the steps to get my card back that was kept by the ATM?,card_swallowed
train-00453,I bough an item and the exchange rate was incorrect.,card_payment_wrong_exchange_rate
train-04206,Can I get a Visa instead of a MasterCard?,visa_or_mastercard
train-00336,Please explain your exchange rate policy.,exchange_rate
train-07154,Why can't I buy cryptocurrency on the app?,beneficiary_not_allowed
train-09756,"i have been trying to add money with apple pay but it wont work, why?",apple_pay_or_google_pay
train-03572,There is a payment on my card that I do not recognize.,card_payment_not_recognised
train-09075,Do I have to pay extra if I use an international card to top up my account?,top_up_by_card_charge
train-00948,Which currencies will you exchange?,fiat_currency_support
train-02280,is there a limit to top up,top_up_limits
train-09724,I can't get my Google Pay Top to work. Are there any issues on your end?,apple_pay_or_google_pay
train-06599,When does my transfer from the US arrive in my account?,transfer_timing
train-03449,"I deposited a check yesterday to up my account balance, but that deposit hasn't shown up yet.  It's been a day already!",balance_not_updated_after_cheque_or_cash_deposit
train-07427,Can i get payed through this system?,receiving_money
train-08261,The wrong exchange rate applied to my cash withdrawal.,wrong_exchange_rate_for_cash_withdrawal
train-07746,Do I have to verify the top-up?,verify_top_up
train-08192,I can't get my virtual card to work at all,virtual_card_not_working
train-04298,I don't see me 'top up' in my wallet,topping_up_by_card
train-07934,Do you have any options to top up with a cheque on my account?,top_up_by_cash_or_cheque
train-00808,When will a cash withdrawal show up?,pending_cash_withdrawal
train-09732,Will be Apple Watch be able to let me top up?,apple_pay_or_google_pay
train-04455,What can I and can't do with the disposable cards?,disposable_card_limits
train-08978,"always exchanging currencies, do you offer a discount?",exchange_charge
train-02409,I did not get enough cash,wrong_amount_of_cash_received
train-08673,I made a transfer but my balance hasn't been updated,balance_not_updated_after_bank_transfer
train-02443,"When I went to $100, all the machine would give me was $20.",wrong_amount_of_cash_received
train-07281,Why was money taken for a transfer?,transfer_fee_charged
train-06902,Are there any specific cash machines that I have to go to in order to change my PIN?,change_pin
train-05224,I made a payment that is not yet complete.,pending_card_payment
train-03533,There are some card payments that I haven't done myself. What is going on with my card and does somebody else have access to my card?,card_payment_not_recognised
train-03778,why are all my identity details required,why_verify_identity
train-01397,Is exchanging currencies a feature of the app?,exchange_via_app
train-03457,Why haven't I seen the cash from the cheque I deposited yet?,balance_not_updated_after_cheque_or_cash_deposit
train-02659,I just saw a fee on my account. When do these get charged?,card_payment_fee_charged
train-07809,Would I have to pay anything if I need an additional card?,getting_spare_card
train-03119,Where can I pay with my card?,card_acceptance
train-08577,I need information explaining why my top-up failed to go through,top_up_failed
train-08224,I think I was charged a different exchange rate than what was posted at the time.,wrong_exchange_rate_for_cash_withdrawal
train-00038,I haven't received my card and am worried it is lost.,card_arrival
train-06767,Is my card payment reverted?,reverted_card_payment?
train-05423,I purchased this item and would like a refund,request_refund
train-09439,"Is there a fee when I get cash from an ATM? Is there a limit I can take out? If there is a fee, what is it?",cash_withdrawal_charge
train-09264,What is the process for activating my new card?,activate_my_card
train-08549,I am having problems with a top-up.,top_up_failed
train-06784,How do I fix a payment that was reverted,reverted_card_payment?
train-04598,The card can be used at which ATMs?,atm_support
train-07820,How many physical cards am I allowed to have?,getting_spare_card
train-03874,Why do you need to check my identity?,why_verify_identity
train-00753,"Hello. I looked at my account and see that a transaction I tried to do is pending, but I did not complete that transaction. When I was at the ATM, the machine declined my card. Can you make sure that transaction does not go through because I definitely did not receive the money.",pending_cash_withdrawal
train-03068,Where do i go to receive a virtual card,getting_virtual_card
train-06182,I want to delete my account. How do I do this?,terminate_account
train-01137,Can I add money to my card automatically during a trip?,automatic_top_up
train-01263,HOW LONG THE CARD VALIDITY,card_not_working
train-01071,Send me my card now! ASAP,card_delivery_estimate
train-00911,Can you tell me how many currencies I can hold?,fiat_currency_support
train-00567,Why am I being charged more on exchange with things I bought abroad?,card_payment_wrong_exchange_rate
train-04977,what is my monthly spending limit because i was refused my money at an atm,declined_cash_withdrawal
train-08434,Is it possible to get a disposable virtual card as well?,get_disposable_virtual_card
train-02847,I sent some money but the intended recipient says it hasn't arrived,transfer_not_received_by_recipient
train-03189,Why didn't my top up work?,top_up_reverted
train-08807,I see money go out that I didn't withdraw.,cash_withdrawal_not_recognised
train-00040,I need to find out where the card is that I ordered.,card_arrival
train-03273,Is there a reason for my top up to be cancelled?,top_up_reverted
train-02574,I noticed that i got charged extra for using the card.,card_payment_fee_charged
train-09332,i cannot seem to activate card,activate_my_card
train-04514,There are transactions that I don't recognize. What do I do if I think someone is using my card?,compromised_card
train-01905,Do I get charged if I am receiving money?,top_up_by_bank_transfer_charge
train-01595,How old do you have to be?,age_limit
train-05947,My payment has been declined several times.  Can you help me?,declined_card_payment
train-03597,I just checked my account on the App and there is a payment on there that I did not make.,card_payment_not_recognised
train-03140,At what places accept my card?,card_acceptance
train-01578,If I want my son to have his own account is that possible?,age_limit
train-03188,"For some reason, the money I added was returned.",top_up_reverted
train-07204,"Why did the person I transferred money to not receive the correct amount? What should I do to get them the right amount, do I have to transfer more money to them?",transfer_fee_charged
train-01455,Can I use your app to exchange USD for GBP?,exchange_via_app
train-04127,would a visa or mastercard be more suited to me?,visa_or_mastercard
train-02941,What are the cards and currencies that you support?,supported_cards_and_currencies
train-03574,I don't know if I made this payment on my card.,card_payment_not_recognised
train-05849,I went to use my new card today and the card was repeatedly declined. I would really like to use this card and need to know what to do about it.,declined_card_payment
train-07695,Why do you ask for top-up verification?,verify_top_up
train-08576,Can you tell me why my credit card was declined while trying to top-up?,top_up_failed
train-04700,I didn't set up the direct debit I have,direct_debit_payment_not_recognised
train-01987,My top up says it is still pending,pending_top_up
train-08803,There's a cash withdrawal I didn't make,cash_withdrawal_not_recognised
train-07612,I need to transfer money to my account from another bank,transfer_into_account
train-00774,Do you know when the withdrawal will show?,pending_cash_withdrawal
train-00988,Do you have EUR currency available for me?,fiat_currency_support
train-05359,"My phone is lost I don't want someone to use my account, what can I do?",lost_or_stolen_phone
train-08168,Can I use my virtual card to complete transactions for memberships?,virtual_card_not_working
train-08049,What do i do to get a physical card?,order_physical_card
train-04864,How can I reset the passcode if I need to do that?,passcode_forgotten
train-01855,what is the price of a transfer?,top_up_by_bank_transfer_charge
train-06456,My transaction is showing several times.,transaction_charged_twice
train-04182,"Visa and MasterCard, can I get them both?",visa_or_mastercard
train-09602,"My bank card has expired, how can I get a new physical card?",card_about_to_expire
train-09455,Why do I see extra charges for withdrawing my money?,cash_withdrawal_charge
train-05855,Can you tell me why my card is not working? I keep trying to use it but it keeps rejecting my payment. I am being careful and entering the info correctly but it still happens.,declined_card_payment
train-08183,I can't use my virtual disposable card,virtual_card_not_working
train-08899,A withdrawal is showing that I don't recognize,cash_withdrawal_not_recognised
train-07824,Would I be able to get a second card?,getting_spare_card
train-02168,I am trying to revert a transcation I did this morning,cancel_transfer
train-05365,Help!  What should I do?  My phone was stolen yesterday.,lost_or_stolen_phone
train-08294,I got cash abroad and need to check the exchange rate,wrong_exchange_rate_for_cash_withdrawal
train-01668,I mistook my pin and now I am locked.  Can you unlock me?,pin_blocked
train-04380,Please provide me with the restrictions of the disposable cards.,disposable_card_limits
train-05245,"I used my card to make a payment a while ago and its still pending, Why is it taking so long?",pending_card_payment
train-09774,How do I verify my identity online,verify_my_identity
train-05915,Why is it saying my card payment is declined when I made it?,declined_card_payment
train-08412,how do the cards work?,get_disposable_virtual_card
train-03499,"There are a couple payments with my card shown in the app that i really didn't make myself. What's happenning with this, does someone has access to my card?!",card_payment_not_recognised
train-07319,Why did I get charged a fee for my transfer?,transfer_fee_charged
train-06478,My account seems a bit off and getting weird charges.,transaction_charged_twice
train-06048,"My transfer is still pending, why?",pending_transfer
train-09363,"Why am I being charged for ATM cash withdrawals? The only reason I use it is because it's been free! Now you expect me to pay for them, and how much is that going to cost me?",cash_withdrawal_charge
train-00819,What is the reason my cash withdrawal is still pending?,pending_cash_withdrawal
train-05205,I have a payment which has not been approved.,pending_card_payment
train-05460,I would like to cancel my purchase.,request_refund
train-04826,I forgot my code,passcode_forgotten
train-07209,How much do I have to pay if I want to transfer money?,transfer_fee_charged
train-02734,Why hasn't my transaction arrived?,transfer_not_received_by_recipient
train-05786,I cannot view the refunded amount in my account.,Refund_not_showing_up
train-09028,"If I exchange currencies frequently, is there a discount?",exchange_charge
train-07308,What is this extra fee while I was doing a transfer?,transfer_fee_charged
train-06194,I'm not happy with the services I'm getting with this company. Can you please delete my account?,terminate_account
train-02065,How long will it take for my top up to work? It's still pending,pending_top_up
train-03237,"If my top-up didn't transfer, what went wrong?",top_up_reverted
train-05746,Please update me on whether you have received the funds for the refund of the large purchase I made recently. I have requested this from the merchant days ago but still haven't got anything.,Refund_not_showing_up
train-03219,My top-up has been reverted and I would like to know why.,top_up_reverted
train-03451,I am still currently waiting for the cash that has been deposited into the account this morning.,balance_not_updated_after_cheque_or_cash_deposit
train-01835,Am I charged for receiving money?,top_up_by_bank_transfer_charge
train-06406,I was charged multiple times for one purchase,transaction_charged_twice
train-00929,Do you support fiat currencies?,fiat_currency_support
train-08367,I withdrew cash abroad and the exchange rate applied is wrong.,wrong_exchange_rate_for_cash_withdrawal
train-03356,I made a cash deposit a few days ago and it's still not reflected in my account. Do you know what might have happened?,balance_not_updated_after_cheque_or_cash_deposit
train-08675,When will I see an updated balance after a transfer?,balance_not_updated_after_bank_transfer
train-03236,Explain why my top up has been reverted please.,top_up_reverted
train-03157,"I topped up recently and saw the money go through, but now it's just gone? What's going on",top_up_reverted
train-09759,"Apple pay is not accepting my American Express card, can you assist me with this problem?",apple_pay_or_google_pay
train-00210,"I want to reactivate my card, I thought I had lost it but I found it.",card_linking
train-08682,Where is the transfer to my account?,balance_not_updated_after_bank_transfer
train-03066,How to access my virtual card,getting_virtual_card
train-03330,i need help. I updated my balance with a check yesterday and Im not seeing it. Can you look at my account to see what went wrong?,balance_not_updated_after_cheque_or_cash_deposit
train-02283,It seems I need to get information on limits for top-ups.,top_up_limits
train-08974,Are there any discounts for frequent currency exchanges?,exchange_charge
train-08853,I was the victim of someone stealing my wallet.  My card is being used and it isn't me.  What should I do?,cash_withdrawal_not_recognised
train-06810,Unknowingly to me the payment sent to seller has been redeposied back in my account. I do not know why it would take out the payment and then put it back in my account. Can you resolve this as soon as possible?,reverted_card_payment?
train-09595,How can I get a card sent to China?,card_about_to_expire
train-07670,How do I transfer money from one bank account to another?,transfer_into_account
train-00008,Does the package with my card have tracking?,card_arrival
train-09189,Help me activate my new card.,activate_my_card
train-05339,"My phone was stolen, what can I do?",lost_or_stolen_phone
train-04468,There are strange transactions on my account.  What should I do if I think someone stole my details?,compromised_card
train-04767,There is a payment showing that I know I didn't make. I didn't use my card that day and I'm sure of it. Can you please cancel that transaction and return my money? Thankyou,direct_debit_payment_not_recognised
train-01992,Is there a problem with the top up system? My transaction hasn't gone through properly,pending_top_up
train-05083,I tried to withdraw cash from your ATM but my transaction was cancelled.,declined_cash_withdrawal
train-09149,What top up charges are there for US cards?,top_up_by_card_charge
train-02671,Why have I been charged a small fee to use my card?,card_payment_fee_charged
train-09194,It won't let me activate my card.,activate_my_card
train-07996,Where do I top up?,top_up_by_cash_or_cheque
train-05912,My card payment has been declined,declined_card_payment
train-00253,I deactivated my card but would like to reactivate it.,card_linking
train-03801,Can I use my account before my Identity verification has passed?,why_verify_identity
train-09753,Can you assist on apple watch top ups?,apple_pay_or_google_pay
train-05591,Shopping on line I was declined when trying to buy something.,declined_transfer
train-03785,which identity details are required,why_verify_identity
train-07942,How can I put more money into my account?,top_up_by_cash_or_cheque
train-00604,I was wrongfully charged one pound.,extra_charge_on_statement
train-08671,How long does transfers take?,balance_not_updated_after_bank_transfer
train-00657,I am being charged a pound out of nowhere. What is this?,extra_charge_on_statement
train-07587,"I want to transfer money into my account, what do I do?",transfer_into_account
train-07391,"I was wondering, Can I get my pay in another currency?",receiving_money
train-08981,I exchange my currency quite a bit.  Do I get an exchange price break?,exchange_charge
train-01775,I entered the pin incorrectly too many times and now it is blocked. Can you help?,pin_blocked
train-02059,Can you tell me why my pop-up is still pending?,pending_top_up
train-06781,"I bought something and received it, but the payment went back to my account. Is the seller okay?",reverted_card_payment?
train-08959,exchanging currencies costs what?,exchange_charge
train-02478,The ATM is messed up. It gave me less than I wanted.,wrong_amount_of_cash_received
train-08307,The exchange rate for me was wrong when I was abroad.,wrong_exchange_rate_for_cash_withdrawal
train-06080,How long will a transfer be pending for?,pending_transfer
train-09867,What documents do I need for the identity check?,verify_my_identity
train-05029,My card doesn't work. I can't get cash out at an ATM,declined_cash_withdrawal
train-04255,I want to know how to transfer money with my credit card,topping_up_by_card
train-06766,What reasons would cause my card payment to be cancelled?,reverted_card_payment?
train-00573,Why is there a 1 euro fee on my statement?,extra_charge_on_statement
train-05316,I don't have my mobile device and am unable to make the payment because I forgot my details.,lost_or_stolen_phone
train-07267,I have used this account overseas recently. Has there been an increase in fees that I am unaware of?,transfer_fee_charged
train-03809,What is the function of the identity check,why_verify_identity
train-02273,What limits are the to top-ups?,top_up_limits
train-06710,When will the money be made available in my account?,transfer_timing
train-02229,I'm really upset because I made a typo during a transfer and now I've sent money to the wrong account.  I can't fix this with the app.  Please help me immediately!,cancel_transfer
train-03272,I thought crypto top up with something you offered and it does not appear that it's working even though the money has disappeared out of my account. Can you tell me what's going on?,top_up_reverted
train-01001,I need assistance with understanding which fiat currencies that you support.,fiat_currency_support
train-04349,What is the most amount of disposable cards allowable?,disposable_card_limits
train-05818,I don't see a refund in my account.,Refund_not_showing_up
train-02589,Why was there an extra charge because I used my card to pay?,card_payment_fee_charged
train-05645,unsupported transfer declined,declined_transfer
train-01377,"Instead of GBP, how do I exchange for AUD?",exchange_via_app
train-03922,The app does not believe that I am myself,unable_to_verify_identity
train-09478,to cash withdrawals charge me?,cash_withdrawal_charge
train-03067,Where can I sign up for a virtual card?,getting_virtual_card
train-00478,I bought an item then noticed the exchange rate was wrong.,card_payment_wrong_exchange_rate
train-02655,How can I check how much free spending I have left? I have some big purchases coming up and want to know where I can look for any info.,card_payment_fee_charged
train-03539,There were a couple of payments that I have noticed on my account with my card that I didn't make. Is it possible that somebody else has my card information?,card_payment_not_recognised
train-04168,No Visa please. I want to continue with Mastercard.,visa_or_mastercard
train-03332,What happens if I deposit a cheque accidentally?,balance_not_updated_after_cheque_or_cash_deposit
train-00218,How do I add a card on to the app?,card_linking
train-05319,"I no longer have my phone, what should I do?",lost_or_stolen_phone
train-03871,My identity hasn't been verified.  Can I use my account?,why_verify_identity
train-02264,Can I top-up any amount I wish on any given day?,top_up_limits
train-06565,Where do my fund come from?,verify_source_of_funds
train-00861,There is a withdrawal waiting.,pending_cash_withdrawal
train-00813,Why is my withdrawl to cash still pending?,pending_cash_withdrawal
train-09624,What do I do about my expired card?,card_about_to_expire
train-07885,"If I want to be able to give my daughter a card for my account, would I be allowed to get one for her?",getting_spare_card
train-06369,I was charged several times for something,transaction_charged_twice
train-06660,Why hasn't the transfer shown up in my account yet?,transfer_timing
train-06533,I would like to verify my source of funds.,verify_source_of_funds
train-06816,What does it mean if my payment was reverted?,reverted_card_payment?
train-05207,"There is a pending payment on my account, what does this mean?",pending_card_payment
train-07668,How can I transfer money to this account from another bank?,transfer_into_account
train-07521,My transfer didn't work how come?,failed_transfer
train-03663,How do I edit the personal details on my account?,edit_personal_details
train-00916,Can you do exchanges of EUR?,fiat_currency_support
train-00906,Can I change or hold different currency?,fiat_currency_support
train-00121,What's the card you sent me's tracking number?,card_arrival
train-08205,I can't make purchases with my virtual card.,virtual_card_not_working
train-00700,How come there is an extra fee on my statement?,extra_charge_on_statement
train-08335,"When I received my cash, the exchange rate was wrong.",wrong_exchange_rate_for_cash_withdrawal
train-04696,I see a direct debit that isn't mine? How can I get my money back?,direct_debit_payment_not_recognised
train-06349,I have duplicate charges for the same transaction,transaction_charged_twice
train-08099,I really want a physical card. How do I get one?,order_physical_card
train-09250,What is the most efficient way to activate my new card?,activate_my_card
train-05819,My refund is not here yet,Refund_not_showing_up
train-05704,I can't see my refund in my history.,Refund_not_showing_up
train-08718,"Hi. About two hours ago I made a transfer from my bank which is in the UK, but I don't see it yet! Would you check what's going on with it, please?",balance_not_updated_after_bank_transfer
train-06042,How long will my transfer stay pending?,pending_transfer
train-02658,What is the fee charged for using my card?,card_payment_fee_charged
train-07729,Why are top-ups being verified?,verify_top_up
train-02660,Is it normal to get charged extra when i use my card?,card_payment_fee_charged
train-09393,I thought it was free to make a withdrawal. So how much does it cost now?,cash_withdrawal_charge
train-02186,I want to cancel a transfer I just made.,cancel_transfer
train-09924,Can I apply for one of your cards if I live in the EU?,country_support
train-01792,Why wasn't my contactless accepted at the metro?,contactless_not_working
train-09858,How can you assist on verifying my identity?,verify_my_identity
train-07304,"After a transfer, I see an extra fee.  Why?",transfer_fee_charged
train-06143,"I would like to delete my account now, please.",terminate_account
train-00610,Why do I see an extra €1 charge on my statement?,extra_charge_on_statement
train-00768,"I tried to access money earlier but the machine seems not to be working. After looking, the transaction actually shows to still being process. Can you find out what is going on here? I don't want to be charged for some money I never got.",pending_cash_withdrawal
train-04580,Where is the nearest Mastercard ATM?,atm_support
train-07231,I use my card internationally to manage payments and I just noticed that you are adding additional fees.  Why?  I am a good customer and this has me thinking about leaving.,transfer_fee_charged
train-04646,I see a direct debit transaction in my history that I did not set up.,direct_debit_payment_not_recognised
train-06804,"I've got a problem - I bought something with my card one or two weeks ago, but now exact same amount of the purchase is showing up in my account. I like more money in my account, but this is too good to be true. Can you tell me what's happening?",reverted_card_payment?
train-06018,Why is my transfer pending?,pending_transfer
train-01733,How do I get unblocked?,pin_blocked
train-05684,They said I would get a refund but I don't see it on my statement.,Refund_not_showing_up
train-06383,Why do I have a transaction showing up more than once?,transaction_charged_twice
train-04323,I'd like to transfer funds using my credit card.,topping_up_by_card
train-03152,What businesses accept my card?,card_acceptance
train-01366,What currencies can be exchanged in the app?,exchange_via_app
train-01090,Can you tell me how long it takes for a new card to come?,card_delivery_estimate
train-04781,Why am I seeing a direct debit thats not mine?,direct_debit_payment_not_recognised
train-08371,What do you use disposable cards on?,get_disposable_virtual_card
train-05006,"I tried to get money out of the Notting Hill ATM earlier, but I wasn't able to get it to work. Is my card with issue? It's the first time I tried using it.",declined_cash_withdrawal
train-09746,My Google pay top up isn't working. Help.,apple_pay_or_google_pay
train-00093,WHAT IS THE SOLUTION OF THIS PROBLEM,card_arrival
train-06623,What is the timeframe for a transfer in Europe?,transfer_timing
train-06679,How long will it take to transfer something to China urgently?,transfer_timing
train-03000,How can I sign up for a virtual card?,getting_virtual_card
train-00111,Can you please tell me where my card is? I ordered it 2 weeks ago!,card_arrival
train-00859,The cash I deposited using the ATM is still pending,pending_cash_withdrawal
train-01615,From which age can my kids use your service?,age_limit
train-09555,"When will I get a new card when I order it, and how much will it cost.",card_about_to_expire
train-05506,"I just bought an item and would like to stop payment, is this possible?  The item has not been received yet.",request_refund
train-00266,Where do I go to get my new card linked?,card_linking
train-07132,I keep getting an error message when I'm trying to transfer funds! Why aren't you accepting that?,beneficiary_not_allowed
train-09722,I cannot get my google pay to work.,apple_pay_or_google_pay
train-03406,I deposited a cheque a week ago but have yet to receive the cash.,balance_not_updated_after_cheque_or_cash_deposit
train-04475,I think that somebody is utilizing my card without my authorization!,compromised_card
train-09359,Since when do you charge to make a withdrawal? I've always done it for free. So how much is it now?,cash_withdrawal_charge
train-09324,How do I activate my new card,activate_my_card
train-05270,What do I do if I can't access the app?,lost_or_stolen_phone
train-01190,When I'm traveling is it possible to add money automatically at certain time points?,automatic_top_up
train-00920,Are there limitations to what currency I can hold?,fiat_currency_support
train-00876,my cash withdrawal has not come out of my account yet.,pending_cash_withdrawal
train-08621,How long will it take for a bank transfer to show up on my account? It's been a couple hours but I havnt seen anything yet. Also it's from a UK account if that makes any difference.,balance_not_updated_after_bank_transfer
train-03251,"I'm having an issue with transaction. I topped up my account and saw it went through, but that was a few days ago and the money isn't in my account any more. What's up with that?",top_up_reverted
train-00820,How long will it take for my cash withdrawal to no longer show as pending?,pending_cash_withdrawal
train-08876,Can you tell me what the cash withdrawal is in my statement?,cash_withdrawal_not_recognised
train-00370,How do you come up with your exchange rate,exchange_rate
train-07720,Please verify my top-up card,verify_top_up
train-05438,"I need your help to get a refund for an item I just bought, can you cancel the payment since what I bought hasn't arrived yet.",request_refund
train-08722,How long do transfers take to go though,balance_not_updated_after_bank_transfer
train-03694,"Changed details is essential, what steps do I take to do so?",edit_personal_details
train-02458,A wrong amount of cash we sent to me.,wrong_amount_of_cash_received
train-08663,"How long do transfers to international banks take? I made one to france a couple of days ago, but it's still not there.",balance_not_updated_after_bank_transfer
train-09775,I'm not sure how to complete the identity checks process.,verify_my_identity
train-02856,Why hasn't my transaction completed?,transfer_not_received_by_recipient
train-08173,My disposable virtual card got rejected,virtual_card_not_working
train-09748,How can I get my Google pay top up to work?,apple_pay_or_google_pay
train-06320,My account was charged twice for one purchase,transaction_charged_twice
train-07516,What may be the reason that my transfer did not go through?,failed_transfer
train-01647,Am I allowed to get an account for my daughter?,age_limit
train-01274,How do I check security settings on my card?,card_not_working
train-04376,With one disposable card how many transactions can i do?,disposable_card_limits
train-02306,What is the maximum for top-ups?,top_up_limits
train-02884,can i use my mastercard to add money to my account,supported_cards_and_currencies
train-07993,Is it possible for me to top up with cash?,top_up_by_cash_or_cheque
train-09750,My Apple Pay top up with my American Express card is not working? Please tell me why,apple_pay_or_google_pay
train-04558,What locations allow me to withdraw money?,atm_support
train-04542,"There are transactions that I did not make on my account, I think someone has my information.",compromised_card
train-07342,Can I receive my salary with this in another currency?,receiving_money
train-07226,A receiver let me know that they didn't receive the full transfer I completed and that it was actually a bit less than what I sent. At this point I have to make another transfer to make up for the amount missing. Can you please follow up with what's going  on here?,transfer_fee_charged
train-09261,How do I activate my card so I can start using it?,activate_my_card
train-08138,"I need to get a card, how do I do that?",order_physical_card
train-00224,How do I link my new card?,card_linking
train-09580,What should I do when my card reaches its expiry date?,card_about_to_expire
train-07736,How do I verify the top-up card?,verify_top_up
train-04549,Which ATM's can I use to make a withdrawal?,atm_support
train-01240,"My funds are low, can I auto top up?",automatic_top_up
train-03278,i noticed that the funds were returned to my bank account. What happened?,top_up_reverted
train-04172,What type of card will I receive?,visa_or_mastercard
train-06647,What is the time period for money to be transferred?,transfer_timing
train-05119,I have been waiting for my card payment to be moved from pending status for an unusually long time.  What is going on here and do you have an idea of when I can expect it to go through?,pending_card_payment
train-08559,I tried to top up with my card but it's not working. I had just done this a couple days previously and it worked. Can you tell me what's going on here please?,top_up_failed
train-09493,"The past few times I've been to the ATM, I was charged a withdrawal fee. Have your policies changed regarding fees?",cash_withdrawal_charge
train-08534,Why was my top-up rejected?,top_up_failed
train-00539,I don't think the charges made when I had currency exchanged are right.,card_payment_wrong_exchange_rate
train-03143,Can I use my card no matter where I go?,card_acceptance
train-01885,What is the cost of a transfer?,top_up_by_bank_transfer_charge
train-07688,I would like to receive instructions showing the verification process for top up cards..,verify_top_up
train-08787,I got a notice from my app that I withdrew cash but I don't remember doing so. How do I fix this?,cash_withdrawal_not_recognised
train-09576,Tell me how to replace my expired card.,card_about_to_expire
train-06562,I need to verify my funds.,verify_source_of_funds
train-00833,Explain pending transactions.,pending_cash_withdrawal
train-03263,My automatic top-up was unsuccessful,top_up_reverted
train-03758,Can I edit my details?,edit_personal_details
train-09752,Can top ups be done from an apple watch.,apple_pay_or_google_pay
train-05147,Why is my card payment pending?,pending_card_payment
train-08345,I withdrew cash and I think the exchange rate is wrong.,wrong_exchange_rate_for_cash_withdrawal
train-07404,How would my friend be able to send me money?,receiving_money
train-03817,Why do you need my name and ID,why_verify_identity
train-08484,I really need to top-up my card today urgently but my card keeps getting declined!! Can you please resolve this problem or try an alternative,top_up_failed
train-04861,What are the steps for changing my passcode?,passcode_forgotten
train-08164,What fees are charged for a physical card?,order_physical_card
train-00027,When will I recieve my new card?,card_arrival
train-02512,I received a fee I should not have.,card_payment_fee_charged
train-08542,"Hello, I trying to top up with my card today but it didn't work. When I tried last time it worked but today it isn't. Could you take a look at it for me?",top_up_failed
train-09917,Which countries do you work with?,country_support
train-09252,Who do I call to activate my new card?,activate_my_card
train-06625,"I have been waiting for my transfer, shouldn't it be here already?",transfer_timing
train-05236,Why is this payment pending?,pending_card_payment
train-07058,I cannot make a transfer to another account.,beneficiary_not_allowed
train-04341,Can I have more disposable cards?,disposable_card_limits
train-08244,Is there extra fees for making a withdraw in a different country at a cash machine.,wrong_exchange_rate_for_cash_withdrawal
train-01488,A fee shouldn't apply to me if my card was stolen.,lost_or_stolen_card
train-05690,Why am I still waiting for my refund,Refund_not_showing_up
train-08188,My virtual car is not working.,virtual_card_not_working
train-06481,where exactly does money come from,verify_source_of_funds
train-03005,How do I get to the virtual cards?,getting_virtual_card
train-08605,is there a way to fix my top up,top_up_failed
train-04221,Which one are you?  Visa or Mastercard?,visa_or_mastercard
train-01500,"Help!  I fear that my card was stolen,",lost_or_stolen_card
train-04364,"I have a disposable card, how many transactions can I make?",disposable_card_limits
train-05500,I bought an item and now I want a refund.,request_refund
train-08322,I think the exchange rate for the cash I withdrew was wrong.,wrong_exchange_rate_for_cash_withdrawal
train-04123,Can I get the Mastercard?,visa_or_mastercard
train-09344,I saw I was charged extra for money I withdrew?,cash_withdrawal_charge
train-06330,I have been double charged,transaction_charged_twice
train-06797,Why was a payment cancelled on my account?,reverted_card_payment?
train-02140,Is there a way to revert a transaction?,cancel_transfer
train-06782,Looks like my card payment was cancelled.,reverted_card_payment?
train-06836,I was just contacted by a seller that let me know they didn't get my money even though I'm very sure it was removed from my account. Now it's back in my account. Get this resolved quickly.,reverted_card_payment?
train-07622,Can I add money to top up my account via a bank transfer?,transfer_into_account
train-08667,My money hasn't been transferred yet.,balance_not_updated_after_bank_transfer
train-02190,"I paid my rent into the wrong account, could you please pay it into the right account, it needs to be done by tomorrow.",cancel_transfer
train-01861,For topping-up is there a charge?,top_up_by_bank_transfer_charge
train-06134,I need to know why a money transfer is available.,pending_transfer
train-08304,The cash abroad exchange rate is applied wrong.,wrong_exchange_rate_for_cash_withdrawal
train-04512,"my card details could be stolen, as i didnt make these transactions",compromised_card
train-06926,Can I change my in at all ATM's?,change_pin
train-03201,My thoughts were that you offered crypto top up which does not seem to be working. The money has now been taken from my account. What is the problem here?,top_up_reverted
train-02374,Why didn't I receive the right amount of cash?,wrong_amount_of_cash_received
train-01075,When will it get delivered?,card_delivery_estimate
train-02288,What is your maximum top up limit per day?,top_up_limits
train-08878,"There was just a withdrawal but it wasn't me, I've never even visited the town where the withdrawal happened.",cash_withdrawal_not_recognised
train-05162,Why is the purchase I made this morning still pending?,pending_card_payment
train-01461,need to exchange currencies,exchange_via_app
train-05201,How long does it take for a new purchase to stop being considered pending?,pending_card_payment
train-04641,A direct debit payment that I didn't authorise shows up in my app.,direct_debit_payment_not_recognised
train-02029,"How long is a top up supposed to be pending, because an hour is too long! Can you fix this to go through?",pending_top_up
train-07500,How can I find out why my transfer didn't go through?,failed_transfer
train-00799,I didn't receive my money earlier and it says the transaction is still in progress. Can you fix it?,pending_cash_withdrawal
train-03145,How can I know where my card will be accepted?,card_acceptance
train-02362,I'm at the ATM right now and it only allowed me to withdraw 10 pounds instead of my requested 30. What's going on? How can I fix this?,wrong_amount_of_cash_received
train-01380,Can I use this app for both USD and GBP?,exchange_via_app
train-00392,How can I tell what foreign exchange rate I will get?,exchange_rate
train-05994,How long does it take for a transfer to finish pending?,pending_transfer
train-02933,"If I top up by card, what options do I have re: currency and card type?",supported_cards_and_currencies
train-02748,I need to transfer some money to a friend who is in urgent need of some fast cash. How long will it take before she can use that money?,transfer_not_received_by_recipient
train-05103,Why is the payment showing as pending from things I bought this morning?,pending_card_payment
train-07063,Will a beneficiary not accept a transfer?,beneficiary_not_allowed
train-04734,I would like to dispute a direct debit transaction,direct_debit_payment_not_recognised
train-01903,What is the handling fee for transfer?,top_up_by_bank_transfer_charge
train-02674,What is this fee showing up in my account for?,card_payment_fee_charged
train-01221,"I heard you have an auto-top up option, where do I find that?",automatic_top_up
train-06480,Hello. I just noticed I was charged two times for a restaurant I visited this week. Can you reverse the additional charge?,transaction_charged_twice
train-01383,"With this app, will I be able to exchange currency?",exchange_via_app
train-03114,Is my card accepted anywhere?,card_acceptance
train-04545,I can use this card at which ATMs?,atm_support
train-05373,Please tell me how to get a refund for something I bought.,request_refund
train-06605,How long should I have to wait before I see the transfer in my account?,transfer_timing
train-07142,What is preventing me from adding a specific beneficiary?,beneficiary_not_allowed
train-04923,Why was I blocked from withdrawing from the ATM?,declined_cash_withdrawal
train-00966,Do you allow exchanges of EUR?,fiat_currency_support
train-03265,"Hello. I tried doing a topup and I thought it worked, but now the money is no longer in my account. Can you explain?",top_up_reverted
train-00381,How do I know how much money I will have when I travel abroad?,exchange_rate
train-00135,I was expecting my new card by now.,card_arrival
train-04876,How can I change my password?,passcode_forgotten
train-03927,The app won't identify me.,unable_to_verify_identity
train-05259,"Someone stole my phone, what is my next step?",lost_or_stolen_phone
train-09485,I got a strange fee when I used the ATM.,cash_withdrawal_charge
train-02375,Why didn't I receive the right amount of cash at the ATM?,wrong_amount_of_cash_received
train-04449,I would like to know what the restrictions are for the disposable cards.,disposable_card_limits
train-04409,Are there downsides to using a disposable virtual cards?,disposable_card_limits
train-01883,How much would it cost me if I transfer?,top_up_by_bank_transfer_charge
train-08774,my transfer isn't there,balance_not_updated_after_bank_transfer
train-09002,What is the fee for accepting money from a foreign country?,exchange_charge
train-07359,I received my salary in the wrong currency. How do I change this?,receiving_money
train-08901,What is this withdrawal as I do not remember making it.,cash_withdrawal_not_recognised
train-04554,Which ATMs accept this bill of fare ?,atm_support
train-08701,"How long do transfers from a UK bank account usually take for you? I just made a transfer and I'm not seeing anything, wondering if it worked",balance_not_updated_after_bank_transfer
train-02171,I used the wrong account number!,cancel_transfer
train-00506,I bought something abroad and the exchange rate applied is wrong,card_payment_wrong_exchange_rate
train-07865,I would like to use one of my cards for a family member. Is that allowed?,getting_spare_card
train-05667,"Why are all my transfers failing?  I have the details right and they won't complete.  I've been trying all day and they still won't go through, this is URGENT, please help.",declined_transfer
train-08614,how do i see what i transferred,balance_not_updated_after_bank_transfer
train-07553,"I can't transfer any money from my account to my friend's account, it keeps rejecting it. Can you tell me why? I have enough funds in my account to transfer.",failed_transfer
train-00068,2 weeks ago I ordered my new card.  It isn't here.  What should I do?,card_arrival
train-01502,Are you able to guide me to my card's location?,lost_or_stolen_card
train-04252,What do I do to Top up my card?,topping_up_by_card
train-00680,"I see an extra $1  charge on my statement, why is this?",extra_charge_on_statement
train-02878,how can i transfer money from american express card,supported_cards_and_currencies
train-00953,Do you offer services that hold money in different types of currency?,fiat_currency_support
train-07940,Can I deposit a check?,top_up_by_cash_or_cheque
train-08413,I need to get a disposable virtual card?,get_disposable_virtual_card
train-00836,"I withdrew some cash, when is it going to show?",pending_cash_withdrawal
train-07332,Why was there a transfer fee on my account?,transfer_fee_charged
train-06420,Why did I get charged more than once?,transaction_charged_twice
train-05378,Where do I go for a refund?,request_refund
train-01611,Is there any way I could open an account for my daughter?,age_limit
train-00003,Can I track my card while it is in the process of delivery?,card_arrival
train-00105,What is the expected delivery date of my card?,card_arrival
train-02636,How was I charged extra when I used my card to pay?,card_payment_fee_charged
train-07869,I want a new card,getting_spare_card
train-06435,I got charged in double and want a refund,transaction_charged_twice
train-08792,There is a withdrawal on my account that I don't remember initiating.,cash_withdrawal_not_recognised
train-06707,How long does it take for the money to show up in my account?,transfer_timing
train-03841,I refuse to verify my identity.,why_verify_identity
train-03333,Why isn't my cheque deposit showing on my account?  I though it would be faster and would like to to look into it and help.,balance_not_updated_after_cheque_or_cash_deposit
train-01646,DO I have to be 18 to open an account?,age_limit
train-04614,What ATMs can I use this card at?,atm_support
train-01448,I need to exchange a currency - can I do that here?,exchange_via_app
train-03886,Is verifying my identify important?,why_verify_identity
train-02842,I transferred some money to a friend of mine who urgently needs some money right now. How long will it take to get to her?,transfer_not_received_by_recipient
train-07159,beneficiary transfer problems?,beneficiary_not_allowed
train-00511,I recently bought something abroad but the exchange rate is incorrect. Why?,card_payment_wrong_exchange_rate
train-01810,How can I fix my card if the contactless function didn't work this morning?,contactless_not_working
train-04407,How many active transactions can I make with a disposable card?,disposable_card_limits
train-03001,I haven't received my virtual card yet!!,getting_virtual_card
train-05669,I saw that my transfer was declined.,declined_transfer
train-01778,Can you unblock my account?  I entered the PIN wrong.,pin_blocked
train-07048,Why won't my transfer to another account work?,beneficiary_not_allowed
train-08616,I've made a transfer from France two days ago but I was wondering if international transfers take longer to arrive because it hasn't made it yet.,balance_not_updated_after_bank_transfer
train-06633,How long do I have to wait for Europe transfers?,transfer_timing
train-09632,My card is almost expired.  How fast will I get a new one and what is the cost?,card_about_to_expire
train-00761,I made a cash withdrawal at an ATM but it still says pending in my account.,pending_cash_withdrawal
train-04713,I don't know where this debit transaction on my statement came from.,direct_debit_payment_not_recognised
train-09686,is apple pay a top up service?,apple_pay_or_google_pay
train-03666,How can I change my name because I just got married?,edit_personal_details
train-09225,What do I need for activation of my card?,activate_my_card
train-06040,why have I got a pending transfer? I'm confused!!,pending_transfer
train-03385,"I made a cash deposit, but it hasn't shown up in my balance yet.",balance_not_updated_after_cheque_or_cash_deposit
train-09209,Can I activate my card?,activate_my_card
train-07916,how is it possible to add another card to account,getting_spare_card
train-05543,My transfer was rejected,declined_transfer
train-01541,"I want to block my card or deactivate it or something, it's been stolen and I don't want it misused. I want this handled right away.",lost_or_stolen_card
train-03526,Please help.  There is a payment in the app that isn't mine.,card_payment_not_recognised
train-07087,Why was my transfer stopped ?,beneficiary_not_allowed
train-04655,what is the matter?,direct_debit_payment_not_recognised
train-04945,I was denied cash at an ATM,declined_cash_withdrawal
train-08011,Can you tell me where to find top up by cash deposit?,top_up_by_cash_or_cheque
train-01956,"I tried to top up, but it didn't finish.",pending_top_up
train-09507,Why was I charged a fee for withdrawing money off my card?,cash_withdrawal_charge
train-06455,There are duplicate transactions on my account,transaction_charged_twice
train-09234,"I am unable to activate my card, it won't let me.",activate_my_card
train-09943,"I reside in the US, but I want a card.",country_support
train-04175,Visa and Mastercard can both be received from you?,visa_or_mastercard
train-05627,I'm having problems making a transfer to another account. I keep getting a declined message. I know that the information I'm putting in is accurate because I have checked it more than once.,declined_transfer
train-02996,I need to know if you will accept my credit card.,supported_cards_and_currencies
train-06540,How do I know where my money comes from?,verify_source_of_funds
train-04651,what is this charge on my card?,direct_debit_payment_not_recognised
train-03027,Where can i find the virtual card?,getting_virtual_card
train-07575,I need to add money to my account. Can I do so via bank transfer?,transfer_into_account
train-06146,Can you delete the account?,terminate_account
train-01799,I need help fixing my contactless. It's not working anywhere I go today.,contactless_not_working
train-04404,Why can't I use a disposable card?,disposable_card_limits
train-03857,how do I speed up identity verification?,why_verify_identity
train-09179,Please help me with my card.  It won't activate.,activate_my_card
train-06725,I think my card payment has been reverted,reverted_card_payment?
train-06240,"I am dissatisfied, I would like to close my account.",terminate_account
train-02148,I need to reverse a transaction,cancel_transfer
train-00556,A foreign purchase I made has the incorrect rate applied to it.,card_payment_wrong_exchange_rate
train-02991,What are the currencies that are accepted to add money?,supported_cards_and_currencies
train-06651,I need quickly transfer something from China. About how long will it take?,transfer_timing
train-09092,Are there any charges for European bank card for top up?,top_up_by_card_charge
train-00378,Your exchange rates are coming from where?,exchange_rate
train-01272,WHAT IS THE REASON FOR THAT,card_not_working
train-07061,are transfers to a beneficiary possible,beneficiary_not_allowed
train-00180,"The card I thought was lost was just in my jacket, so can I reactivate it since I found it this morning?",card_linking
train-02613,I was charged a hidden fee when I paid with card.,card_payment_fee_charged
train-05554,I see my transfer was declined.,declined_transfer
train-07962,I want to do a cash deposit to top up. How do I do this?,top_up_by_cash_or_cheque
train-04160,Would you give me a mastercard and visa?,visa_or_mastercard
train-04256,Hoe do i use my credit card to transfer money?,topping_up_by_card
train-05657,I got a declining message during a transfer? please tell me why,declined_transfer
train-00130,how can i track card you sent,card_arrival
train-09101,When I add money to my international card do you charge a fee to do so?,top_up_by_card_charge
train-02544,I received an extra charge for using the card. Why?,card_payment_fee_charged
train-02862,"I completed a transfer within the UK two days ago, but it is still not showing received.  I have verified the account number is correct already.  Is there anything else I need to do or is there a problem?",transfer_not_received_by_recipient
train-02268,Can I set my own top-up limit?,top_up_limits
train-09015,What is your currency exchange fee?,exchange_charge
train-06450,A transaction posted twice to my account.,transaction_charged_twice
train-00320,Where are you getting your exchange rates from?,exchange_rate
train-05371,"phone is at a hotel, can i still use app",lost_or_stolen_phone
train-03259,"I need some help, I thought you guys accepted crypto top ups?? It won't seem to let me do it. I put money in my account and now it's gone and I didn't spend it. Where did it go??",top_up_reverted
train-04054,Where is my PIN?,get_physical_card
train-08199,virtual card won't work for me,virtual_card_not_working
train-08706,I don't see any change in my balance.,balance_not_updated_after_bank_transfer
train-07398,How does one send me money?,receiving_money
train-03092,Is there an alternative to a physical card?,getting_virtual_card
train-00307,I need to know what your exchange rates are.,exchange_rate
train-06737,I bought something and already paid for it but now I don't see it.,reverted_card_payment?
train-08829,I see cash in my app but I did not get it.,cash_withdrawal_not_recognised
train-02122,I entered a typo when I was transferring money and now I've sent it to an incorrect account.  This is so bad!  I need it cancelled now.,cancel_transfer
train-01037,How long is a delivery to the US?,card_delivery_estimate
train-06479,I have have multiple charges for one transaction.,transaction_charged_twice
train-04908,Are there directions to get a new passcode if I forgot mine?,passcode_forgotten
train-06256,I need a new card because the ATM took mine.,card_swallowed
train-06556,Verify my source of funds?,verify_source_of_funds
train-07062,Why are you not accepting my transfer!! I've tried a couple times already now and it just keeps showing an error message,beneficiary_not_allowed
train-04933,I couldnt get cash in an ATM,declined_cash_withdrawal
train-06429,My card is showing multiple charges for the same items on my recent statement. I was wondering what actions of needed to take to fix this issue,transaction_charged_twice
train-00214,What is the process to link the new card?,card_linking
train-02838,I dont see my reciept,transfer_not_received_by_recipient
train-03595,There is a payment with my card which i definitely did not do.,card_payment_not_recognised
train-03676,I need to change my personal details in my account.,edit_personal_details
train-06293,The ATM machine ate my card.,card_swallowed
train-04950,Why are my withdrawals suddenly being declined?,declined_cash_withdrawal
train-07053,why is a transfer to beneficiary not possible?,beneficiary_not_allowed
train-05655,I just noticed my transfer was declined and I don't know why. Can you help me?,declined_transfer
train-07374,"My salary is in GBP, do I need to exchange it before putting it into my account?",receiving_money
train-06205,Please delete this account.,terminate_account
train-05033,What caused my cash withdrawal to be declined?,declined_cash_withdrawal
train-04911,I think I forgot my passcode,passcode_forgotten
train-05265,I lost my phone! Will my card still work?,lost_or_stolen_phone
train-07851,Is it possible to order another card?,getting_spare_card
train-09412,Why have I all of a sudden been charged for my ATM withdrawal? I thought the withdrawals were free because this is the first time I've ever had this problem.,cash_withdrawal_charge
train-03687,I am looking to change my adress.,edit_personal_details
train-05998,What's the time frame on EU transfers? I purchased something a couple of days ago but the seller hasn't received my payment.,pending_transfer
train-01046,When will my card come? I need it as soon as possible!,card_delivery_estimate
train-05663,I don't know what's going on but all of my transfers keep getting declined. I have checked over the recipient details twice. These details are all correct.,declined_transfer
train-04024,Where should I look for my PIN number at?,get_physical_card
train-06230,Is it possible to delete the account?,terminate_account
train-01262,My card is not working.,card_not_working
train-01870,How much do I need to pay for a transfer?,top_up_by_bank_transfer_charge
train-08426,How would I use a disposable card?,get_disposable_virtual_card
train-01291,Why is my physical card not working?,card_not_working
train-03206,Why has my top up been cancelled,top_up_reverted
train-01428,I'm having difficulties changing AUD for GBP. How do I do this?,exchange_via_app
train-04632,"Hi, i found a large amount payment in my old statements which i am sure was not made by me. I am aware that the time has passed but is there a way to raise a dispute for this payment now?",direct_debit_payment_not_recognised
train-09853,"For the identity verification, what do you need?",verify_my_identity
train-06754,"I dont know what happened, but my payment was cancelled",reverted_card_payment?
train-00304,Do you have the best exchange rate?,exchange_rate
train-04150,Do you let me choose between Visa and Mastercard?,visa_or_mastercard
train-06934,I want to change my PIN - do I need to be in a bank?,change_pin
train-00492,I noticed an extra charge on the purchase that I made last Saturday on my account. Can you see if I received the correct exchange rate?,card_payment_wrong_exchange_rate
train-02259,Please tell me the limit to topping-up.,top_up_limits
train-03805,If my identy verifacation hasn't gone through can I use my account?,why_verify_identity
train-00642,It appears I have a fee in my statement.,extra_charge_on_statement
train-02464,"Hey I am standing in front of an ATM here, it only gave me 10 pounds even though I wanted to withdraw 30! Seems like the app has 30 pounds, what do I do??",wrong_amount_of_cash_received
train-05609,"It's declining my transfers. Normally this works, but my card is being declined now and I've tried more than once.",declined_transfer
train-07977,where do I go to top up with cash?,top_up_by_cash_or_cheque
train-04715,The app is showing a direct debit payment that I never made,direct_debit_payment_not_recognised
train-02518,"i made a payment with my card and was charged a fee, why would you do that",card_payment_fee_charged
train-08920,"I see in the app some cash was withdrawn, but it's not mine.",cash_withdrawal_not_recognised
train-05296,Someone has taken my phone from my hotel room!,lost_or_stolen_phone
train-01421,"If I need to make an exchange from USD to GBP, how can I do so in the app?",exchange_via_app
train-04367,I need to make several disposable cards per day.,disposable_card_limits
train-07171,Why was I charged extra when transferring?,transfer_fee_charged
train-07853,How do I get a spare card?,getting_spare_card
train-06728,I didn't cancel my card payment.,reverted_card_payment?
train-06156,I want to close my account due to poor customer service.,terminate_account
train-08052,"I need an actual card that I can hold in my hand, how do I do that?",order_physical_card
train-02053,"I topped up last night but don't have any funds, why not?",pending_top_up
train-03436,How long do cheques take to post to your account?,balance_not_updated_after_cheque_or_cash_deposit
train-04887,Can my password be reset if I do not have it?,passcode_forgotten
train-02088,"I accidentally made a payment from the wrong account yesterday. It's my rent payment, and it's very large, so the account I paid from won't be able to cover the amount. It's really important that the payment be made from the right account?",cancel_transfer
train-08301,I had the wrong exchange rate applied to some cash I got abroad.,wrong_exchange_rate_for_cash_withdrawal
train-07363,"Do I need to select a preference to receive my salary payments in GBP and, if so, where?",receiving_money
train-07642,I need to transfer funds from my other bank account into this bank account.,transfer_into_account
train-06452,"Hey there, I just went through my most recent credit card payments and I notice the same charge for a restaurant was processed twice. There was only one meal at this place, so I would like one of the charges to be reversed and my money to be put back in the account.",transaction_charged_twice
train-08632,I just made a transfer from a UK account. How long does that typically take to show up? I just want to make sure it worked alright.,balance_not_updated_after_bank_transfer
train-04712,How do I dispute a debit that I didn't make?,direct_debit_payment_not_recognised
train-00669,I still have not received an answer as to why I was charged $1.00 in a transaction?,extra_charge_on_statement
train-05345,My phone was left at a hotel and I can't access the app.,lost_or_stolen_phone
train-00280,"I found my card, how can I use it again?",card_linking
train-06108,"Hello, I went ahead and checked my account details to be sure, and they are definitely correct.  I've had a transfer pending for a while, and I can't understand why it hasn't gone through yet.",pending_transfer
train-08795,"help, I see money missing I didn't take out.",cash_withdrawal_not_recognised
train-07201,Why was a fee changed for my transfer?,transfer_fee_charged
train-03578,I swear that there are 2 payments on the app that I didn't make.  Could my card me stolen?  Please advise what I should do.,card_payment_not_recognised
train-06579,Where did my deposit for my source of funds come from?,verify_source_of_funds
train-02224,I need help right now. I realize I sent my payment to the wrong account number after making a typo. Please cancel the transfer now since I can't do it from the app.,cancel_transfer
train-04417,Are there limits on the virtual cards?,disposable_card_limits
train-00085,"What's go on, where is my new card?",card_arrival
train-07956,Can I only top-up digitally? Or could I use cash?,top_up_by_cash_or_cheque
train-03341,Why isn't my cash deposit showing up in my account?,balance_not_updated_after_cheque_or_cash_deposit
train-06345,There is a transaction showing up several times.,transaction_charged_twice
train-08285,I noticed the exchange rate for cash withdrawal isn't right.,wrong_exchange_rate_for_cash_withdrawal
train-09682,I seem to be having trouble with my Google Pay Top. Can you please help?,apple_pay_or_google_pay
train-08789,Why do I see a random withdrawal in my app?,cash_withdrawal_not_recognised
train-06840,Please tell me why the purchase I made online returned payment. I really wanted this item and I've been trying for 2 weeks.,reverted_card_payment?
train-02289,"I need to add a serious amount of cash to my card, how do I do that?",top_up_limits
train-08306,what is the exchange rate for foreign ATMs,wrong_exchange_rate_for_cash_withdrawal
train-01708,"If my PIN number is rejected, how do I solve it?",pin_blocked
train-05144,When will my payment go through?,pending_card_payment
train-02125,How to cancel a transaction,cancel_transfer
train-02483,I tried pulling out money at the ATM and it gave me an incorrect amount back.,wrong_amount_of_cash_received
train-02657,I was charged an additional amount of money for making a purchase with my card,card_payment_fee_charged
train-09185,Can someone assist me with activating my card?,activate_my_card
train-07024,Why can't my beneficiary access my account?,beneficiary_not_allowed
train-01404,Can I convert money into different currencies?,exchange_via_app
train-00692,I do not know why I was charged for the $1 transaction.,extra_charge_on_statement
train-05983,I tried to used my card in a shop and the transaction was declined.,declined_card_payment
train-08375,I need a disposable virtual card. Please tell me how to order one.,get_disposable_virtual_card
train-03821,Is identity verification required for me to use my account?,why_verify_identity
train-09669,Am I able to top up with Apple Pay?,apple_pay_or_google_pay
train-06218,I would like to delete my account. I'm not happy with the service you're providing,terminate_account
train-04638,There is a Direct Debit that looks suspicious.,direct_debit_payment_not_recognised
train-01976,Tell my why my top-up is pending.,pending_top_up
train-04469,I sees some suspicious spending on my credit card that I don't recall I had made. What should I do?,compromised_card
train-00349,How does the exchange rate work?,exchange_rate
train-02245,what is the most money i can top up?,top_up_limits
train-05735,My refund isn't going fast enough.,Refund_not_showing_up
train-04359,What is the limit on disposable cards?,disposable_card_limits
train-04999,I tried to get cash in the ATM but it was not approved,declined_cash_withdrawal
train-08850,What do I do if I do not recognise a cash withdrawal?,cash_withdrawal_not_recognised
train-03291,It's only been a few weeks my my top-up got cancelled,top_up_reverted
train-01450,What do I need to do to exchange my money?,exchange_via_app
train-08545,Why did the app deny my top-up?,top_up_failed
train-06961,I would like to change the the PIN on my card.,change_pin
train-00380,How are the exchange rates for transfers calculated?,exchange_rate
train-09434,Why am I being charge a fee when using an ATM?,cash_withdrawal_charge
train-00545,I am being charged the wrong amount on my card.,card_payment_wrong_exchange_rate
train-03655,My address is incorrect on my file.,edit_personal_details
train-02415,The atm didn't give me all my cash,wrong_amount_of_cash_received
train-04572,Is there a way to find an ATM around me?,atm_support
train-00390,What is the system for determining the exchange rate?,exchange_rate
train-02085,How do i cancel a charge?,cancel_transfer
train-05985,Card payment didn't go through.,declined_card_payment
train-05516,I need to have an item refunded.,request_refund
train-05114,After making a payment with my card it doesn't seem to have worked. It's just showing to be pending. When will this actually be going through?,pending_card_payment
train-04352,Whats the maximum disposable virtual cards?,disposable_card_limits
train-09368,Do you charge for making a withdrawal? I took some money out of my account earlier and I was charged for this.,cash_withdrawal_charge
train-04535,I think my card has been compromised in some way.,compromised_card
train-00897,What are the fiat currencies used?,fiat_currency_support
train-01095,Do I have a say when it's delivered?,card_delivery_estimate
train-09847,What can I use to verify my identity?,verify_my_identity
train-09448,Since when were there charges for taking out cash from my account? It's always been free for me to do this before.  How much are the charges going to be?,cash_withdrawal_charge
train-05018,Why is the ATM not allowing me to get cash?,declined_cash_withdrawal
train-02014,Did I do something incorrectly? Where is my top-up?,pending_top_up
train-09648,Can I use google pay for topping -up,apple_pay_or_google_pay
train-07038,Please tell me why I am having problems transferring to a beneficiary.,beneficiary_not_allowed
train-04181,Will I get Visa or MasterCard?,visa_or_mastercard
train-06950,"While on vacation in Spain I think someone saw my PIN and I now need to change it, can I do this at an ATM in Spain?",change_pin
train-00609,I think I may have been charged $1 extra on my app.  Could you provide some insight as to why this may have happened?,extra_charge_on_statement
train-05219,I bought something this morning and the payment is still pending,pending_card_payment
train-05017,I am having trouble withdrawing cash.,declined_cash_withdrawal
train-01732,What do I do if I have exceeded all my PIN tries?,pin_blocked
train-02474,I got less cash at the ATM than I asked for. Why?,wrong_amount_of_cash_received
train-07183,I noticed additional charges when transferring?,transfer_fee_charged
train-00284,"The card I thought I lost was in my jacket pocket this morning, so can I reactivate that?",card_linking
train-09949,Where can I get a card in the EU?,country_support
train-00693,I wanted to know about a pending dollar that is on my statement.,extra_charge_on_statement
train-00956,What fiat currencies are used for exchange?,fiat_currency_support
train-08479,My credit card was declined for top-up. Can you see if there is enough funds in my account?,top_up_failed
train-05099,How long does a payment usually show as pending? Is it normal that mine is still pending?,pending_card_payment
train-01223,What about a auto top-up?,automatic_top_up
train-08900,There's a cash withdrawal I am certain I did not make,cash_withdrawal_not_recognised
train-08877,My identity has been stolen. I still have my physical card but there are charges I didn't make on my account. How do I cancel this card or dispute the charges?,cash_withdrawal_not_recognised
train-08638,How can I fix my bank transfer to show up on my bank account?,balance_not_updated_after_bank_transfer
train-02421,Why didn't I receive all the cash I requested?,wrong_amount_of_cash_received
train-09117,Are there charges for using a bank card to top up,top_up_by_card_charge
train-04329,Do i have to top-up with my credit card before I can transfer?,topping_up_by_card
train-07816,May I order another card?,getting_spare_card
train-00752,Why is the cash withdraw I made shown as pending?,pending_cash_withdrawal
train-03861,Why is verifaction required for my Identity?,why_verify_identity
train-09435,I was under the impression ATM cash withdrawals were free. Why was I suddenly charged for my most recent ATM transaction?,cash_withdrawal_charge
train-00450,I checked on google and the exchange rate you are using is really bad. Can you update it?,card_payment_wrong_exchange_rate
train-08181,My disposable virtual card isn't working.,virtual_card_not_working
train-07574,I have questions about how to transfer money to my account.,transfer_into_account
train-09474,I was charged a fee with my cash withdrawal that I shouldn't have been charged.,cash_withdrawal_charge
train-08670,I completed a transfer that isn't showing up on my account.,balance_not_updated_after_bank_transfer
train-08582,Problems with my top up,top_up_failed
train-07514,My transfer is failing when I try to do it.,failed_transfer
train-03314,Why is my money not in my account. I have already sent it out.,balance_not_updated_after_cheque_or_cash_deposit
train-08841,There are funds in my app that I did not receive.,cash_withdrawal_not_recognised
train-09513,Do cash withdrawals cost anything?,cash_withdrawal_charge
train-01268,I think my card is broke?,card_not_working
train-08538,I'm confused as to why my top-up did not go through.,top_up_failed
train-00355,explain the interbank exchange rate,exchange_rate
train-04458,What is the number of transactions for one disposable card?,disposable_card_limits
train-07208,Where did my extra fee for the transfer come from?,transfer_fee_charged
train-01305,What should I do if I can't use my card?,card_not_working
train-08401,I want to make an online purchase but I don't want to use my credit card. Can you tell me how a disposable virtual card works and where I can apply for one?,get_disposable_virtual_card
train-09566,My card is about to expire.  How do I order another?,card_about_to_expire
train-07014,I tried transferring to an account but it won't let me.,beneficiary_not_allowed
train-08517,It looks like my top up didn't work.  Why?,top_up_failed
train-08250,I didn't get the right amount of  cash because of the exchange rate.,wrong_exchange_rate_for_cash_withdrawal
train-01735,What should I do if I exceed my PIN tries?,pin_blocked
train-05013,I cant get money out of the ATM with my card.  I just put my card in the ATM but it will not allow me to take any money out.  What do I need to do to fix this?,declined_cash_withdrawal
train-03316,I'm not seeing my cash deposit showing up in my account.,balance_not_updated_after_cheque_or_cash_deposit
train-02106,One of my transactions needs to be canceled.,cancel_transfer
train-08931,I have a cash withdrawal that I don't recognize.,cash_withdrawal_not_recognised
train-08263,I exchanged cash when traveling and the rate was incorrect.,wrong_exchange_rate_for_cash_withdrawal
train-00910,Are all European currencies available for holding and exchange?,fiat_currency_support
train-07551,I am trying to transfer money and something is going wrong.,failed_transfer
train-01699,I can't input my pin again.,pin_blocked
train-00078,My card hasn't arrived in the mail yet. I ordered it two weeks ago. What can I do?,card_arrival
train-09745,How to activate Google Pay for top up?,apple_pay_or_google_pay
train-02336,The ATM didn't give me enough money.,wrong_amount_of_cash_received
train-09068,Is there a charge for topping up by card?,top_up_by_card_charge
train-04841,how to recover my passcode,passcode_forgotten
train-06364,Why does the same transaction appear multiple times?,transaction_charged_twice
train-06531,I need to see where my money came from.,verify_source_of_funds
train-05489,I would like to report an issue with my product and want to get it refunded,request_refund
train-07240,Why would I be charged an extra fee while doing a transfer?,transfer_fee_charged
train-06954,I am on vacation in Spain and think someone saw my pin when… Can I change it at a local ATM?,change_pin
train-08990,Are there any extras for exchanging currency?,exchange_charge
train-08781,"Is something wrong with my account, my balance didn't change after I transferred some money",balance_not_updated_after_bank_transfer
train-03322,"I deposited money in the form of a cheque, but my balance has not increased.",balance_not_updated_after_cheque_or_cash_deposit
train-05375,I want to return an item for a refund can I do that?,request_refund
train-04390,What is limit of disposable cards  I can make per day?,disposable_card_limits
train-07862,How much would an extra card cost?,getting_spare_card
train-08208,The wrong exchange rate was applied to me while pulling out cash.,wrong_exchange_rate_for_cash_withdrawal
train-08873,there is money in my account that i didnt put there,cash_withdrawal_not_recognised
train-09541,"My card will expire soon, do I need to order a new one?",card_about_to_expire
train-09661,Can I top up with Google Pay?,apple_pay_or_google_pay
train-03311,cash and check deposit has not gone thru,balance_not_updated_after_cheque_or_cash_deposit
train-09983,I am in the EU. Can I get one of your cards?,country_support
train-00391,I am travelling and I was wondering what your exchange rates are,exchange_rate
train-00125,How long until my new card gets here?,card_arrival
train-07797,Help my find the verification code on a top-up.,verify_top_up
train-08625,"Hello I made a bank account transfer from the UK. The transfer was a couple hours ago, nothing has shown up yet.  Can you check to see if everything okay. Please.",balance_not_updated_after_bank_transfer
train-01890,Is there a charge for receiving money?,top_up_by_bank_transfer_charge
train-03884,Why is it important to verify my identity?,why_verify_identity
train-07700,What is the point of verifying a top up?,verify_top_up
train-07581,"I am in desperate need to transfer funds from another account that i have into this one, how do i do that?",transfer_into_account
train-00630,"On my statement, there is a strange 1£ charge that appears as pending. What's causing that? I haven't purchased anything that's just a pound.",extra_charge_on_statement
train-06952,Am I able to change my PIN at certain cash machines?,change_pin
train-09887,Which countries does your service work in?,country_support
train-08089,How can receive a physical card,order_physical_card
train-07466,Is there a reason behind why my transfer did not work?,failed_transfer
train-07276,Is it free to transfer money or is there a fee?,transfer_fee_charged
train-01054,Can cards be dispatched on a specific date?,card_delivery_estimate
train-08762,I transferred money to my account but it is not showing.,balance_not_updated_after_bank_transfer
train-05076,My ATM withdrawal was cancelled,declined_cash_withdrawal
train-07669,can i transfer money i the app,transfer_into_account
train-00871,"Hello, I tried to take out some money out of the ATM, but it's still showing that it's pending? I really don't want to be charged for this.",pending_cash_withdrawal
train-09587,"My card is about to expire, what do I do?",card_about_to_expire
train-00000,I am still waiting on my card?,card_arrival
train-04684,"If I found an error in my account for a transaction I didn't make, how long to I have to dispute it?",direct_debit_payment_not_recognised
train-02509,"I'm stuck here at your broken ATM and I don't know what to do next. Asked for 30 pounds, got 10. ATM said I got 30. Something very wrong here and I want my money now!",wrong_amount_of_cash_received
train-00202,I found the card I thought I lost this morning. Can I reactivate this card?,card_linking
train-03335,I tried updating my balance by cheque yesterday but it doesn't seem to be working. Shouldn't that be faster? Please check my account something has gone wrong there.,balance_not_updated_after_cheque_or_cash_deposit
train-04575,What cash stations take this card?,atm_support
train-01331,Why won't my card accept any transactions?,card_not_working
train-09070,Will you charge me if I top up by card?,top_up_by_card_charge
train-01656,Is there a minimum age for having an account?,age_limit
train-02117,Can you help me to quickly cancel a transaction I accidentally did to the wrong account?,cancel_transfer
train-04120,I would like a Visa card.,visa_or_mastercard
train-02295,How much could I top up?,top_up_limits
train-03881,Why is verification for my identity needed?,why_verify_identity
train-05213,I purchases several items today. Why are they still showing pending?,pending_card_payment
train-09923,Can I use it outside of Europe?,country_support
train-05900,"my card payment has been declined, do you know why?",declined_card_payment
train-01475,Has there been any activity on my card today?,lost_or_stolen_card
train-00029,What is the expected delivery date for my card?,card_arrival
train-01928,How long does a top-up take to go through?,pending_top_up
train-01880,Is a SWIFT transfer acceptable?,top_up_by_bank_transfer_charge
train-04840,Not sure what my password is.,passcode_forgotten
train-07690,For what reason must I authenticate the top up?,verify_top_up
train-03430,I deposited a cheque but I don't see the funds in my account.,balance_not_updated_after_cheque_or_cash_deposit
train-00980,are multiple currencies acceptable?,fiat_currency_support
train-04217,How do I get selected for a visa card?,visa_or_mastercard
train-00094,Could I get tracking on the card?,card_arrival
train-08925,i didnt put that money in my account,cash_withdrawal_not_recognised
train-06583,want to know where funds come from,verify_source_of_funds
train-02960,Help me use American Express to add money to the account.,supported_cards_and_currencies
train-00784,I'm expecting to see a cash withdrawal but I'm still waiting.,pending_cash_withdrawal
train-05920,Why was my new card declined?,declined_card_payment
train-07671,What steps are taken to transfer money into my account?,transfer_into_account
train-08692,I have transferred some money but the balance hasn't changed,balance_not_updated_after_bank_transfer
train-07953,Is there such thing as top up by cheque?,top_up_by_cash_or_cheque
train-07990,How do I deposit cash?,top_up_by_cash_or_cheque
train-00232,Where in the app do I go to make my new card show up?,card_linking
train-00640,I was made to pay an additional pound!,extra_charge_on_statement
train-07938,How do I top up with a cheque?,top_up_by_cash_or_cheque
train-08197,Please help me.  My disposable virtual card won't work right.,virtual_card_not_working
train-01306,Can I use app to reset PIN attempts?,card_not_working
train-08589,Why would the app deny my top-up?,top_up_failed
train-09739,my google pay seems to be acting up.,apple_pay_or_google_pay
train-04465,card is being used by someone else,compromised_card
train-04679,I may need to dispute a Direct Debit payment.,direct_debit_payment_not_recognised
train-02255,what is the limit for top-ups?,top_up_limits
train-05741,My statement has not shown my refund.,Refund_not_showing_up
train-07644,Can I transfer money to my account with the app?,transfer_into_account
train-07405,Will my employer be able to pay me with this service,receiving_money
train-09165,European bank card for top up will come with any extra fees?,top_up_by_card_charge
train-05968,I just got my new card and tried using it and it was declined?,declined_card_payment
train-08282,"I need an accurate exchange rate, when I make my withdrawals.",wrong_exchange_rate_for_cash_withdrawal
train-02669,Why was I charged a fee for debit or credit card payment?,card_payment_fee_charged
train-07081,I am trying  to  transfer and  it has been  stopped why is  that,beneficiary_not_allowed
train-07338,I would like to know how my friend would be able to send me money,receiving_money
train-01147,I would like to top up my account automatically. How do I do that?,automatic_top_up
train-07915,What's the process to receive a second card?,getting_spare_card
train-04370,Can you tell me the restrictions for the disposable cards?,disposable_card_limits
train-04426,How many disposable cards can I have at one time?,disposable_card_limits
train-00681,Can you please explain to me why there is an extra €1 fee in my statement?,extra_charge_on_statement
train-03062,Where can virtual cards be ordered?,getting_virtual_card
train-02641,Let me know when you charge for payments. I just checked the app and saw a fee that I wasn't warned about.,card_payment_fee_charged
train-02402,I asked for more cash than what was received,wrong_amount_of_cash_received
train-00024,where is my new card?,card_arrival
train-03020,How to order a virtual card,getting_virtual_card
train-00081,"I've been waiting a while for my card, is there a way to know when it will arrive?",card_arrival
train-07414,"I have obtained the salary in GBP, will it need to be configured?",receiving_money
train-06225,I am very dissatisfied with the services that you are providing.  I want to cancel my account.,terminate_account
train-09751,Is it possible to top up with Google Pay?,apple_pay_or_google_pay
train-06532,Are there steps to see where my funds come from?,verify_source_of_funds
train-07351,I would like to receive my salary in a different currency. How does that work?,receiving_money
train-04317,How do I go about transferring money using my credit card?,topping_up_by_card
train-03353,"I put cash in my account, but I don't see it.",balance_not_updated_after_cheque_or_cash_deposit
train-02263,Are there any top-up limits that I must follow?,top_up_limits
train-07620,How can I transfer some money into a foreign account?,transfer_into_account
train-05184,I did a card payment but its status is still coming as pending. Please check and inform when it would complete.,pending_card_payment
train-07252,Can you please explain why I was charged an extra fee for my transfer?,transfer_fee_charged
train-07520,"Hi, I'm trying to purchase a flat and I'm needing the first payment for the mortgage to go through on the flat I'm trying to buy. For some reason I keep getting an error.can you assist in making this transfer? What is going on?",failed_transfer
train-05412,I would like to cancel my order.,request_refund
train-02380,What do I need to do to request cash back? The ATM actually just gave me the wrong amount. The app I actually chose the right amount.,wrong_amount_of_cash_received
train-07955,What is not accepted in order for me to top up my account?,top_up_by_cash_or_cheque
train-09999,What countries are you supporting?,country_support
train-08969,Are there any discounts in exchanging currencies frequently?,exchange_charge
train-04203,Will I get a Visa card or Mastercard?,visa_or_mastercard
train-00146,Was there a number to track that I could get?,card_arrival
train-05954,"I was out today looking forward to paying with my brand new card, turns out the payment just kept getting declined. This is pretty sad, what's going on?",declined_card_payment
train-03139,Are there any restrictions to where I can use my card?,card_acceptance
train-07471,"Hello.  I ran into a problem with a transfer this morning.  I was trying to send money to some friends but when I tried to send it, the transfer failed.  I don't know what is causing the transfer to be rejected.  Please let me know what is causing the problem.  Thanks.",failed_transfer
train-00002,I have been waiting over a week. Is the card still coming?,card_arrival
train-09837,What forms of ID work for verification?,verify_my_identity
train-05131,Card payment is showing as pending,pending_card_payment
train-04018,"In the app, where do I find my card PIN?",get_physical_card
train-01374,I would like to change to a different currency.,exchange_via_app
train-00970,"Do you hold money and if so, what currencies do you accept?",fiat_currency_support
train-06219,terminate my account please,terminate_account
train-07657,show me how to transfer to my account,transfer_into_account
train-06392,"My account shows I have been charged twice for the same meal. How do I get the second payment voided and returned to me? I do not eat out much and my family is living paycheck to paycheck,  mostly. I cannot afford to spend more money than necessary, as is, so I must see to it that the cost be promptly credited back onto my card.",transaction_charged_twice
train-06748,It looks like my card payment might have been reverted.,reverted_card_payment?
train-09500,"that fee should not be there, you charged my cash for an unnecessary thing.",cash_withdrawal_charge
train-09980,What are the countries you support.,country_support
train-00593,"Hey, I got charged extra for some reason when I purchased an app. Is this a hidden fee or something? I don't think it's very cool.",extra_charge_on_statement
train-09034,Please provide currency exchange rates,exchange_charge
train-05567,How do I make my transfer go through,declined_transfer
train-03700,How do I change my details?,edit_personal_details
train-05004,Help! My card isn't working at the ATM and I know I used the right PIN. Trying to get my money.,declined_cash_withdrawal
train-01312,How do I get my card to work?,card_not_working
train-04444,Can you please inform me of the restrictions for the disposable cards.,disposable_card_limits
train-08583,why is my top up failing,top_up_failed
train-06877,What do I do if my payment was reverted?,reverted_card_payment?
train-01318,I tried using my card at multiple vendors and now it's not working.,card_not_working
train-02961,What cards and currencies can I use?,supported_cards_and_currencies
train-08798,There is a withdrawal on my account I didn't make.,cash_withdrawal_not_recognised
train-02966,I only have a card from the US is that okay?,supported_cards_and_currencies
train-04784,"There is a direct debit charge that I don't recognize, what can I do?",direct_debit_payment_not_recognised
train-01531,I misplaced my card and I dont know where the last place is where I used the card last. Can you look at my account and tell me the last place I used the card?,lost_or_stolen_card
train-08027,how can i add money to my account if you don't accept cash,top_up_by_cash_or_cheque
train-02745,My friend says he hasn't received my transaction,transfer_not_received_by_recipient
train-00749,"The transaction for the cash I pulled out of the ATM earlier is pending in the app, but how if I already have the cash?",pending_cash_withdrawal
train-07517,I tried to transfer money but it didn't go through,failed_transfer
train-04658,I need a refund on a direct debit that shows in the app because I did not make it.,direct_debit_payment_not_recognised
train-00958,What country's money can I hold currency in?,fiat_currency_support
train-01296,My card was declined at a restaurant today and I am not sure why.,card_not_working
train-02785,Why hasn't my son received the transfer I sent to him earlier?,transfer_not_received_by_recipient
train-02815,I did a money transaction and dont have a receipt,transfer_not_received_by_recipient
train-09429,Tell me why there is an extra charge when I used an ATM?,cash_withdrawal_charge
train-09672,Can I use the apple watch to make a top-up?,apple_pay_or_google_pay
train-03185,Is there a reason my top-up has been cancelled?,top_up_reverted
train-02780,"I made a transfer for my rent payment about 2 days ago, but my landlord hasn't received it yet. It shows as done on my  side, and I've double check all account numbers and they are correct. Can you verify that the transaction was actually made?",transfer_not_received_by_recipient
train-03450,Why hasn't my cheque processed?,balance_not_updated_after_cheque_or_cash_deposit
train-00065,How long should it take for my new card to arrive in them mail? What should I do if I never receive it?,card_arrival
train-04001,i have yet to get my pin,get_physical_card
train-00538,Are you ripping people off with the exchange rate?  It can't be that atrocious between banks.,card_payment_wrong_exchange_rate
train-08793,"I got a message saying I made a withdrawal from the bank machine, but I did not.",cash_withdrawal_not_recognised
train-02376,I received the wrong amount of cash back,wrong_amount_of_cash_received
train-02877,What are the acceptable currencies for adding funds?,supported_cards_and_currencies
train-06752,I believe that a card payment I made was cancelled.,reverted_card_payment?
train-09066,What is the fee for topping up a US card?,top_up_by_card_charge
train-04079,I don't have a PIN at this point.,get_physical_card
train-02625,Was I charged extra for using my card?,card_payment_fee_charged
train-06422,"Help, I was charged twice!",transaction_charged_twice
train-07093,I don't understand why you aren't accepting my transfer. After a couple times trying I'm still getting an error message.,beneficiary_not_allowed
train-00945,Which currencies are allowed?,fiat_currency_support
train-00848,"My cash withdrawal says pending, why?",pending_cash_withdrawal
train-06008,My payment shows that it is pending will I be charged more money?,pending_transfer
train-01119,i need help finding the auto top up option.,automatic_top_up
train-09399,Why is it I am charged an extra fee when I use the ATM?,cash_withdrawal_charge
train-08564,I tried to top up but the app rejected it.,top_up_failed
train-08201,I tried to use my disposable virtual card to pay a subscription to the gym and it got rejected. Any ideas why?,virtual_card_not_working
train-07651,I need to move money from one of my other accounts to this one.,transfer_into_account
train-09040,Does it cost anything to do currency exchanges?,exchange_charge
train-07813,Is there a charge for sending out more cards?,getting_spare_card
train-08843,I do not know what this cash withdrawal is,cash_withdrawal_not_recognised
train-07343,Can i receive transfers from my employer to this account?,receiving_money
train-07904,Is it free to send out more cards?,getting_spare_card
train-00446,"I purchased something abroad, and the exchange rate that was applied was wrong.",card_payment_wrong_exchange_rate
train-04564,Where can money withdrawals be made?,atm_support
train-02622,I didn't know I was going to get charged to use my card.,card_payment_fee_charged
train-09365,Why am I being charged for ATM fees?,cash_withdrawal_charge
train-00514,"I guess exchange rate for my payment was not correct, as i charged extra on the last saturday.",card_payment_wrong_exchange_rate
train-07788,Where is the verification code display?,verify_top_up
train-07135,Why cant I transfer to my account?,beneficiary_not_allowed
train-09111,Are you going to charge me to top up my card?,top_up_by_card_charge
train-07082,"This is frustrating, I'm at work and my transfers are not going through. I keep getting an error message, I do not have time for this.",beneficiary_not_allowed
train-07715,How do i find my top-up card's verification code?,verify_top_up
train-06925,Can I change my PIN in Austria?,change_pin
train-03527,I am seeing in the App a payment that its not mine,card_payment_not_recognised
train-03211,What I topped up was reverted by the app.,top_up_reverted
train-04283,top up by my card is that possible?,topping_up_by_card
train-03055,Can you assist me in acquiring a virtual card?,getting_virtual_card
train-09613,Can I order a new card?  Mine is about to expire.,card_about_to_expire
train-00172,How can I make my card show up in the app?,card_linking
train-07025,I'm trying to purchase crypto via the app. I haven't been able to get it to go through. Am I doing something wrong?,beneficiary_not_allowed
train-06509,Where do I go to see the source of my available money?,verify_source_of_funds
train-02924,What currencies do you accept for adding money?,supported_cards_and_currencies
train-06213,how do i cancel my account,terminate_account
train-01750,Can I unblock my pin using the app?,pin_blocked
train-05034,Why wont the ATM give me cash?,declined_cash_withdrawal
train-02550,"Why wasn't it obvious that you charge for payments? If you put the fees in an easy to read format, this could have been avoided.",card_payment_fee_charged
train-05869,My latest payment was declined! What happened! I was told everything had been resolved and was back to working order again.,declined_card_payment
train-06287,An ATM swallowed my credit card!,card_swallowed
train-08128,Where do we mail the card?,order_physical_card
train-08733,Where's the money I transferred into my account?,balance_not_updated_after_bank_transfer
train-02510,The machine only paid me a hundred when I wanted 20,wrong_amount_of_cash_received
train-07992,can i deposit a check here?,top_up_by_cash_or_cheque
train-03873,Can we skip verifying?,why_verify_identity
train-04939,Is there a reason my cash withdrawal was declined?,declined_cash_withdrawal
train-00582,"I have a strange transaction for £1 on my statement, what is that?",extra_charge_on_statement
train-02226,I want to cancel a transaction from this morning.,cancel_transfer
train-03123,Are there limits to businesses that will accept this card?,card_acceptance
train-05696,I am missing a refund amount on my account.,Refund_not_showing_up
train-01726,Why is my PIN blocked?,pin_blocked
train-02435,I haven't received my cash yet.,wrong_amount_of_cash_received
train-06284,What do I do?  The ATM took my card!,card_swallowed
train-05965,My card payment won't work.,declined_card_payment
train-01212,"What, if any, is the limit  for auto top-up?",automatic_top_up
train-08438,Where do I get a disposable virtual card?,get_disposable_virtual_card
train-02948,"I want to top up by using a credit card, which ones do you support?",supported_cards_and_currencies
train-02225,I need help as fast as possible! I made a mistake on my most recent transfer; can you please stop it before it goes through?,cancel_transfer
train-05932,"My card payment has been declined, why?",declined_card_payment
train-08749,I recently transferred money to my account when will it show up?,balance_not_updated_after_bank_transfer
train-09821,What do I need for the verification check?,verify_my_identity
train-05670,"Why do you keep declining my transfers? it's always been working really well so far but when I tried to buy something just now the card got declined, I tried couple of times already  but same thing is happening.",declined_transfer
train-00993,Please list what fiat currencies are supported for both holding and exchanging.,fiat_currency_support
train-08073,Do physical cards cost money?,order_physical_card
train-06834,"I purchased something and already received it, why hasn't the money taken out?",reverted_card_payment?
train-02232,"I wanted to transfer money to another account, but now I don't have to so I'd like to cancel said transfer. How can I do that?",cancel_transfer
train-07249,Are transfers not free? I didn't know I would be charged for transfers.,transfer_fee_charged
train-07043,Why is my beneficiary being denies?,beneficiary_not_allowed
train-06258,How can I get my card out of the stupid ATM that ate it?,card_swallowed
train-07153,What are then rules on beneficiaries?,beneficiary_not_allowed
train-04330,"I need my card topped up,",topping_up_by_card
train-06828,I tried to buy something online but my funds were transferred back to my account. What is happening?,reverted_card_payment?
train-01159,Is there an auto top up feature?,automatic_top_up
train-07463,please help my transfer go through,failed_transfer
train-06791,Was my transaction reverted with my card?,reverted_card_payment?
train-06987,Where do I go to change my PIN?,change_pin
train-06476,A duplicated payment was made for something.,transaction_charged_twice
train-07381,How can I receive money from my friend?,receiving_money
train-03348,"the balance has not changed, but I have deposited some money",balance_not_updated_after_cheque_or_cash_deposit
train-01387,Can I exchange USD for GBP in your app?,exchange_via_app
train-00198,How do I add a new card?,card_linking
train-00526,Why is the exchange rate for my payment incorrect?,card_payment_wrong_exchange_rate
train-03901,Why isn't my id verified?,unable_to_verify_identity
train-02351,The cash I wanted wasn't there.,wrong_amount_of_cash_received
train-06839,I just got refunded for my purchase over two weeks ago,reverted_card_payment?
train-07706,How can I verify the top-up card?,verify_top_up
train-09707,Does my top up and apple pay work together?,apple_pay_or_google_pay
train-06996,Is there a way to change my PIN without having to go to the bank?,change_pin
train-02529,I don't understand why I was charged an additional fee for this service. Can you clarify?,card_payment_fee_charged
train-03912,Why isn't my id verifying?,unable_to_verify_identity
train-07795,I'm being asked for a verification code. Where do I find it?,verify_top_up
train-07519,Been trying to transfer money this morning but keep getting rejected. I don't understand why this is happening.,failed_transfer
train-03685,I've just got married and want to change my name.,edit_personal_details
train-02166,"I made a mistake when sending a payment, sending it to the wrong account number (with a typo) - can you please cancel the transaction?",cancel_transfer
train-05303,My phone is at the hotel.  How can I use the app?,lost_or_stolen_phone
train-00632,I see a charge of 1L I do not recognize on my statement,extra_charge_on_statement
train-08177,The virtual card won't work.,virtual_card_not_working
train-06318,"My transaction history is looking a little off. I have been charged twice for multiple different purchases, and would like to have those duplicate charges refunded.",transaction_charged_twice
train-09346,Why did they take more money out then I withdrawed?,cash_withdrawal_charge
train-04055,Explain the card PIN to me.,get_physical_card
train-08668,What is the normal time to make an international transfer? I made one a few days ago that still hasn't arrived.,balance_not_updated_after_bank_transfer
train-00033,My new card hasn't came in.,card_arrival
train-09835,"If I'm getting my identity verified, what all do I need?",verify_my_identity
train-05005,I tried to pull cash from an ATM but it wouldn't let me.,declined_cash_withdrawal
train-00150,"My card still hasn't arrived after two weeks, now what?",card_arrival
train-01434,Can I exchange currency for different types?,exchange_via_app
train-01769,Too many times I entered the incorrect PIN.  How can I get my account unblocked?,pin_blocked
train-02719,How much time do transfers typically take? I sent money to a friend who needs it urgently. It's been hours and has not gone through.,transfer_not_received_by_recipient
train-06266,what do I need to do if the ATM kept my card?,card_swallowed
train-02363,I got $20 when I should've gotten $100,wrong_amount_of_cash_received
train-08145,Where do I order a card?,order_physical_card
train-06992,Do I have to go to an actual bank to change my PIN?,change_pin
train-06914,Can I change my PIN without going to a bank?,change_pin
train-06793,"I've got a problem - I purchased an item maybe a week or two ago, but to the payment came back to my account! I've already got what I ordered, so why are the payment funds showing up in my account?",reverted_card_payment?
train-04207,Can I obtained a Visa Card,visa_or_mastercard
train-01540,How do I deactivate a stolen card?,lost_or_stolen_card
train-02275,Whats the max I can top up,top_up_limits
train-03632,There is an odd payment in my statement,card_payment_not_recognised
train-05969,"I know there's money in my account, why did my account decline me?",declined_card_payment
train-03334,When will my deposit from this morning show up?,balance_not_updated_after_cheque_or_cash_deposit
train-00615,"My statement shows a 1£ purchase pending. I do not remember making this purchase, please let me know what this is about.",extra_charge_on_statement
train-09518,Can I get a new card with new expiration date in China?,card_about_to_expire
train-01522,My card has gone missing.,lost_or_stolen_card
train-05132,What is the longest that a payment will show pending?  There is one showing that has been sitting there a few days.,pending_card_payment
train-08982,"If I exchange currencies on a regular basis, is there a discount?",exchange_charge
train-09162,What fees are there for adding money using an international card,top_up_by_card_charge
train-03947,The app is telling me that I am not me.,unable_to_verify_identity
train-03492,"A strange card payment, I do not recognize it.",card_payment_not_recognised
train-09466,Why was I charged when taking out money?,cash_withdrawal_charge
train-02515,I don't understand why I'm being charged for using my card.,card_payment_fee_charged
train-02731,I sent money about 5 days ago and the recipient has not received the money yet.,transfer_not_received_by_recipient
train-02416,"Why did I not get all the money that I asked for? I asked for all the cash in my my account, but I only got about half. Why is that??",wrong_amount_of_cash_received
train-06970,How do I change my PIN abroad?,change_pin
train-06096,My money transfer has not happened yet,pending_transfer
train-05792,I keep checking my statements but no progress.I requested a refund but seems it's not reaching my account for some reason. Can you please help me get the money back from the seller for me,Refund_not_showing_up
train-09374,Could you explain your rules for ATM fees?,cash_withdrawal_charge
train-06484,What are the sources for the funds in my account?,verify_source_of_funds
train-07017,Why is my beneficiary not allowed?,beneficiary_not_allowed
train-08597,Looks like my top-up has been cancelled,top_up_failed
train-03456,I attempted to deposit a cheque yesterday but the balance isn't showing today. Is it still pending?,balance_not_updated_after_cheque_or_cash_deposit
train-08299,The exchange rate was different when I got cash,wrong_exchange_rate_for_cash_withdrawal
train-02208,How can I cancel a transaction to a wrong account?,cancel_transfer
train-09710,Why isn't my google pay top up working?,apple_pay_or_google_pay
train-08588,My topping up didn't go through.,top_up_failed
train-05420,I want to cancel my purchase,request_refund
train-02888,How can I top up my account and which currency can I use?,supported_cards_and_currencies
train-07333,Can my salary be received here?,receiving_money
train-02146,"I made a transaction, but I made it to an account I didn't mean to make it to.",cancel_transfer
train-03200,I put some money in my account the other day but now its gone? Why is this?,top_up_reverted
train-04100,Is there a way I can have a mastercard?,visa_or_mastercard
train-03151,Where is this card accepted?,card_acceptance
train-00050,"A card has been sent to me, how do I track it?",card_arrival
train-04350,Can I get a disposable card?  How many can I have?  How often can I use them?,disposable_card_limits
train-06432,What do I do if a transaction shows up twice?,transaction_charged_twice
train-04438,I have a disposable virtual card. Is there a limit to how many times I can use it?,disposable_card_limits
train-08890,There's a cash withdrawal that  didn't make that is showing up.,cash_withdrawal_not_recognised
train-08695,Where is the transfer that I did?,balance_not_updated_after_bank_transfer
train-07818,Can I order a second card?,getting_spare_card
train-06172,I'd like to delete my account.,terminate_account
train-03707,how to change name on account,edit_personal_details
train-09418,Explain the extra ATM fees.,cash_withdrawal_charge
train-04522,"My card was used without my permission, what do I do?",compromised_card
train-06550,Is there a way to see my money's source?,verify_source_of_funds
train-04476,"There are a few transaction that I don't recognize, I think someone managed to get my card details and use it.
",compromised_card
train-05795,Why isn't my refund on my statement?,Refund_not_showing_up
train-07486,"Hello, I am buying a flat and need the inital payment for the mortgage to go through. It keeps showing up as error, what is going on? Can you please help me make this transfer?",failed_transfer
train-00990,Which fiat currencies are compatible for exchange and holding?,fiat_currency_support
train-00295,What foreign exchange rate will I get on weekdays and on the weekends?,exchange_rate
train-08350,"My ATM transaction shorted me on cash, and I think the exchange rate was wrong. Did I receive the correct rate?",wrong_exchange_rate_for_cash_withdrawal
train-05861,My card was rejected,declined_card_payment
train-03849,Why do I have to give you my drivers license,why_verify_identity
train-04094,can i create my own pin right away,get_physical_card
train-03134,Is there restrictions on where I can use my card?,card_acceptance
train-01523,oh my god I lost my card! what should I do?,lost_or_stolen_card
train-09856,Can I get information on the identity checks?,verify_my_identity
train-00182,Can you please reactivate my card?,card_linking
train-03883,Do you need my birthdate?,why_verify_identity
train-01055,Can I have it by a certain date?,card_delivery_estimate
train-06837,My card payment has not been withdrawn from my account,reverted_card_payment?
train-00527,Your foreign exchange rate is wrong.,card_payment_wrong_exchange_rate
train-03342,"I deposited some cash but it hasn't shown up in my account yet, what's going on?",balance_not_updated_after_cheque_or_cash_deposit
train-01098,When will I receive my card?,card_delivery_estimate
train-07475,"Hi there, I've tried to make a transfer 5 different times and its not working. Is your system down or something?",failed_transfer
train-06691,How long will it take to transfer from europe?,transfer_timing
train-01032,How long will this take to get to me?,card_delivery_estimate
train-02639,Why was I charged a fee for my card payment?,card_payment_fee_charged
train-00395,How does the exchange rate work on this app?,exchange_rate
train-06397,Why does a payment show up twice?,transaction_charged_twice
train-06668,"I need to make a transfer from Europe, how many days does this take?",transfer_timing
train-07815,How can I create another card linked to this account?,getting_spare_card
train-07429,Is there a reason that my transfer failed?,failed_transfer
train-09738,What should I do to top up using my Apple Watch?,apple_pay_or_google_pay
train-05488,I am unhappy with an item I bought. How do I get a refund?,request_refund
train-02593,My account was charged a fee. When did you start charging extra for card payments?,card_payment_fee_charged
train-00722,What is this random charge of one pound doing on my account?,extra_charge_on_statement
train-04762,How do I dispute a direct debit that I didn't do?,direct_debit_payment_not_recognised
train-00664,I need some help figuring out what this strange payment is on my account. It's stays pending and won't go away.,extra_charge_on_statement
train-07505,"What stopped my transfer, from being accepted?",failed_transfer
train-07721,Is there a reason why top-up needs verifying?,verify_top_up
train-06529,How do I verify the source of my funds?,verify_source_of_funds
train-07873,Am I allowed to carry an additional card?,getting_spare_card
train-06312,I have duplicated transactions on my statement,transaction_charged_twice
train-02396,"Help, your app is showing a larger WD than I actually did earlier at an ATM.",wrong_amount_of_cash_received
train-01408,"I no longer need AUD, I need GBP instead, how can I make this happen?",exchange_via_app
train-08445,Can you tell me where I can order a disposable virtual card?,get_disposable_virtual_card
train-00845,Its been several days and my cash withdrawal is still pending. Why?,pending_cash_withdrawal
train-06401,Will the duplicated payment be refunded?,transaction_charged_twice
train-03724,I moved so I need to change my address. How do I do that?,edit_personal_details
train-03548,i didnt do this charge,card_payment_not_recognised
train-06546,How do I know where my funds come from?,verify_source_of_funds
train-03692,should i contact customer support if i can't edit details,edit_personal_details
train-02971,How can I pay for top-ups?,supported_cards_and_currencies
train-02052,How long does my top up pending last?,pending_top_up
train-05417,"I received the wrong color and size, can I return it?",request_refund
train-08782,"It has been a couple of hours but I do not see my balance updated, can you help?",balance_not_updated_after_bank_transfer
train-07511,"This morning, I tried to send money to my friends several times but each time the transfer fails.  Why does it keep failing?  The transfer gets rejected but I do not know what is causing it to be rejected.",failed_transfer
train-09452,Why did I get charged for a withdrawal?,cash_withdrawal_charge
train-00323,How do you decide what the exchange rates are?,exchange_rate
train-01120,What are the maximum amount you can do for auto top-up?,automatic_top_up
train-05635,Why are my transfers being declined? It normally works but now it's declining my card. I've tried it a few times but it's still not working.,declined_transfer
train-09248,What is the procedure for activating this card?,activate_my_card
train-01914,Will I be charged for topping up my account using a bank transfer?,top_up_by_bank_transfer_charge
train-08072,Is a physical card also available,order_physical_card
train-07863,I would like an extra card.,getting_spare_card
train-02174,"I made a mistake when making my last transfer, please cancel before it goes thru.",cancel_transfer
train-05821,I returned something to a  store but can't see my refund.,Refund_not_showing_up
train-02799,I tried doing an in country transfer earlier this week. I thought it would be there by now but I still don't see the money. Can you check the status on my transfer?,transfer_not_received_by_recipient
train-07099,why did my account decline a incoming transfer,beneficiary_not_allowed
train-06155,Help me close my account.,terminate_account
train-03197,Why isn't top-up working? My top-up money disappeared after I saw that it was successfully transferred. Is it gone? Where did it go?,top_up_reverted
train-02441,I was not distributed the correct amount of cash that I asked for,wrong_amount_of_cash_received
train-05895,My card was declined,declined_card_payment
train-06095,Why does my transfer still say it is pending?,pending_transfer
train-08111,How to order my card?,order_physical_card
train-08266,Why is the exchange rate so high? This should have been a much higher amount of cash for that to apply.,wrong_exchange_rate_for_cash_withdrawal
train-07908,Will it cost me to get a second card?,getting_spare_card
train-05612,Help me figure out why my transfer was declined,declined_transfer
train-03482,There's a payment with my card that I didn't perform. I don't know that name shown.,card_payment_not_recognised
train-05188,"I made a purchase this morning, and it is showing as pending.",pending_card_payment
train-07928,Can I have more than one card?,getting_spare_card
train-09413,Can you tell me why I was charged to withdraw cash?,cash_withdrawal_charge
train-00154,I was able to find my card. How to I go about putting it into my app?,card_linking
train-03623,There is a payment done with my card which i definitely did not do.Never seen that name before.,card_payment_not_recognised
train-04297,How do i set up my credit card to send transfers?,topping_up_by_card
train-04588,Can I get money out of any machine?,atm_support
train-08645,My latest transfer seems to be missing.,balance_not_updated_after_bank_transfer
train-02488,I didn't get all the money I asked for,wrong_amount_of_cash_received
train-03917,"Hearing back from us regarding your important verification results may take 10 minutes to one hour time.  If verification results do fail, double-check to make sure all of your images are clear --  make sure your photos have no glare or blurring. Note: These photos need to be readable as well.  You also need to be 18 years of age or older.  You must be a resident of Switzerland or the European Economic Area to open a new account.",unable_to_verify_identity
train-07378,How can I receive money from someone?,receiving_money
train-04855,Please help me.  I don't know my code to get into the app.,passcode_forgotten
train-01280,How do I fix my card if it is broken?,card_not_working
train-09108,Is there a fee to top up a US card using a debit or credit card?,top_up_by_card_charge
train-07562,"When I attempted to make a transfer, it failed.",failed_transfer
train-09757,Google Pay isn't working. What is wrong?,apple_pay_or_google_pay
train-05138,My card payment has had the status of pending forever. What is the issue? It should have gone through at some point.,pending_card_payment
train-03960,My app says that I'm not verified.,unable_to_verify_identity
train-02540,I got charged a service fee on my account. Can it be waived since I didn't know about it before?,card_payment_fee_charged
train-05716,I've been waiting for a refund where is it?,Refund_not_showing_up
train-08341,Can you please check the exchange rate when I was getting cash?,wrong_exchange_rate_for_cash_withdrawal
train-06149,unhappy with service need to delete account,terminate_account
train-00708,The $1.00 has still not been reverted as indicated in the previous email.,extra_charge_on_statement
train-07850,I would like to purchase another card.,getting_spare_card
train-08619,"About two days ago now, I made a transfer from France but it hasn't arrived yet. Is it possible that the international transfer just takes longer?",balance_not_updated_after_bank_transfer
train-01195,How do I top-up automatically?,automatic_top_up
train-05980,"Card payment was declined, do you know why?",declined_card_payment
train-00927,How can I solve my issue with holding multiple currencies?,fiat_currency_support
train-09349,I was charged for getting cash.,cash_withdrawal_charge
train-08353,When I got cash I believe that the exchange rate was wrong,wrong_exchange_rate_for_cash_withdrawal
train-02988,What currencies can be used for top up?,supported_cards_and_currencies
train-06365,Why did I get charged twice for the same thing,transaction_charged_twice
train-00997,Are you okay with exchanges to EUR?,fiat_currency_support
train-08270,Why did I only receive this much currency?,wrong_exchange_rate_for_cash_withdrawal
train-08817,What is this cash withdrawal I don't recognize?,cash_withdrawal_not_recognised
train-02699,What is the time frame that it usually takes for a transfer to come through? I have a friend needing it immediately but it has yet to come through.,transfer_not_received_by_recipient
train-08797,I see cash withdrawal activity in the app that is not mine.,cash_withdrawal_not_recognised
train-06993,"Can I change my pin at ATMs?  If so, what ones?",change_pin
train-09051,Are there any fees when exchanging to foreign currencies?,exchange_charge
train-01082,My card is needed soon,card_delivery_estimate
train-03994,"I'm not sure what to do about the PIN, because I don't have one yet.",get_physical_card
train-02407,I was not able to receive the correct amount of cash.,wrong_amount_of_cash_received
train-03007,Where is my virtual card?,getting_virtual_card
train-06874,"I noticed my card payment was cancelled, can you tell me why?",reverted_card_payment?
train-02230,There was a transaction this morning that I'd like to reverse.,cancel_transfer
train-00943,What currencies are available for my use in holding and exchange?,fiat_currency_support
train-05836,I'm not sure why my card didn't work,declined_card_payment
train-01844,Will there be a charge when money is added to my account?,top_up_by_bank_transfer_charge
train-00173,"I would like to re-activate my card, it was previously reported  lost but I found it this morning.",card_linking
train-01145,Is it possible to do auto top up?,automatic_top_up
train-06644,When will my transfer be in my account?,transfer_timing
train-05403,I want a refund on the things i bought,request_refund
train-01247,"My card isn't working at all, I need assistance. It's really frustrating.",card_not_working
train-01027,how long does delivery take?,card_delivery_estimate
train-04862,I lost the code and can not get into the app. Help!,passcode_forgotten
train-09877,Please list the countries you support.,country_support
train-05972,My card payment wasn't declined,declined_card_payment
train-07755,Where is the top-up card verification code?,verify_top_up
train-03647,There are a couple of payments with my card shown in the app that I really didn't make myself. Why is it happened?,card_payment_not_recognised
train-05614,Tell me why my transfer was declined.,declined_transfer
train-06132,My transfer says pending. What does that mean?,pending_transfer
train-04924,I tried to get funds in hard cash but it was rejected!,declined_cash_withdrawal
train-07742,Where can i find my top-up verification code?,verify_top_up
train-04188,I want to get a Visa card,visa_or_mastercard
train-04639,Is there a way for you to find out why my account was deducted from a seller when I didn't approve of it?,direct_debit_payment_not_recognised
train-06511,I need to know where do my funds come from,verify_source_of_funds
train-08308,"Help me!  When I was abroad, the exchange rate was wrong.",wrong_exchange_rate_for_cash_withdrawal
train-06043,How long will the transfer take?,pending_transfer
train-03422,Why isn't my money from a check deposit showing?,balance_not_updated_after_cheque_or_cash_deposit
train-06553,where can I get the info for my funds,verify_source_of_funds
train-08639,when does my balance update for a transfer,balance_not_updated_after_bank_transfer
train-04932,Why was my ATM withdrawal cancelled?,declined_cash_withdrawal
train-07148,Hi i received an error message informing me about the transaction failure. I have done the money transfer before and it never failed. Please let me know what is the issue this time.,beneficiary_not_allowed
train-07796,Why does a top- up need to be verify?,verify_top_up
train-01629,How old do my kids need to be to use your service?,age_limit
train-00890,I want to have multiple currencies in my account if possible.,fiat_currency_support
train-08075,I want to request a physical card,order_physical_card
train-08699,When will my transfer come through?,balance_not_updated_after_bank_transfer
train-08815,"A WD was just made on my account, but it was not me and I still have my card.  What to do?",cash_withdrawal_not_recognised
train-01627,How old do kids have to be to open an account?,age_limit
train-09786,What documents do I need to validate my identity?,verify_my_identity
train-01250,My card was working but now it doesn't.,card_not_working
train-08392,Can you please explain disposable virtual cards for me?,get_disposable_virtual_card
train-00463,The currency exchange for my purchase in foreign currency is incorrect.,card_payment_wrong_exchange_rate
train-02066,Isn't my top-up supposed to mean its complete?,pending_top_up
train-05514,It's been some time ago that I placed an order and it just isn't coming. At this point just give me back my money because I'm not paying them.,request_refund
train-03438,"I deposited cash this morning, but it is not yet available.",balance_not_updated_after_cheque_or_cash_deposit
train-08137,How do I go about ordering a card?,order_physical_card
train-05575,"I tried to buy something and it was declined and my transfers keep getting declined, Why?",declined_transfer
train-07369,Please show me how my friend can send me money.,receiving_money
train-05525,i haven't received my order and want a refund,request_refund
train-08175,My throwaway virtual card won't work,virtual_card_not_working
train-05492,"the product is not working, can I get a refund?",request_refund
train-03702,I need to change my home address.,edit_personal_details
train-03323,Where is the cash deposit I made?,balance_not_updated_after_cheque_or_cash_deposit
train-02764,"I have done a transfer within the country a couple days ago, but it's still not there yet. Can you please check what's going on with that, the account number definitely is the right one, I've checked that several times already.",transfer_not_received_by_recipient
train-00812,how long will my cash withdrawal be pending for?,pending_cash_withdrawal
train-00176,I would like to reactivate a card and wondered if that could be done?,card_linking
train-07610,How is my money transferred to the account,transfer_into_account
train-06908,Is there a way yo change my PIN?,change_pin
train-08887,Help!  The app says I took out cash but I didn't!,cash_withdrawal_not_recognised
train-08513,Can you tell me why my top-up failed?,top_up_failed
train-05008,"How do I get money from an ATM using my card? I can't seem to get it to work? I used the pin I had, but maybe it's wrong? What do I need to do to fix this?",declined_cash_withdrawal
train-04993,Is there something wrong with my ATM Card?  Tried using it earlier and it did not work.,declined_cash_withdrawal
train-05115,"It says ""pending payment?"" Why is it saying this?",pending_card_payment
train-09420,The bank charged me fees for withdrawing cash!,cash_withdrawal_charge
train-05348,My phone is missing.,lost_or_stolen_phone
train-07563,Why can't my transfer complete?,failed_transfer
train-07424,My salary is in GBP. Do I need to configure this somewhere?,receiving_money
train-04997,I wasn't able to withdraw money at an ATM,declined_cash_withdrawal
train-01965,"My top up hasn't gone through yet, why?",pending_top_up
train-09037,Any extra charges for exchanging currencies?,exchange_charge
train-02309,Can I top up any amount?,top_up_limits
train-02794,How long will my transaction take?,transfer_not_received_by_recipient
train-01304,What's wrong with my card? The clerk at the grocery store said it was declined.,card_not_working
train-09184,How do i activate my card,activate_my_card
train-07436,Why wont the other bank take my money?? Is it not good enough?? There's sufficient funds but I keep getting denied a standard transfer. Ive tried 5 times!,failed_transfer
train-02047,How do I make my top up complete?,pending_top_up
train-02637,When do i get charged a fee for using the card?,card_payment_fee_charged
train-00229,How can I link the new card?,card_linking
train-05455,I need a refund. This is not what i wanted.,request_refund
train-00398,What exchange rate is it?,exchange_rate
train-04674,"I'm checking my statements and I saw a purchase from a couple weeks ago that I don't recall at all. Not only that, but I don't even know the business that charged it. I'm not sure if I did it or not, but can we check it and see if we can trace it back to make certain?",direct_debit_payment_not_recognised
train-03581,I have a card payment I didn't make,card_payment_not_recognised
train-00770,I withdrew cash but it still shows as pending?,pending_cash_withdrawal
train-00621,"There must have been a mistake, why was I charged an extra pound?",extra_charge_on_statement
train-05468,I'm going to cancel a purchase.,request_refund
train-01122,Does the auto top-up have any limits?,automatic_top_up
train-02008,Why is the top-up I made still pending.,pending_top_up
train-03464,My account balance has not updated since I deposited a cheque recently.,balance_not_updated_after_cheque_or_cash_deposit
train-06409,Please delete the duplicate payment that was made to my account. One payment is still pending and I do not want to pay twice.,transaction_charged_twice
train-09233,What do I need to do for the card activation?,activate_my_card
train-08504,"So my top-up failed, could you tell me why?",top_up_failed
train-04058,Where can I find my PIN? I haven't gotten it yet.,get_physical_card
train-02427,I was not given the amount of cash I withdrew,wrong_amount_of_cash_received
train-03293,Explain top-up cancellation,top_up_reverted
train-00882,How many currencies can I have money in in my account?,fiat_currency_support
train-04577,Please provide me a list of ATMs that accept my card.,atm_support
train-05720,Give me a refund now!! I am still waiting.,Refund_not_showing_up
train-05346,"Hi, I lost my phone yesterday, what can I do to stop someone using my account on it?",lost_or_stolen_phone
train-07854,How do i request more physical cards?,getting_spare_card
train-01935,What if my top up doesn't go through?,pending_top_up
train-00776,Why do I still have a pending cash withdrawal?,pending_cash_withdrawal
train-06444,Why does my statement show various transaction times?,transaction_charged_twice
train-01623,Do you have a children account available?,age_limit
train-04043,I didn't get a PIN yet. What gives?,get_physical_card
train-08707,"I just transferred some money into my account and do not see it updated yet, can you assist?",balance_not_updated_after_bank_transfer
train-02118,"I don't think the transaction has gone through, so can I cancel a transfer?",cancel_transfer
train-01464,Whats types of currency can I exchange?,exchange_via_app
train-01412,How do I exchange AUD for GBP?,exchange_via_app
train-09257,"I need to activate my card, how is that done?",activate_my_card
train-03806,Is it really necessary to verify my Identity?,why_verify_identity
train-05317,What do I do if I lost my phone?,lost_or_stolen_phone
train-02849,I just did a money transaction but its not showing they received it,transfer_not_received_by_recipient
train-06872,The money is still in my account even though I already paid -- I don't understand what happened.,reverted_card_payment?
train-01338,My card doesn't work when I use it.,card_not_working
train-01600,I am 16 and just started working at McDonalds can I deposit my checks at your bank?,age_limit
train-01863,Is there a charge for transfers?,top_up_by_bank_transfer_charge
train-02915,what currencies can i use to add money to my account,supported_cards_and_currencies
train-07949,How do I use a cheque to top up?,top_up_by_cash_or_cheque
train-02354,The ATM didn't give me the full requested amount,wrong_amount_of_cash_received
train-06400,I see a duplicate payment.,transaction_charged_twice
train-01814,I am having problems with my contactless.,contactless_not_working
train-08924,I have a cash withdrawal in my statement. Why is that?,cash_withdrawal_not_recognised
train-05949,When I tried to pay in a store my card din't work,declined_card_payment
train-05198,Why didn't my payment process,pending_card_payment
train-09836,Explain how to verify my identity?,verify_my_identity
train-04538,My wallet was stolen and all my credit cards were in there.  HELP?!!?,compromised_card
train-09525,Does it cost much or take long to get a new card? Mine is about to expire.,card_about_to_expire
train-09073,Does it cost money to top up?,top_up_by_card_charge
train-07893,I'd like to get another card,getting_spare_card
train-00724,My statement is showing an extra £1 charge and I am unsure why. Is there an explanation for this?,extra_charge_on_statement
train-06805,I think a card payment I made was cancelled.,reverted_card_payment?
train-05665,"My transfers keep on getting declined. My card was working fine up until now, however it has suddenly stopped working. Why is this?",declined_transfer
train-05679,Why is my refund not showing up on the statement?,Refund_not_showing_up
train-09727,Am I able to do top-ups with Google Pay?,apple_pay_or_google_pay
train-02422,I tried to withdraw 40 pounds but only 20 came out. Did you steal my money?,wrong_amount_of_cash_received
train-01315,There is something wrong with my card. Tried to use it a few times today in different places and it just didn't work. The transactions I tried to make were really small so not sure what's going on,card_not_working
train-07944,How do I top up with cash?,top_up_by_cash_or_cheque
train-06876,I believe my card payment has reverted,reverted_card_payment?
train-05439,How do I reverse a transaction on my account?,request_refund
train-04414,I am required to make several disposable cards every day.,disposable_card_limits
train-08449,How do I receive a disposable virtual card?,get_disposable_virtual_card
train-05531,"Hello, i'd like to inform you of an issue i'm currently experiencing. The goods i have ordered from your website have still not arrived yet; it has been over 3 weeks. I would like to be issued a refund swiftly and be redirected to more competent people. Thank you for your assistance.",request_refund
train-03083,I haven't received my virtual card.,getting_virtual_card
train-02093,"Please cancel my most recent transfer, it was a mistake. This is an emergency. It needs to be canceled before it goes through.",cancel_transfer
train-03253,I have a canceled top-up and wanted to know about it.,top_up_reverted
train-08400,Please send me a disposable virtual card.,get_disposable_virtual_card
train-08454,How do I know if i need a disposable card?,get_disposable_virtual_card
train-03759,I got a new address and need to change my information.,edit_personal_details
train-09791,What proof of identification is needed?,verify_my_identity
train-02805,I sent money to my family last Friday but they don't have it.,transfer_not_received_by_recipient
train-05815,"I'm supposed to be getting a refund but it hasn't shown up, now what?",Refund_not_showing_up
train-05049,ATM apparently not working?  Couldn't access funds in my account?,declined_cash_withdrawal
train-05171,Why is my card payment still listed as pending?,pending_card_payment
train-04681,There is a direct debit fee in the App that I didn't do.,direct_debit_payment_not_recognised
train-06085,I am still waiting for a money transfer to appear.,pending_transfer
train-07279,"So, I see a strange fee that I've never seen before after making an online purchase from abroad. I was under the impression transfers could be made for free. I don't think this seems fair.",transfer_fee_charged
train-07127,Why couldn't I transfer to a beneficiairy?,beneficiary_not_allowed
train-00898,"What currencies can I not hold many in, if so what are they?",fiat_currency_support
train-03713,How do I change my address ?,edit_personal_details
train-05504,Can you please help me in canceling my order.,request_refund
train-05293,I think my phone was stolen. What can I do?,lost_or_stolen_phone
train-03967,Why is my identity verification process not working?,unable_to_verify_identity
train-02820,How long will it take to receive my money from my transfer transaction?,transfer_not_received_by_recipient
train-05974,Why have you declined my card payment?,declined_card_payment
train-01298,My card doesn't seem to work anymore,card_not_working
train-04994,The ATM keeps rejecting my Payment. I tried two different ATMs but did not work .Can you please check if everything is okay with my account?,declined_cash_withdrawal
train-03266,Reasons for top up cancellation.,top_up_reverted
train-07242,What is the reason for the fee charge on my transfer?,transfer_fee_charged
train-05859,Why was my card declined in a shop?,declined_card_payment
train-02779,I completed I transfer the day before yesterday in this country. The transfer still is not complete. I've checked on the account number multiple times to make sure that it is the right one. Can you check to see what's going on with this?,transfer_not_received_by_recipient
train-09935,Can I get a card if I don't reside in the UK?,country_support
train-09086,Are their fee's for top ups?,top_up_by_card_charge
train-05748,"I have received my statement but I do not see my refund, why is that?",Refund_not_showing_up
train-05387,Can I cancel an order if I haven't received the item yet? And how can I get my money back? Please help. Thanks.,request_refund
train-00066,Will I have to wait much longer for my new card to arrive?,card_arrival
train-00072,How can I see the progress of delivery of the card that was sent?,card_arrival
train-07091,My beneficiary is unable to transact,beneficiary_not_allowed
train-08768,The funds I transferred are not in my account,balance_not_updated_after_bank_transfer
train-05363,How can I stop someone from using my card after I lost it yesterday.,lost_or_stolen_phone
train-02528,I noticed a new fee on my account. I didn't know there were fees for these payments. What is the policy?,card_payment_fee_charged
train-00268,How do I link the new card that I just got from you guys?,card_linking
train-01784,Why is my contactless not working?,contactless_not_working
train-03060,When will I get a virtual card? I haven't gotten one yet,getting_virtual_card
train-09347,I withdrew cash and was charged,cash_withdrawal_charge
train-03116,"
Where can I use my card?",card_acceptance
train-01846,Can I use SWIFT transfers?,top_up_by_bank_transfer_charge
train-09702,Top up is not working even though I have my AMEX in apple pay.,apple_pay_or_google_pay
train-03408,"I deposited cash into my account a week ago and it is still not available, please tell me why? I need the cash back now.",balance_not_updated_after_cheque_or_cash_deposit
train-04778,There was a direct debit I don't recognize.,direct_debit_payment_not_recognised
train-04600,Is there a list of ATMs that take this card?,atm_support
train-09471,Why did I get charged for withdrawing cash?,cash_withdrawal_charge
train-09559,Can I order a new card to China?,card_about_to_expire
train-00738,Why is my cash withdrawal still showing as pending?,pending_cash_withdrawal
train-03275,What happened to the money that I deposited?,top_up_reverted
train-09520,"Need a new card, mine is expiring.",card_about_to_expire
train-08391,how do I get a disposable virtual card?,get_disposable_virtual_card
train-07895,Will there be a charge for sending out more cards?,getting_spare_card
train-02134,How do I cancel a transfer?,cancel_transfer
train-05871,I'm sure I have enough money so why didn't the store accept my card?,declined_card_payment
train-08063,Where do you need to live to receive card,order_physical_card
train-00136,Where is the tracking number for the card?,card_arrival
train-00237,"I'd lke my card reactivated, I was thinking it was misplaced but I discovered when I woke up that I had left it in my coat.",card_linking
train-09311,The activation process for my card isn't working.,activate_my_card
train-03847,can I use my card before identity verification?,why_verify_identity
train-00004,"How do I know if I will get my card, or if it is lost?",card_arrival
train-01886,"I want to top up my account by a bank transfer, but will I be charged?",top_up_by_bank_transfer_charge
train-08954,Is there any type of fee for currency exchange?,exchange_charge
train-01487,My card was stolen,lost_or_stolen_card
train-03039,"I need to make a purchase online, where is my virtual card?",getting_virtual_card
train-02791,"Hello, a few days ago I transferred my rent check to my landlord, however, he is saying that it has not gone though. On my end everything looks fine and I double checked the account number. Is there anything else that could be holding up the check?",transfer_not_received_by_recipient
train-02498,I did not receive all of my cash back,wrong_amount_of_cash_received
train-09625,Can I have a new card shipped to China?,card_about_to_expire
train-05306,my phone has been stolen by someone,lost_or_stolen_phone
train-06658,When can I expect the transfer to be complete?,transfer_timing
train-01355,What should I do if my physical card isn't working?,card_not_working
train-08007,Is it possible for me to top up with a cheque?,top_up_by_cash_or_cheque
train-07782,Tell me why I need top-up to be verified?,verify_top_up
train-02056,Problem with my top up going through,pending_top_up
train-05105,Why are my payments not working and show pending?,pending_card_payment
train-06860,"I'm not sure what is going on here. I've received payment back into my account  for an item I've already received, from about 2 weeks ago.",reverted_card_payment?
train-08317,I withdraw money abroad but I didn't get the right amount.,wrong_exchange_rate_for_cash_withdrawal
train-01471,My plans may change so I may need to change from GBP to AUD.,exchange_via_app
train-02978,"I want to top up by card, what do you support?",supported_cards_and_currencies
train-01752,My PIN was blocked.,pin_blocked
train-06931,Do I have to change my PIN at a bank?,change_pin
train-06496,where to i get my funds from?,verify_source_of_funds
train-07974,I'm trying to use a cheque to top up,top_up_by_cash_or_cheque
